Input,Target,Prediction
grant power god great,god grant great power,god grant great power
hill road people walk,people walk hill road,people walk hill road
house build brick people,people build brick house,people build brick house
stone cuts chisel brick,stone chisel cuts brick,stone chisel cuts brick
brick temple people build,people build brick temple,people build brick temple
mother youth guide life,mother guide youth life,mother guide youth life
youth life mother hold,mother hold youth life,mother hold youth life
city honor god people,people honor god city,people honor god city
give mother love father,father give mother love,father give mother love
slope climb rocky youth,youth climb rocky slope,youth climb rocky slope
feel strong man power,man feel strong power,man feel strong power
praise city people god,people praise god city,people praise god city
finds water animal belly,animal belly finds water,animal belly finds water
bring altar lotus woman,woman bring lotus altar,woman bring lotus altar
adze finds scribe stone,scribe finds stone adze,scribe finds stone adze
god life grant people,god grant people life,god grant people life
grant god soul peace,god grant soul peace,god grant soul peace
shore lake people cross,people cross lake shore,people cross lake shore
man feel strong heart,man feel strong heart,man feel strong heart
youth door bolt sees,youth sees door bolt,youth sees door bolt
guard riverbank town servant,servant guard riverbank town,servant guard riverbank town
horizon see woman lake,woman see lake horizon,woman see lake horizon
cross people town road,people cross town road,people cross town road
power god people give,god give people power,god give people power
servant temple guard throne,servant guard temple throne,servant guard temple throne
jar milk woman finds,woman finds milk jar,woman finds milk jar
servant throne seat guard,servant guard throne seat,servant guard throne seat
makes shelter father reed,father makes reed shelter,father makes reed shelter
becomes strong gate temple,temple gate becomes strong,temple gate becomes strong
loaf man bring bread,man bring bread loaf,man bring bread loaf
sweet bread servant bring,servant bring sweet bread,servant bring sweet bread
people road walk mountain,people walk mountain road,people walk mountain road
speak hears youth god,youth hears god speak,youth hears god speak
carry vessel woman water,woman carry vessel water,woman carry vessel water
guard town city servant,servant guard city town,servant guard city town
guide father youth road,father guide youth road,father guide youth road
house guard temple servant,servant guard house temple,servant guard house temple
servant man seated seat,servant seat seated man,servant seat seated man
see bird man head,man see head bird,man see head bird
people hill cross desert,people cross desert hill,people cross desert hill
sees desert hare man,man sees desert hare,man sees desert hare
great hears man god,man hears great god,man hears great god
owl chick sees quail,owl sees quail chick,owl sees quail chick
servant milk bring offering,servant bring milk offering,servant bring milk offering
storm fear man sky,man fear storm sky,man fear storm sky
ba finds soul life,soul ba finds life,soul ba finds life
field bless god grain,god bless grain field,god bless grain field
carry man stone vessel,man carry stone vessel,man carry stone vessel
wind hear woman desert,woman hear desert wind,woman hear desert wind
guide heart mother youth,mother guide youth heart,mother guide youth heart
authority king hears scribe,scribe hears king authority,scribe hears king authority
basket handle gives king,king gives basket handle,king gives basket handle
hill god watch sky,god watch hill sky,god watch hill sky
woman sweet offering makes,woman makes sweet offering,woman makes sweet offering
heart god sees beautiful,god sees beautiful heart,god sees beautiful heart
god power give strong,god give strong power,god give strong power
servant sees mountain great,servant sees great mountain,servant sees great mountain
desert sees hare hill,desert hare sees hill,desert hare sees hill
climb youth stone mountain,youth climb mountain stone,youth climb stone mountain
town watch god desert,god watch desert town,god watch desert town
lake protect town god,god protect lake town,god protect lake town
people soul grant god,god grant soul people,god grant soul people
man see hill cobra,man see cobra hill,man see cobra hill
vessel carry rope man,man carry rope vessel,man carry rope vessel
riverbank guard gate servant,servant guard riverbank gate,servant guard riverbank gate
door youth bolt sees,youth sees door bolt,youth sees door bolt
servant mat reed clean,servant clean reed mat,servant clean reed mat
love heart mother youth,mother love youth heart,mother love youth heart
ripple man lake drink,man drink lake ripple,man drink lake ripple
build city people town,people build city town,people build city town
scribe finds stone chisel,scribe finds stone chisel,scribe finds stone chisel
king seat throne servant,servant seat throne king,servant seat throne king
youth father peace teach,father teach youth peace,father teach youth peace
old hears youth man,youth hears old man,youth hears old man
sky city god protect,god protect sky city,god protect sky city
hill god desert watch,god watch desert hill,god watch desert hill
sickle plant man cuts,man cuts plant sickle,man cuts plant sickle
youth rocky hill climb,youth climb rocky hill,youth climb rocky hill
seek life strong youth,youth seek strong life,youth seek strong life
sees king horizon beautiful,king sees beautiful horizon,king sees beautiful horizon
plows man field strong,strong man plows field,strong man plows field
king sees throne seat,king sees seat throne,king sees seat throne
god praise people temple,people praise temple god,people praise god temple
great man stone finds,man finds great stone,man finds great stone
father loves mother beautiful,father loves beautiful mother,father loves beautiful mother
finds ring stone youth,youth finds stone ring,youth finds stone ring
sweet servant bread bring,servant bring sweet bread,servant bring sweet bread
guard riverbank gate servant,servant guard riverbank gate,servant guard riverbank gate
man carry rope tethering,man carry tethering rope,man carry tethering rope
cross people river lake,people cross lake river,people cross lake river
sees servant great temple,servant sees great temple,servant sees great temple
woman ka life see,woman see ka life,woman see ka life
bring sweet bread servant,servant bring sweet bread,servant bring sweet bread
youth give mother strength,mother give youth strength,mother give youth strength
rule god seat throne,god rule throne seat,god rule throne seat
backbone gives great power,backbone gives great power,backbone gives great power
woman altar lotus bring,woman bring lotus altar,woman bring lotus altar
cobra hill see man,man see cobra hill,man see cobra hill
hill youth sees desert,youth sees desert hill,youth sees desert hill
book makes beautiful scribe,scribe makes beautiful book,scribe makes beautiful book
servant vessel fill water,servant fill water vessel,servant fill vessel water
feel youth strong soul,youth feel strong soul,youth feel strong soul
life people watch god,god watch people life,god watch people life
king seated servant guard,servant guard seated king,servant guard seated king
lift man stone brick,man lift brick stone,man lift stone brick
people hill cross slope,people cross hill slope,people cross hill slope
walk people road hill,people walk hill road,people walk hill road
carry jar grain man,man carry grain jar,man carry grain jar
heart fear finds great,heart finds great fear,heart finds great fear
cobra belly finds animal,cobra finds animal belly,cobra finds animal belly
river lake people cross,people cross lake river,people cross lake river
sees city king town,king sees city town,king sees city town
sky god rule earth,god rule sky earth,god rule sky earth
great servant sees temple,servant sees great temple,servant sees great temple
feel strong man spirit,man feel strong spirit,man feel strong spirit
find great people thing,people find great thing,people find great thing
rule god star sky,god rule sky star,god rule sky star
makes shelter servant reed,servant makes reed shelter,servant makes reed shelter
youth strong heart feel,youth feel strong heart,youth feel strong heart
adze finds scribe stone,scribe finds stone adze,scribe finds stone adze
cross road desert people,people cross desert road,people cross desert road
walk road mountain man,man walk mountain road,man walk mountain road
feather maat see woman,woman see feather maat,woman see feather maat
makes twisted scribe flax,scribe makes twisted flax,scribe makes twisted flax
offering servant temple bring,servant bring offering temple,servant bring offering temple
temple town people build,people build town temple,people build town temple
desert follow road man,man follow desert road,man follow desert road
king people sedge sees,sedge king sees people,sedge king sees people
mouth truth speaks sweet,mouth speaks sweet truth,mouth speaks sweet truth
bread gives offering servant,servant gives bread offering,servant gives bread offering
ka people honor spirit,people honor ka spirit,people honor ka spirit
protect town lake god,god protect lake town,god protect lake town
protect town mountain god,god protect mountain town,god protect mountain town
people lotus altar gather,people gather lotus altar,people gather lotus altar
throne makes king stone,king makes stone throne,king makes stone throne
temple people gate open,people open temple gate,people open temple gate
gives great master power,master gives great power,master gives great power
vessel gives stone man,man gives stone vessel,man gives stone vessel
man brick lift backbone,man lift brick backbone,man lift brick backbone
man field grain cut,man cut grain field,man cut grain field
carry water man vessel,man carry vessel water,man carry vessel water
sees plant lotus youth,youth sees lotus plant,youth sees lotus plant
road woman riverbank sees,woman sees riverbank road,woman sees riverbank road
mother give father love,father give mother love,father give mother love
great soul altar finds,soul finds great altar,soul finds great altar
twisted flax carry woman,woman carry twisted flax,woman carry twisted flax
truth beautiful speaks mouth,mouth speaks beautiful truth,mouth speaks beautiful truth
voice hear god servant,god hear servant voice,god hear servant voice
life people grant god,god grant people life,god grant people life
reed youth sees shelter,youth sees reed shelter,youth sees reed shelter
temple open servant gate,servant open temple gate,servant open temple gate
reed servant shelter open,servant open reed shelter,servant open reed shelter
god life bless soul,god bless soul life,god bless soul life
tethering carry rope man,man carry tethering rope,man carry tethering rope
desert see snake man,man see snake desert,man see snake desert
opens gate king great,king opens great gate,king opens great gate
beautiful horizon god sees,god sees beautiful horizon,god sees beautiful horizon
gives mother loaf conical,mother gives conical loaf,mother gives conical loaf
flax follow man twisted,man follow twisted flax,man follow twisted flax
stability god gives djed,god gives stability djed,god gives stability djed
speak hears scribe master,scribe hears master speak,master hears scribe speak
man youth hears old,youth hears old man,youth hears old man
see owl woman night,woman see owl night,woman see owl night
cuts club brick strong,strong club cuts brick,strong club cuts brick
reed field woman plant,woman plant reed field,woman plant reed field
god heart hear people,god hear heart people,god hear heart people
fear man feel heart,man feel heart fear,man feel heart fear
altar peace bring man,man bring peace altar,man bring peace altar
bring reed leaf servant,servant bring reed leaf,servant bring reed leaf
woman loaf sweet eats,woman eats sweet loaf,woman eats sweet loaf
bring man loaf bread,man bring bread loaf,man bring bread loaf
guide soul father youth,father guide youth soul,father guide youth soul
sees town city king,king sees city town,king sees city town
finds senet youth board,youth finds senet board,youth finds senet board
west river god watch,god watch river west,god watch river west
basket handle man makes,man makes basket handle,man makes basket handle
guard river servant gate,servant guard river gate,servant guard river gate
rule god star sky,god rule star sky,god rule sky star
bring temple servant offering,servant bring offering temple,servant bring offering temple
temple gate servant guard,servant guard temple gate,servant guard temple gate
horizon lake woman see,woman see lake horizon,woman see lake horizon
scroll see woman papyrus,woman see papyrus scroll,woman see papyrus scroll
man sky owl see,man see owl sky,man see owl sky
grain bring pellet servant,servant bring grain pellet,servant bring grain pellet
fill jar water servant,servant fill jar water,servant fill jar water
sweet peace woman feel,woman feel sweet peace,woman feel sweet peace
people city open door,people open city door,people open city door
soul hear god people,god hear people soul,god hear soul people
becomes man king great,man becomes great king,man becomes great king
gate strong becomes temple,temple gate becomes strong,temple gate becomes strong
king seat sees throne,king sees seat throne,king sees throne seat
riverbank cross people hill,people cross riverbank hill,people cross riverbank hill
youth mother love guide,mother guide youth love,mother guide youth love
father youth life hold,father hold youth life,father hold youth life
old cuts plant man,old man cuts plant,old man cuts plant
djed gives stability god,god gives stability djed,god gives stability djed
woman hold heart child,woman hold child heart,woman hold child heart
river becomes ripple water,water ripple becomes river,water ripple becomes river
scarab becomes god great,scarab becomes great god,scarab becomes great god
stone brick finds man,man finds stone brick,man finds stone brick
king servant guard seated,servant guard seated king,servant guard seated king
man offering bring sweet,man bring sweet offering,man bring sweet offering
above emerges desert snake,snake emerges above desert,snake emerges above desert
reed servant shelter clean,servant clean reed shelter,servant clean reed shelter
leaf reed finds hand,hand finds reed leaf,hand finds reed leaf
flax makes twisted scribe,scribe makes twisted flax,scribe makes twisted flax
woman lake sky see,woman see lake sky,woman see lake sky
carry leaf reed woman,woman carry reed leaf,woman carry reed leaf
mighty people storm fear,people fear mighty storm,people fear mighty storm
horizon great god makes,god makes great horizon,god makes great horizon
road people walk mountain,people walk mountain road,people walk mountain road
sees youth desert hare,youth sees desert hare,youth sees desert hare
finds bolt door youth,youth finds door bolt,youth finds door bolt
temple stone build people,people build stone temple,people build stone temple
mouth finds grain pellet,mouth finds grain pellet,mouth finds grain pellet
west swallow see woman,woman see swallow west,woman see swallow west
open people river gate,people open river gate,people open river gate
god rule sky throne,god rule throne sky,god rule throne sky
sees face woman beautiful,woman sees beautiful face,woman sees beautiful face
finds pellet grain mouth,mouth finds grain pellet,mouth finds grain pellet
bolt finds youth door,youth finds door bolt,youth finds door bolt
gives throne king great,king gives great throne,king gives great throne
man strong field plows,strong man plows field,strong man plows field
slope hill cross people,people cross hill slope,people cross hill slope
peace love people sweet,people love sweet peace,people love sweet peace
gate river servant open,servant open river gate,servant open river gate
servant pillar temple guard,servant guard temple pillar,servant guard temple pillar
bring vessel man milk,man bring milk vessel,man bring milk vessel
river drink man ripple,man drink river ripple,man drink river ripple
heart strength feel man,man feel heart strength,man feel heart strength
temple offering servant bring,servant bring offering temple,servant bring offering temple
walk people desert path,people walk desert path,people walk desert path
great fire becomes thing,fire becomes great thing,fire becomes great thing
man scarab become see,man see scarab become,man see scarab become
road riverbank walk people,people walk riverbank road,people walk riverbank road
people build town city,people build city town,people build city town
horizon see woman star,woman see star horizon,woman see star horizon
mother give heart sweet,mother give sweet heart,mother give sweet heart
people road desert cross,people cross desert road,people cross desert road
rocky hill youth climb,youth climb rocky hill,youth climb rocky hill
youth teach love father,father teach youth love,father teach youth love
carry papyrus woman scroll,woman carry papyrus scroll,woman carry papyrus scroll
finds brick stone man,man finds stone brick,man finds stone brick
life love sweet youth,youth love sweet life,youth love sweet life
man see mountain horizon,man see mountain horizon,man see mountain horizon
god people grant peace,god grant people peace,god grant people peace
makes scroll book scribe,scribe makes scroll book,scribe makes scroll book
people build pillar temple,people build temple pillar,people build temple pillar
god bless temple throne,god bless throne temple,god bless temple throne
city town people build,people build city town,people build city town
see stone snake man,man see snake stone,man see snake stone
woman water vessel carry,woman carry vessel water,woman carry vessel water
city god sky protect,god protect sky city,god protect sky city
basket servant bring lord,servant bring basket lord,servant bring basket lord
strength father hold youth,father hold youth strength,father hold youth strength
man star owl see,man see owl star,man see owl star
sky god people protect,god protect sky people,god protect sky people
god great people honor,people honor great god,people honor great god
ankh grant god life,god grant life ankh,god grant life ankh
ba soul people honor,people honor soul ba,people honor soul ba
shelter sees reed king,king sees reed shelter,king sees reed shelter
youth soul feel strong,youth feel strong soul,youth feel strong soul
mother youth soul hold,mother hold youth soul,mother hold youth soul
king makes stone throne,king makes stone throne,king makes stone throne
strong feel heart youth,youth feel strong heart,youth feel strong heart
man storm see river,man see storm river,man see storm river
loves woman man seated,woman loves seated man,man loves seated woman
flax twisted makes servant,servant makes twisted flax,servant makes twisted flax
bless seated king god,god bless seated king,god bless seated king
god mountain watch horizon,god watch mountain horizon,god watch mountain horizon
servant lake gate guard,servant guard lake gate,servant guard lake gate
hear people god soul,god hear people soul,god hear soul people
walk road west people,people walk west road,people walk west road
ba star sees soul,soul ba sees star,soul ba sees star
serve servant seated king,servant serve seated king,servant serve seated king
west see swallow woman,woman see swallow west,woman see swallow west
great sees god face,face sees great god,face sees great god
west man road sees,man sees road west,man sees road west
river people cross west,people cross west river,people cross river west
club brick strong cuts,strong club cuts brick,strong club cuts brick
man mighty fire hears,man hears mighty fire,man hears mighty fire
adze stone youth finds,youth finds stone adze,youth finds stone adze
woman carry jar milk,woman carry jar milk,woman carry milk jar
town house build people,people build house town,people build house town
gate house servant opens,servant opens house gate,servant opens house gate
rope servant bring coil,servant bring rope coil,servant bring rope coil
mother face youth hold,mother hold youth face,mother hold youth face
god hears fear great,god hears great fear,god hears great fear
horizon sees man star,man sees horizon star,man sees horizon star
sweet mouth speaks truth,mouth speaks sweet truth,mouth speaks sweet truth
soul youth mother guide,mother guide youth soul,mother guide youth soul
see swallow river woman,woman see swallow river,woman see swallow river
father hear storm wind,father hear wind storm,father hear wind storm
makes great temple king,king makes great temple,king makes great temple
open door people city,people open city door,people open city door
child woman heart hold,woman hold child heart,woman hold child heart
scribe makes stone brick,scribe makes stone brick,scribe makes stone brick
beautiful sees lake woman,woman sees beautiful lake,woman sees beautiful lake
people fear great snake,people fear great snake,people fear great snake
open door people city,people open city door,people open city door
clean stool servant stone,servant clean stone stool,servant clean stone stool
youth power hold mother,mother hold youth power,mother hold youth power
temple god bless throne,god bless throne temple,god bless temple throne
old man speaks truth,old man speaks truth,old man speaks truth
give mother youth soul,mother give youth soul,mother give youth soul
speak hears servant king,servant hears king speak,servant hears king speak
feel youth sweet soul,youth feel sweet soul,youth feel sweet soul
cuts stone adze plant,stone adze cuts plant,stone adze cuts plant
riverbank sees road father,father sees riverbank road,father sees riverbank road
servant makes loaf bread,servant makes loaf bread,servant makes loaf bread
lake see god horizon,god see lake horizon,god see lake horizon
god rule throne seat,god rule throne seat,god rule throne seat
bolt sees door youth,youth sees door bolt,youth sees door bolt
people grant life god,god grant people life,god grant people life
king hill desert sees,king sees desert hill,king sees desert hill
man sky see owl,man see owl sky,man see owl sky
sees quail chick owl,owl sees quail chick,owl sees quail chick
great finds peace heart,heart finds great peace,heart finds great peace
build temple city people,people build city temple,people build city temple
youth life give mother,mother give youth life,mother give youth life
people protect mountain god,god protect mountain people,god protect mountain people
jar woman fill water,woman fill water jar,woman fill jar water
basket carry woman grain,woman carry basket grain,woman carry basket grain
mountain walk people horizon,people walk mountain horizon,people walk mountain horizon
peace give mother youth,mother give youth peace,mother give youth peace
god father gives seated,father gives seated god,father gives seated god
city sees father great,father sees great city,father sees great city
man horizon see owl,man see owl horizon,man see owl horizon
sickle grain lift man,man lift sickle grain,man lift sickle grain
man feel heart strong,man feel strong heart,man feel strong heart
hill bird above emerges,bird emerges above hill,bird emerges above hill
youth heart give mother,mother give youth heart,mother give youth heart
people river cross west,people cross river west,people cross river west
riverbank people see god,god see riverbank people,god see riverbank people
sack grain lift man,man lift grain sack,man lift grain sack
gives ripple water hand,hand gives water ripple,hand gives water ripple
fire storm mighty becomes,mighty storm becomes fire,mighty storm becomes fire
protect gate temple god,god protect temple gate,god protect temple gate
honor people god seated,people honor seated god,people honor seated god
clean servant stone stool,servant clean stone stool,servant clean stone stool
horizon west woman see,woman see west horizon,woman see owl horizon
loaf man bring bread,man bring bread loaf,man bring bread loaf
carry milk woman vessel,woman carry milk vessel,woman carry milk vessel
storm wind hear woman,woman hear wind storm,woman hear wind storm
gate temple strong becomes,temple gate becomes strong,temple gate becomes strong
stone people temple build,people build stone temple,people build stone temple
youth guide mother love,mother guide youth love,mother guide youth love
power youth hold father,father hold youth power,father hold youth power
god hear heart people,god hear heart people,god hear heart people
woman feel life heart,woman feel heart life,woman feel heart life
old speaks truth man,old man speaks truth,old man speaks truth
rope river people cross,people cross rope river,people cross rope river
life sweet give mother,mother give sweet life,mother give sweet life
west walk riverbank people,people walk west riverbank,people walk riverbank west
people peace sweet seek,people seek sweet peace,people seek sweet peace
grain plant woman field,woman plant grain field,woman plant grain field
scroll carry woman papyrus,woman carry papyrus scroll,woman carry papyrus scroll
servant grain jar bring,servant bring grain jar,servant bring grain jar
god star watch sky,god watch star sky,god watch star sky
woman heart life hold,woman hold heart life,woman hold heart life
speak master scribe hears,master hears scribe speak,master hears scribe speak
sky hear woman swallow,woman hear swallow sky,woman hear swallow sky
soul god life grant,god grant soul life,god grant soul life
guard city town servant,servant guard city town,servant guard city town
sky owl man see,man see owl sky,man see owl sky
lake ripple man drink,man drink lake ripple,man drink lake ripple
road woman river walk,woman walk river road,woman walk river road
seat seated woman servant,servant seat seated woman,servant seat seated woman
king servant serve seated,servant serve seated king,servant serve seated king
horizon see lake woman,woman see lake horizon,woman see lake horizon
walk people road riverbank,people walk riverbank road,people walk riverbank road
father youth guide soul,father guide youth soul,father guide youth soul
god gives life soul,god gives life soul,god gives life soul
scribe stone brick makes,scribe makes stone brick,scribe makes stone brick
hear owl woman night,woman hear night owl,woman hear owl night
milk bring jar man,man bring milk jar,man bring milk jar
teach road youth father,father teach youth road,father teach youth road
give soul mother life,mother give soul life,mother give soul life
water ripple servant bring,servant bring water ripple,servant bring water ripple
lift brick man stone,man lift brick stone,man lift stone brick
desert mountain man see,man see desert mountain,man see desert mountain
becomes great peace heart,heart becomes great peace,heart becomes great peace
backbone man brick lift,man lift brick backbone,man lift backbone brick
servant makes flax twisted,servant makes twisted flax,servant makes twisted flax
grain pellet bring servant,servant bring grain pellet,servant bring grain pellet
finds heart sweet life,heart finds sweet life,heart finds sweet life
beautiful people god loves,god loves beautiful people,god loves beautiful people
gather papyrus scroll people,people gather papyrus scroll,people gather papyrus scroll
guard temple house servant,servant guard house temple,servant guard house temple
road mountain climb youth,youth climb mountain road,youth climb mountain road
shelter servant reed clean,servant clean reed shelter,servant clean reed shelter
seated god king bless,god bless seated king,god bless seated king
hold mother youth life,mother hold youth life,mother hold youth life
cloth folded makes mother,mother makes folded cloth,mother makes folded cloth
hold power mother youth,mother hold youth power,mother hold youth power
soul great god becomes,soul becomes great god,soul becomes great god
life god great bless,god bless great life,god bless great life
house guard servant gate,servant guard house gate,servant guard house gate
reed youth shelter sees,youth sees reed shelter,youth sees reed shelter
storm woman hear horizon,woman hear storm horizon,woman hear storm horizon
bring man milk vessel,man bring milk vessel,man bring milk vessel
sees scribe three skins,scribe sees three skins,scribe sees three skins
ripple water river becomes,water ripple becomes river,water ripple becomes river
man see stone cobra,man see cobra stone,man see cobra stone
teach soul youth father,father teach youth soul,father teach youth soul
makes mother cloth folded,mother makes folded cloth,mother makes folded cloth
man mighty fire hears,man hears mighty fire,man hears mighty fire
man sees road mountain,man sees mountain road,man sees mountain road
gate open servant reed,servant open reed gate,servant open reed gate
heart strong youth feel,youth feel strong heart,youth feel strong heart
king speak servant hears,servant hears king speak,servant hears king speak
temple servant house clean,servant clean house temple,servant clean house temple
ankh god gives life,god gives life ankh,god gives life ankh
feel force man strong,man feel strong force,man feel strong force
see riverbank people god,god see riverbank people,god see riverbank people
strong seek power youth,youth seek strong power,youth seek strong power
youth slope desert climb,youth climb desert slope,youth climb desert slope
sees horizon king beautiful,king sees beautiful horizon,king sees beautiful horizon
hold father soul youth,father hold youth soul,father hold youth soul
sees god man old,old man sees god,old man sees god
desert man sees hare,man sees desert hare,man sees desert hare
cross town people bridge,people cross town bridge,people cross town bridge
peace servant offering bring,servant bring peace offering,servant bring peace offering
road mother youth guide,mother guide youth road,mother guide youth road
milk carry woman jar,woman carry jar milk,woman carry milk jar
scroll finds papyrus scribe,scribe finds papyrus scroll,scribe finds papyrus scroll
altar bring woman lotus,woman bring lotus altar,woman bring lotus altar
woman plant field papyrus,woman plant papyrus field,woman plant papyrus field
desert follow man road,man follow desert road,man follow desert road
speaks man truth great,man speaks great truth,man speaks great truth
gives life soul god,god gives life soul,god gives life soul
seated king servant serve,servant serve seated king,servant serve seated king
guide youth mother life,mother guide youth life,mother guide youth life
old king hears man,old man hears king,old man hears king
people hill cross road,people cross hill road,people cross hill road
man finds door bolt,man finds door bolt,man finds door bolt
eats chick snake quail,snake eats quail chick,snake eats quail chick
flax man twisted follow,man follow twisted flax,man follow twisted flax
feel strength fire man,man feel fire strength,man feel fire strength
finds horizon star king,king finds horizon star,king finds horizon star
youth climb hill great,youth climb great hill,youth climb great hill
bring basket servant grain,servant bring grain basket,servant bring grain basket
stone scribe finds vessel,scribe finds stone vessel,scribe finds stone vessel
door finds scribe bolt,scribe finds door bolt,scribe finds door bolt
protect lake god town,god protect lake town,god protect lake town
plant field papyrus woman,woman plant papyrus field,woman plant papyrus field
honor maat people feather,people honor maat feather,people honor maat feather
god truth loves heart,god loves heart truth,god loves heart truth
house great makes king,king makes great house,king makes great house
beautiful sees scribe writing,scribe sees beautiful writing,scribe sees beautiful writing
animal sees belly man,man sees animal belly,man sees animal belly
big ripple becomes water,water ripple becomes big,water ripple becomes big
god town horizon watch,god watch horizon town,god watch town horizon
hears master storm mighty,master hears mighty storm,master hears mighty storm
people praise god temple,people praise god temple,people praise god temple
open bolt city servant,servant open city bolt,servant open city bolt
gives god heart life,god gives life heart,god gives life heart
man mountain horizon see,man see mountain horizon,man see mountain horizon
gives milk youth jar,youth gives milk jar,youth gives milk jar
guard pillar temple servant,servant guard temple pillar,servant guard temple pillar
mother father hear voice,father hear mother voice,father hear mother voice
god great becomes soul,soul becomes great god,soul becomes great god
watch gate temple god,god watch temple gate,god watch temple gate
milk offering servant bring,servant bring milk offering,servant bring milk offering
god rule seat throne,god rule throne seat,god rule throne seat
god sky city protect,god protect sky city,god protect sky city
stability djed god gives,god gives stability djed,god gives stability djed
father youth teach love,father teach youth love,father teach youth love
mountain finds youth great,youth finds great mountain,youth finds great mountain
mother spirit hold youth,mother hold youth spirit,mother hold youth spirit
field plows hill servant,servant plows hill field,servant plows hill field
great god gives life,god gives great life,god gives great life
people protect god river,god protect river people,god protect river people
heart loves beautiful life,heart loves beautiful life,heart loves beautiful life
man see cobra stone,man see cobra stone,man see cobra stone
carry jar water woman,woman carry jar water,woman carry water jar
carry grain vessel woman,woman carry vessel grain,woman carry vessel grain
night hear owl woman,woman hear night owl,woman hear owl night
servant pillar guard temple,servant guard temple pillar,servant guard temple pillar
emerges horned viper hill,horned viper emerges hill,horned viper emerges hill
mountain path walk people,people walk mountain path,people walk mountain path
people lake cross river,people cross lake river,people cross lake river
beautiful truth loves heart,heart loves beautiful truth,heart loves beautiful truth
soul sees star ba,soul ba sees star,soul ba sees star
sees riverbank great scribe,scribe sees great riverbank,scribe sees great riverbank
peace father teach youth,father teach youth peace,father teach youth peace
reed father leaf makes,father makes reed leaf,father makes reed leaf
scribe flax twisted makes,scribe makes twisted flax,scribe makes twisted flax
god praise people power,people praise god power,people praise god power
carry servant brick stone,servant carry stone brick,servant carry stone brick
horizon god town watch,god watch horizon town,god watch horizon town
temple door servant guard,servant guard temple door,servant guard temple door
lake ripple drink man,man drink lake ripple,man drink lake ripple
voice servant hear god,god hear servant voice,god hear servant voice
bring flax servant twisted,servant bring twisted flax,servant bring twisted flax
king city sees beautiful,king sees beautiful city,king sees beautiful city
life feel youth heart,youth feel heart life,youth feel heart life
feel heart sweet woman,woman feel sweet heart,woman feel sweet heart
pillar god gives stability,god gives stability pillar,god gives stability pillar
woman river owl see,woman see owl river,woman see owl river
servant bread loaf makes,servant makes loaf bread,servant makes loaf bread
snake desert see man,man see snake desert,man see snake desert
beautiful youth mother sees,mother sees beautiful youth,mother sees beautiful youth
strong soul seek youth,youth seek strong soul,youth seek strong soul
man carry jar grain,man carry grain jar,man carry grain jar
west horizon walk people,people walk horizon west,people walk west horizon
youth give mother heart,mother give youth heart,mother give youth heart
servant riverbank gate guard,servant guard riverbank gate,servant guard riverbank gate
bread offering bring man,man bring bread offering,man bring bread offering
riverbank father road sees,father sees riverbank road,father sees riverbank road
people river gate open,people open river gate,people open river gate
god sees man heart,god sees man heart,god sees man heart
mouth beautiful truth speaks,mouth speaks beautiful truth,mouth speaks beautiful truth
temple people open gate,people open temple gate,people open temple gate
coil finds hand rope,hand finds coil rope,hand finds coil rope
great man stone finds,man finds great stone,man finds great stone
djed god gives stability,god gives stability djed,god gives stability djed
feel man strength fire,man feel fire strength,man feel fire strength
road town people cross,people cross town road,people cross town road
teach youth power father,father teach youth power,father teach youth power
power man feel heart,man feel heart power,man feel heart power
life heart sweet finds,heart finds sweet life,heart finds sweet life
lift stone man pillar,man lift stone pillar,man lift stone pillar
stability gives stone god,god gives stability stone,god gives stability stone
people house open gate,people open house gate,people open house gate
emerges snake hill slope,snake emerges hill slope,snake emerges hill slope
eats quail snake chick,snake eats quail chick,snake eats quail chick
give milk youth mother,mother give youth milk,mother give youth milk
people voice father hear,father hear people voice,father hear people voice
bring grain servant jar,servant bring grain jar,servant bring grain jar
sweet people life share,people share sweet life,people share sweet life
hill emerges bird above,bird emerges above hill,bird emerges above hill
see mountain man horizon,man see mountain horizon,man see mountain horizon
man horizon owl see,man see owl horizon,man see owl horizon
shelter reed servant open,servant open reed shelter,servant open reed shelter
people cross hill road,people cross hill road,people cross hill road
desert people road walk,people walk desert road,people walk desert road
seek strong youth power,youth seek strong power,youth seek strong power
mountain sky see woman,woman see mountain sky,woman see mountain sky
great god hears fear,god hears great fear,god hears great fear
father guide youth heart,father guide youth heart,father guide youth heart
god protect field town,god protect field town,god protect field town
servant field hoe plows,servant plows field hoe,servant plows field hoe
walk road people riverbank,people walk riverbank road,people walk riverbank road
fear storm mighty people,people fear mighty storm,people fear mighty storm
servant finds reed leaf,servant finds reed leaf,servant finds reed leaf
father peace hold youth,father hold youth peace,father hold youth peace
servant bolt open door,servant open door bolt,servant open door bolt
man god sees heart,god sees man heart,god sees man heart
god loves beautiful soul,god loves beautiful soul,god loves beautiful soul
man carry rope vessel,man carry rope vessel,man carry rope vessel
heart seek youth strong,youth seek strong heart,youth seek strong heart
master servant hears speak,servant hears master speak,servant hears master speak
honor people city god,people honor god city,people honor god city
stone man brick finds,man finds stone brick,man finds stone brick
lake watch horizon god,god watch lake horizon,god watch lake horizon
servant gate river open,servant open river gate,servant open river gate
servant shelter bring reed,servant bring reed shelter,servant bring reed shelter
see storm sky man,man see storm sky,man see storm sky
follow road man hill,man follow hill road,man follow hill road
heart hear god soul,god hear heart soul,god hear heart soul
plant finds lotus woman,woman finds lotus plant,woman finds lotus plant
king slope sees hill,king sees hill slope,king sees hill slope
climb youth rocky hill,youth climb rocky hill,youth climb rocky hill
road people desert walk,people walk desert road,people walk desert road
finds door bolt scribe,scribe finds door bolt,scribe finds door bolt
see desert man mountain,man see desert mountain,man see desert mountain
desert see mountain man,man see desert mountain,man see desert mountain
man feel spirit strong,man feel strong spirit,man feel strong spirit
mountain finds great youth,youth finds great mountain,youth finds great mountain
ripple water lake finds,water ripple finds lake,water ripple finds lake
seek peace youth sweet,youth seek sweet peace,youth seek sweet peace
jar open woman water,woman open jar water,woman open jar water
west woman see horizon,woman see west horizon,woman see west horizon
bring peace satisfy man,man bring peace satisfy,man bring peace satisfy
man swallow watch sky,man watch swallow sky,man watch swallow sky
god people praise seated,people praise seated god,people praise seated god
life seek youth strong,youth seek strong life,youth seek strong life
hears great fear god,god hears great fear,god hears great fear
basket carry handle woman,woman carry basket handle,woman carry basket handle
youth mother love hold,mother hold youth love,mother hold youth love
father heart prayer hear,father hear heart prayer,father hear heart prayer
river people rope cross,people cross river rope,people cross rope river
sky see star man,man see star sky,man see star sky
god bless plant lotus,god bless lotus plant,god bless lotus plant
god papyrus clump sees,god sees papyrus clump,god sees papyrus clump
honor people king seated,people honor seated king,people honor seated king
woman lotus field plant,woman plant lotus field,woman plant lotus field
servant milk fill jar,servant fill jar milk,servant fill jar milk
mountain youth road climb,youth climb mountain road,youth climb mountain road
servant jar milk fill,servant fill jar milk,servant fill jar milk
city build town people,people build city town,people build city town
people god praise temple,people praise temple god,people praise god temple
town city king sees,king sees city town,king sees city town
woman horizon hear storm,woman hear storm horizon,woman hear storm horizon
road walk field woman,woman walk field road,woman walk field road
drink water man ripple,man drink water ripple,man drink water ripple
cross town people bridge,people cross town bridge,people cross town bridge
finds heart life sweet,heart finds sweet life,heart finds sweet life
follow river man road,man follow river road,man follow river road
scroll papyrus scribe finds,scribe finds papyrus scroll,scribe finds papyrus scroll
offering peace bring woman,woman bring peace offering,woman bring peace offering
strong youth soul seek,youth seek strong soul,youth seek strong soul
hear night woman owl,woman hear night owl,woman hear owl night
god desert horizon see,god see desert horizon,god see desert horizon
woman basket finds handle,woman finds basket handle,woman finds basket handle
father youth guide heart,father guide youth heart,father guide youth heart
king gate great opens,king opens great gate,king opens great gate
teach youth power father,father teach youth power,father teach youth power
desert god watch town,god watch desert town,god watch desert town
strong youth life seek,youth seek strong life,youth seek strong life
woman beautiful lake sees,woman sees beautiful lake,woman sees beautiful lake
give sweet mother heart,mother give sweet heart,mother give sweet heart
watch horizon west god,god watch west horizon,god watch west horizon
hold youth power father,father hold youth power,father hold youth power
book makes scribe great,scribe makes great book,scribe makes great book
sweet love youth life,youth love sweet life,youth love sweet life
servant river open gate,servant open river gate,servant open river gate
west follow road man,man follow west road,man follow west road
cobra hill emerges behind,cobra emerges behind hill,cobra emerges behind hill
hold life woman heart,woman hold heart life,woman hold heart life
bread bring offering man,man bring bread offering,man bring bread offering
mother strength youth guide,mother guide youth strength,mother guide youth strength
god throne people praise,people praise god throne,people praise god throne
people city door open,people open city door,people open city door
sees desert youth snake,youth sees desert snake,youth sees desert snake
man road river follow,man follow river road,man follow river road
great people god praise,people praise great god,people praise great god
board youth senet finds,youth finds senet board,youth finds senet board
lotus field gather people,people gather lotus field,people gather lotus field
youth senet board finds,youth finds senet board,youth finds senet board
heart father voice hear,father hear heart voice,father hear heart voice
twisted man follow flax,man follow twisted flax,man follow twisted flax
bolt makes door hand,hand makes door bolt,hand makes door bolt
finds horizon star king,king finds horizon star,king finds horizon star
feel man strong heart,man feel strong heart,man feel strong heart
town god mountain protect,god protect mountain town,god protect mountain town
loves beautiful father youth,father loves beautiful youth,father loves beautiful youth
mother gives loaf conical,mother gives conical loaf,mother gives conical loaf
feather honor truth people,people honor feather truth,people honor feather truth
vessel servant fill milk,servant fill vessel milk,servant fill vessel milk
woman heart sweet feel,woman feel sweet heart,woman feel sweet heart
ripple bring servant water,servant bring water ripple,servant bring water ripple
temple house servant clean,servant clean house temple,servant clean house temple
milk man bring jar,man bring milk jar,man bring milk jar
mother youth hold hand,mother hold youth hand,mother hold youth hand
feel sweet woman heart,woman feel sweet heart,woman feel sweet heart
grain vessel carry man,man carry grain vessel,man carry grain vessel
loves father mother beautiful,father loves beautiful mother,father loves beautiful mother
folded cloth makes mother,mother makes folded cloth,mother makes folded cloth
carry woman vessel water,woman carry vessel water,woman carry vessel water
soul youth seek strong,youth seek strong soul,youth seek strong soul
bring bread offering man,man bring bread offering,man bring bread offering
love heart woman feel,woman feel love heart,woman feel love heart
ripple water finds lake,water ripple finds lake,water ripple finds lake
build town people city,people build city town,people build city town
stone chisel finds scribe,scribe finds stone chisel,scribe finds stone chisel
walk people road town,people walk town road,people walk town road
cuts strong brick club,strong club cuts brick,strong club cuts brick
servant grain bring jar,servant bring grain jar,servant bring grain jar
father youth life guide,father guide youth life,father guide youth life
youth heart give mother,mother give youth heart,mother give youth heart
house servant gate opens,servant opens house gate,servant opens house gate
see woman lake riverbank,woman see lake riverbank,woman see lake riverbank
servant guard town gate,servant guard town gate,servant guard town gate
servant seat throne guard,servant guard throne seat,servant guard throne seat
god bless town people,god bless people town,god bless people town
ankh life mother give,mother give life ankh,mother give life ankh
plows servant hoe field,servant plows field hoe,servant plows field hoe
woman star horizon see,woman see star horizon,woman see star horizon
ripple river hear woman,woman hear river ripple,woman hear river ripple
papyrus scribe scroll finds,scribe finds papyrus scroll,scribe finds papyrus scroll
man vessel carry water,man carry vessel water,man carry vessel water
strong becomes king god,strong king becomes god,strong king becomes god
scribe skins three sees,scribe sees three skins,scribe sees three skins
soul hear prayer god,god hear soul prayer,god hear soul prayer
chick snake quail finds,snake finds quail chick,snake finds quail chick
open city door people,people open city door,people open city door
great finds soul altar,soul finds great altar,soul finds great altar
god bless field grain,god bless field grain,god bless grain field
handle king basket gives,king gives basket handle,king gives basket handle
heart hear prayer god,god hear heart prayer,god hear heart prayer
king great gives throne,king gives great throne,king gives great throne
sickle plant man cuts,man cuts plant sickle,man cuts plant sickle
soul youth guide father,father guide youth soul,father guide youth soul
woman jar carry water,woman carry jar water,woman carry water jar
beautiful god people loves,god loves beautiful people,god loves beautiful people
god great hears man,man hears great god,man hears great god
fire strength feel man,man feel fire strength,man feel fire strength
man road follow west,man follow west road,man follow west road
stone makes king throne,king makes stone throne,king makes stone throne
sees man star horizon,man sees horizon star,man sees horizon star
servant reed open shelter,servant open reed shelter,servant open reed shelter
god sees truth heart,god sees heart truth,god sees heart truth
youth hare sees desert,youth sees desert hare,youth sees desert hare
see star sky man,man see star sky,man see star sky
god sky hill watch,god watch hill sky,god watch hill sky
heart feel strong woman,woman feel strong heart,woman feel strong heart
hand adze makes stone,hand makes stone adze,hand makes stone adze
swallow man watch sky,man watch swallow sky,man watch swallow sky
city guard throne servant,servant guard city throne,servant guard city throne
guard gate lake servant,servant guard lake gate,servant guard lake gate
god people beautiful loves,god loves beautiful people,god loves beautiful people
reed servant leaf bring,servant bring reed leaf,servant bring reed leaf
sweet milk mother give,mother give sweet milk,mother give sweet milk
mountain climb desert youth,youth climb desert mountain,youth climb desert mountain
storm sky hear father,father hear storm sky,father hear storm sky
board senet youth finds,youth finds senet board,youth finds senet board
snake stone see man,man see snake stone,man see snake stone
field reed plant woman,woman plant reed field,woman plant reed field
strength youth give mother,mother give youth strength,mother give youth strength
life youth guide mother,mother guide youth life,mother guide youth life
eats mouth pellet grain,mouth eats grain pellet,mouth eats grain pellet
honor feather maat people,people honor maat feather,people honor maat feather
see star sky woman,woman see sky star,woman see star sky
ripple water man drink,man drink water ripple,man drink water ripple
seat servant god seated,servant seat seated god,servant seat seated god
lotus gather people field,people gather lotus field,people gather lotus field
god city rule town,god rule city town,god rule city town
old cuts man plant,old man cuts plant,old man cuts plant
reed finds servant shelter,servant finds reed shelter,servant finds reed shelter
sky woman see star,woman see star sky,woman see star sky
snake man see cobra,man see cobra snake,man see cobra snake
door youth bolt sees,youth sees door bolt,youth sees door bolt
chisel stone scribe finds,scribe finds stone chisel,scribe finds stone chisel
beautiful horizon god sees,god sees beautiful horizon,god sees beautiful horizon
bolt door scribe finds,scribe finds door bolt,scribe finds door bolt
house servant clean temple,servant clean house temple,servant clean house temple
makes adze stone hand,hand makes stone adze,hand makes stone adze
protect west people god,god protect west people,god protect west people
makes father reed shelter,father makes reed shelter,father makes reed shelter
youth strength hold father,father hold youth strength,father hold youth strength
man horizon mountain see,man see mountain horizon,man see mountain horizon
river man ripple drink,man drink river ripple,man drink river ripple
finds horizon king star,king finds horizon star,king finds horizon star
feather truth mouth speaks,mouth speaks feather truth,mouth speaks feather truth
woman twisted flax carry,woman carry twisted flax,woman carry twisted flax
youth god speak hears,youth hears god speak,youth hears god speak
god life ankh gives,god gives life ankh,god gives life ankh
becomes ripple big water,water ripple becomes big,water ripple becomes big
servant water vessel fill,servant fill vessel water,servant fill vessel water
throne sees stone king,king sees stone throne,king sees stone throne
see swallow woman west,woman see swallow west,woman see swallow west
sees servant rack jars,servant sees jars rack,servant sees jars rack
old man mountain finds,old man finds mountain,old man finds mountain
god temple gate watch,god watch temple gate,god watch temple gate
king makes city great,king makes great city,king makes great city
scribe hears speak master,master hears scribe speak,scribe hears master speak
cuts adze plant stone,stone adze cuts plant,stone adze cuts plant
sky man star see,man see star sky,man see star sky
see mountain woman horizon,woman see mountain horizon,woman see mountain horizon
reed father leaf makes,father makes reed leaf,father makes reed leaf
people walk west riverbank,people walk west riverbank,people walk riverbank west
earth sky god rule,god rule sky earth,god rule sky earth
sees servant rack jars,servant sees jars rack,servant sees jars rack
carry grain jar man,man carry grain jar,man carry grain jar
sees scribe stone chisel,scribe sees stone chisel,scribe sees stone chisel
old man youth hears,youth hears old man,youth hears old man
life god ankh gives,god gives life ankh,god gives life ankh
desert see man hare,man see desert hare,man see desert hare
king fear people hears,king hears people fear,king hears people fear
drink man water river,man drink river water,man drink water river
father guide love youth,father guide youth love,father guide youth love
star god watch sky,god watch star sky,god watch star sky
sees mountain man road,man sees mountain road,man sees mountain road
king desert sees hill,king sees desert hill,king sees desert hill
gives scroll papyrus scribe,scribe gives papyrus scroll,scribe gives papyrus scroll
god sky people protect,god protect sky people,god protect sky people
life feel youth sweet,youth feel sweet life,youth feel sweet life
seat seated god servant,servant seat seated god,servant seat seated god
god see hill horizon,god see hill horizon,god see hill horizon
man great king becomes,man becomes great king,man becomes great king
people god town protect,god protect town people,god protect town people
offering lotus bring servant,servant bring lotus offering,servant bring lotus offering
woman loves seated man,woman loves seated man,man loves seated woman
honor maat people feather,people honor maat feather,people honor maat feather
sweet peace seek people,people seek sweet peace,people seek sweet peace
god hill sky watch,god watch hill sky,god watch hill sky
reed leaf carry woman,woman carry reed leaf,woman carry reed leaf
scribe finds scroll papyrus,scribe finds papyrus scroll,scribe finds papyrus scroll
pellet bring grain servant,servant bring grain pellet,servant bring grain pellet
god power give strong,god give strong power,god give strong power
servant lotus plant bring,servant bring lotus plant,servant bring lotus plant
desert hill people walk,people walk desert hill,people walk desert hill
finds man great stone,man finds great stone,man finds great stone
milk bring offering servant,servant bring milk offering,servant bring milk offering
great thing gives master,master gives great thing,master gives great thing
open reed servant shelter,servant open reed shelter,servant open reed shelter
road people walk mountain,people walk mountain road,people walk mountain road
king strong god becomes,strong king becomes god,strong king becomes god
temple people god honor,people honor god temple,people honor god temple
gives backbone great power,backbone gives great power,backbone gives great power
finds ring stone king,king finds stone ring,king finds stone ring
river servant fill vessel,servant fill vessel river,servant fill vessel river
bring satisfy servant peace,servant bring peace satisfy,servant bring peace satisfy
chick snake eats quail,snake eats quail chick,snake eats quail chick
rule mountain god sky,god rule mountain sky,god rule mountain sky
man river ripple drink,man drink river ripple,man drink river ripple
servant gate house opens,servant opens house gate,servant opens house gate
twisted flax servant makes,servant makes twisted flax,servant makes twisted flax
god great honor people,people honor great god,people honor great god
gives woman jar milk,woman gives milk jar,woman gives milk jar
servant fill basket grain,servant fill grain basket,servant fill grain basket
hill emerges fire above,fire emerges above hill,fire emerges above hill
throne people honor god,people honor god throne,people honor throne god
plant reed woman shelter,woman plant reed shelter,woman plant reed shelter
finds bolt man door,man finds door bolt,man finds door bolt
horizon storm man see,man see storm horizon,man see storm horizon
mighty hears storm king,king hears mighty storm,king hears mighty storm
river hear woman ripple,woman hear river ripple,woman hear river ripple
man feel heart life,man feel heart life,man feel heart life
clean servant reed mat,servant clean reed mat,servant clean reed mat
grant great god life,god grant great life,god grant great life
animal sees belly man,man sees animal belly,man sees animal belly
guard servant house door,servant guard house door,servant guard house door
strong life youth seek,youth seek strong life,youth seek strong life
life youth soul seek,youth seek soul life,youth seek soul life
youth desert sees snake,youth sees desert snake,youth sees snake desert
man power feel strong,man feel strong power,man feel strong power
servant man seat seated,servant seat seated man,servant seat seated man
man see viper horned,man see horned viper,man see horned viper
throne king stone makes,king makes stone throne,king makes stone throne
bring peace servant offering,servant bring peace offering,servant bring peace offering
mountain woman road walk,woman walk mountain road,woman walk mountain road
coil rope carry man,man carry coil rope,man carry rope coil
bless god power strong,god bless strong power,god bless strong power
mother give youth power,mother give youth power,mother give youth power
give youth mother peace,mother give youth peace,mother give youth peace
give youth mother heart,mother give youth heart,mother give youth heart
clean stool reed servant,servant clean reed stool,servant clean reed stool
desert man finds hare,man finds desert hare,man finds desert hare
feel life woman sweet,woman feel sweet life,woman feel sweet life
mountain rule god sky,god rule mountain sky,god rule mountain sky
gather papyrus people scroll,people gather papyrus scroll,people gather papyrus scroll
mouth peace speaks sweet,mouth speaks sweet peace,mouth speaks sweet peace
walk road people mountain,people walk mountain road,people walk mountain road
protect god grain field,god protect grain field,god protect grain field
scribe papyrus makes clump,scribe makes papyrus clump,scribe makes papyrus clump
servant great temple sees,servant sees great temple,servant sees great temple
woman reed carry leaf,woman carry reed leaf,woman carry reed leaf
woman lotus plant field,woman plant lotus field,woman plant lotus field
bless river people god,god bless river people,god bless river people
father voice youth hear,father hear youth voice,father hear youth voice
sweet eats woman loaf,woman eats sweet loaf,woman eats sweet loaf
servant bolt gate open,servant open gate bolt,servant open gate bolt
god desert see hill,god see desert hill,god see desert hill
find people great thing,people find great thing,people find great thing
god grain field bless,god bless grain field,god bless grain field
peace bring man altar,man bring peace altar,man bring peace altar
youth heart father teach,father teach youth heart,father teach youth heart
rope man coil carry,man carry rope coil,man carry coil rope
rocky hill climb youth,youth climb rocky hill,youth climb rocky hill
desert protect god town,god protect desert town,god protect desert town
mountain man see horizon,man see mountain horizon,man see mountain horizon
life give mother sweet,mother give sweet life,mother give sweet life
god becomes great scarab,scarab becomes great god,scarab becomes great god
city honor people god,people honor god city,people honor god city
heart feel woman peace,woman feel heart peace,woman feel heart peace
hold hand youth father,father hold youth hand,father hold youth hand
father makes reed leaf,father makes reed leaf,father makes reed leaf
eye sees belly animal,eye sees animal belly,eye sees animal belly
servant basket lord bring,servant bring basket lord,servant bring basket lord
strong soul feel youth,youth feel strong soul,youth feel strong soul
god grant life strong,god grant strong life,god grant strong life
hears god soul beautiful,god hears beautiful soul,god hears beautiful soul
becomes scarab great god,scarab becomes great god,scarab becomes great god
field protect god grain,god protect grain field,god protect grain field
become see scarab man,man see scarab become,man see scarab become
people temple stone build,people build stone temple,people build stone temple
hear soul prayer god,god hear soul prayer,god hear soul prayer
grain woman vessel carry,woman carry vessel grain,woman carry grain vessel
woman finds basket handle,woman finds basket handle,woman finds basket handle
horizon god mountain watch,god watch mountain horizon,god watch mountain horizon
life mother youth hold,mother hold youth life,mother hold youth life
father youth peace hold,father hold youth peace,father hold youth peace
man king becomes great,man becomes great king,man becomes great king
father hold power youth,father hold youth power,father hold youth power
youth give mother strength,mother give youth strength,mother give youth strength
father hear river flow,father hear river flow,father hear river flow
offering bread share people,people share bread offering,people share bread offering
mother sees youth beautiful,mother sees beautiful youth,mother sees beautiful youth
father hold strength youth,father hold youth strength,father hold youth strength
king finds rope tethering,king finds tethering rope,king finds tethering rope
river road walk people,people walk river road,people walk river road
god see horizon river,god see river horizon,god see river horizon
servant bread offering gives,servant gives bread offering,servant gives bread offering
reed youth sees shelter,youth sees reed shelter,youth sees reed shelter
grant life god heart,god grant heart life,god grant heart life
climb rocky youth slope,youth climb rocky slope,youth climb rocky slope
gather grain field people,people gather field grain,people gather grain field
sees great father city,father sees great city,father sees great city
walk riverbank woman path,woman walk riverbank path,woman walk riverbank path
cuts brick strong club,strong club cuts brick,strong club cuts brick
beautiful star woman sees,woman sees beautiful star,woman sees beautiful star
god king strong becomes,strong king becomes god,strong king becomes god
father youth voice hear,father hear youth voice,father hear youth voice
man lord basket carry,man carry basket lord,man carry basket lord
see star woman horizon,woman see star horizon,woman see star horizon
becomes star soul ba,soul ba becomes star,soul ba becomes star
beautiful sees youth mother,mother sees beautiful youth,mother sees beautiful youth
walk west river people,people walk river west,people walk river west
makes offering woman sweet,woman makes sweet offering,woman makes sweet offering
youth father hold life,father hold youth life,father hold youth life
city rule god town,god rule city town,god rule city town
temple stone build people,people build stone temple,people build stone temple
seek power youth strong,youth seek strong power,youth seek strong power
riverbank people cross hill,people cross riverbank hill,people cross riverbank hill
serve servant king seated,servant serve seated king,servant serve seated king
hare see desert man,man see desert hare,man see desert hare
lotus bring servant offering,servant bring lotus offering,servant bring lotus offering
horizon sky watch god,god watch sky horizon,god watch horizon sky
servant gives milk jar,servant gives milk jar,servant gives milk jar
master mighty hears storm,master hears mighty storm,master hears mighty storm
river fill servant vessel,servant fill vessel river,servant fill vessel river
great youth sees town,youth sees great town,youth sees great town
beautiful king sees city,king sees beautiful city,king sees beautiful city
see horizon god hill,god see hill horizon,god see hill horizon
house build people stone,people build stone house,people build stone house
mountain road foot finds,foot finds mountain road,foot finds mountain road
lotus plant youth sees,youth sees lotus plant,youth sees lotus plant
finds stone man vessel,man finds stone vessel,man finds stone vessel
seated honor people king,people honor seated king,people honor seated king
strong becomes gate temple,temple gate becomes strong,temple gate becomes strong
road guide mother youth,mother guide youth road,mother guide youth road
woman lake walk road,woman walk lake road,woman walk lake road
ring scarab stone becomes,scarab becomes stone ring,scarab becomes stone ring
seat throne king sees,king sees seat throne,king sees seat throne
watch lotus field god,god watch lotus field,god watch lotus field
strong power youth feel,youth feel strong power,youth feel strong power
bring satisfy peace man,man bring peace satisfy,man bring peace satisfy
milk vessel man bring,man bring milk vessel,man bring milk vessel
grain field god bless,god bless field grain,god bless field grain
road riverbank walk woman,woman walk riverbank road,woman walk riverbank road
strength feel man heart,man feel heart strength,man feel heart strength
servant house gate guard,servant guard house gate,servant guard house gate
seek heart youth sweet,youth seek sweet heart,youth seek sweet heart
grant strong god power,god grant strong power,god grant strong power
life mother give sweet,mother give sweet life,mother give sweet life
feel strong man heart,man feel strong heart,man feel strong heart
guide youth father love,father guide youth love,father guide youth love
authority servant master hears,servant hears master authority,servant hears master authority
finds rope hand coil,hand finds coil rope,hand finds coil rope
servant opens gate house,servant opens house gate,servant opens house gate
fear heart finds great,heart finds great fear,heart finds great fear
west man follow road,man follow west road,man follow west road
flax scribe makes twisted,scribe makes twisted flax,scribe makes twisted flax
shelter sees king reed,king sees reed shelter,king sees reed shelter
sees woman plant lotus,woman sees lotus plant,woman sees lotus plant
strong plows field man,strong man plows field,strong man plows field
water ripple becomes big,water ripple becomes big,water ripple becomes big
servant offering gives bread,servant gives bread offering,servant gives bread offering
lotus woman garden plant,woman plant lotus garden,woman plant lotus garden
god gives stone stability,god gives stability stone,god gives stability stone
maat feather honor people,people honor maat feather,people honor maat feather
fear hears king people,king hears people fear,king hears people fear
horizon god sky watch,god watch sky horizon,god watch horizon sky
jar woman carry water,woman carry water jar,woman carry jar water
stone finds ring youth,youth finds stone ring,youth finds stone ring
sweet truth mouth speaks,mouth speaks sweet truth,mouth speaks sweet truth
west protect town god,god protect west town,god protect west town
life sweet woman love,woman love sweet life,woman love sweet life
open city servant bolt,servant open city bolt,servant open city bolt
hill sees youth desert,youth sees desert hill,youth sees desert hill
people road hill walk,people walk hill road,people walk hill road
mother gives offering sweet,mother gives sweet offering,mother gives sweet offering
hare desert hill sees,desert hare sees hill,desert hare sees hill
star horizon sees man,man sees horizon star,man sees horizon star
riverbank see god people,god see riverbank people,god see riverbank people
grain carry jar man,man carry grain jar,man carry grain jar
man ripple drink water,man drink water ripple,man drink water ripple
soul star ba becomes,soul ba becomes star,soul ba becomes star
djed stability pillar gives,pillar gives stability djed,pillar gives stability djed
mountain see horizon god,god see mountain horizon,god see mountain horizon
desert viper finds horned,horned viper finds desert,horned viper finds desert
mother life youth give,mother give youth life,mother give youth life
walk people west road,people walk west road,people walk west road
stool servant clean reed,servant clean reed stool,servant clean reed stool
woman bring peace offering,woman bring peace offering,woman bring peace offering
gather field grain people,people gather field grain,people gather grain field
god becomes strong king,strong king becomes god,strong king becomes god
temple build people pillar,people build temple pillar,people build temple pillar
king seated servant serve,servant serve seated king,servant serve seated king
servant fill basket grain,servant fill grain basket,servant fill grain basket
city open people gate,people open city gate,people open city gate
storm man fear sky,man fear storm sky,man fear storm sky
slope hill eye sees,eye sees hill slope,eye sees hill slope
woman walk horizon road,woman walk horizon road,woman walk horizon road
see cobra man hill,man see cobra hill,man see cobra hill
grain people pellet gather,people gather grain pellet,people gather grain pellet
see ka woman spirit,woman see ka spirit,woman see ka spirit
animal sees man belly,man sees animal belly,man sees animal belly
finds bolt door servant,servant finds door bolt,servant finds door bolt
bless temple god throne,god bless throne temple,god bless throne temple
throne city servant guard,servant guard city throne,servant guard city throne
hill man see desert,man see desert hill,man see desert hill
finds mountain old man,old man finds mountain,old man finds mountain
king people seated honor,people honor seated king,people honor seated king
hold heart woman child,woman hold child heart,woman hold child heart
god field people protect,god protect field people,god protect field people
watch sky people god,god watch sky people,god watch sky people
bless god god seated,god bless seated god,god bless seated god
mother youth teach love,mother teach youth love,mother teach youth love
open people town door,people open town door,people open town door
water ripple becomes river,water ripple becomes river,water ripple becomes river
door bolt sees youth,youth sees door bolt,youth sees door bolt
peace offering woman bring,woman bring peace offering,woman bring peace offering
man king becomes great,man becomes great king,man becomes great king
seated god bless throne,god bless seated throne,god bless seated throne
fill servant jar water,servant fill jar water,servant fill jar water
soul feel man strong,man feel strong soul,man feel strong soul
god city people praise,people praise god city,people praise god city
love heart feel woman,woman feel love heart,woman feel love heart
desert king sees hill,king sees desert hill,king sees desert hill
shore lake cross people,people cross lake shore,people cross lake shore
god horizon mountain watch,god watch mountain horizon,god watch mountain horizon
adze cuts stone plant,stone adze cuts plant,adze cuts stone plant
snake quail finds chick,snake finds quail chick,snake finds quail chick
west river walk people,people walk river west,people walk river west
bolt finds servant door,servant finds door bolt,servant finds door bolt
rope king finds tethering,king finds tethering rope,king finds tethering rope
leaf gather reed people,people gather reed leaf,people gather reed leaf
road walk people town,people walk town road,people walk town road
fear people mighty fire,people fear mighty fire,people fear mighty fire
woman see sky star,woman see sky star,woman see star sky
god people soul hear,god hear people soul,god hear soul people
offering grain servant bring,servant bring grain offering,servant bring grain offering
authority servant master hears,servant hears master authority,servant hears master authority
finds woman lotus plant,woman finds lotus plant,woman finds lotus plant
youth town sees great,youth sees great town,youth sees great town
grant heart life god,god grant heart life,god grant heart life
give life strong mother,mother give strong life,mother give strong life
storm man feel fear,man feel storm fear,man feel fear storm
great gives god life,god gives great life,god gives great life
god horizon sky see,god see horizon sky,god see horizon sky
woman plant leaf reed,woman plant reed leaf,woman plant reed leaf
sweet woman eats loaf,woman eats sweet loaf,woman eats sweet loaf
coil servant rope bring,servant bring rope coil,servant bring rope coil
seek heart youth life,youth seek heart life,youth seek heart life
writing beautiful sees scribe,scribe sees beautiful writing,scribe sees beautiful writing
youth climb road mountain,youth climb mountain road,youth climb mountain road
river flow man watch,man watch river flow,man watch river flow
carry water vessel man,man carry vessel water,man carry vessel water
king sees beautiful city,king sees beautiful city,king sees beautiful city
quail chick owl sees,owl sees quail chick,owl sees quail chick
sees horizon king beautiful,king sees beautiful horizon,king sees beautiful horizon
west walk horizon people,people walk horizon west,people walk west horizon
god horizon watch lake,god watch lake horizon,god watch lake horizon
servant house mat clean,servant clean house mat,servant clean house mat
gives great life god,god gives great life,god gives great life
sees slope eye hill,eye sees hill slope,eye sees hill slope
cobra water emerges ripple,cobra emerges water ripple,cobra emerges water ripple
servant jars sees rack,servant sees jars rack,servant sees jars rack
papyrus scroll bring servant,servant bring papyrus scroll,servant bring papyrus scroll
emerges cobra behind hill,cobra emerges behind hill,cobra emerges behind hill
river water man drink,man drink water river,man drink water river
plant sickle man cuts,man cuts plant sickle,man cuts plant sickle
lift man pillar stone,man lift stone pillar,man lift stone pillar
cobra finds belly animal,cobra finds animal belly,cobra finds animal belly
gate city servant guard,servant guard city gate,servant guard city gate
power father youth teach,father teach youth power,father teach youth power
basket woman grain carry,woman carry basket grain,woman carry basket grain
sees king horizon star,king sees horizon star,king sees horizon star
fill jar servant milk,servant fill milk jar,servant fill jar milk
heart god hears authority,heart hears god authority,heart hears god authority
give ankh life mother,mother give life ankh,mother give life ankh
people hill slope cross,people cross hill slope,people cross hill slope
mouth feather speaks truth,mouth speaks feather truth,mouth speaks feather truth
night watch owl silent,owl watch silent night,owl watch silent night
people god mountain protect,god protect mountain people,god protect mountain people
reed woman carry leaf,woman carry reed leaf,woman carry reed leaf
horizon mountain god watch,god watch mountain horizon,god watch mountain horizon
bolt open servant house,servant open house bolt,servant open house bolt
servant temple guard door,servant guard temple door,servant guard temple door
mountain climb desert youth,youth climb desert mountain,youth climb desert mountain
king guard seated servant,servant guard seated king,servant guard seated king
bless life god great,god bless great life,god bless great life
see cobra man hill,man see cobra hill,man see cobra hill
youth guide soul mother,mother guide youth soul,mother guide youth soul
viper see horned man,man see horned viper,man see horned viper
sky watch god star,god watch star sky,god watch star sky
reed people leaf gather,people gather reed leaf,people gather reed leaf
seek youth power strong,youth seek strong power,youth seek strong power
owl horizon see man,man see owl horizon,man see owl horizon
desert hare finds man,man finds desert hare,man finds desert hare
desert cross people road,people cross desert road,people cross desert road
god beautiful people loves,god loves beautiful people,god loves beautiful people
woman riverbank walk path,woman walk riverbank path,woman walk riverbank path
plant garden lotus woman,woman plant lotus garden,woman plant lotus garden
cuts old man plant,old man cuts plant,old man cuts plant
sees mighty lord people,mighty lord sees people,mighty lord sees people
people praise throne god,people praise god throne,people praise god throne
gate king great opens,king opens great gate,king opens great gate
throne god rule sky,god rule throne sky,god rule throne sky
protect town field god,god protect field town,god protect field town
sky horizon god rule,god rule horizon sky,god rule horizon sky
head sees woman swallow,woman sees swallow head,woman sees swallow head
heart woman feel peace,woman feel heart peace,woman feel heart peace
follow road people desert,people follow desert road,people follow desert road
spirit hold mother youth,mother hold youth spirit,mother hold youth spirit
servant temple open gate,servant open temple gate,servant open temple gate
sweet god offering hears,god hears sweet offering,god hears sweet offering
god protect mountain town,god protect mountain town,god protect mountain town
fire fear mighty people,people fear mighty fire,people fear mighty fire
grant power god people,god grant power people,god grant people power
brick lift backbone man,man lift brick backbone,man lift brick backbone
people honor ba soul,people honor soul ba,people honor soul ba
water river becomes ripple,water ripple becomes river,water ripple becomes river
three scribe skins sees,scribe sees three skins,scribe sees three skins
rope carry vessel people,people carry rope vessel,people carry rope vessel
feel man heart life,man feel heart life,man feel heart life
west riverbank walk people,people walk riverbank west,people walk riverbank west
bring offering bread man,man bring bread offering,man bring bread offering
father skins three gives,father gives three skins,father gives three skins
people town open gate,people open town gate,people open town gate
makes brick scribe stone,scribe makes stone brick,scribe makes stone brick
river rope people cross,people cross rope river,people cross rope river
servant guard king seated,servant guard seated king,servant guard seated king
youth chisel finds stone,youth finds stone chisel,youth finds stone chisel
man cobra stone see,man see cobra stone,man see cobra stone
king makes city great,king makes great city,king makes great city
man cut grain field,man cut grain field,man cut grain field
power man heart feel,man feel heart power,man feel heart power
king horizon finds star,king finds horizon star,king finds horizon star
grain lift sack man,man lift grain sack,man lift grain sack
stone mountain climb youth,youth climb mountain stone,youth climb stone mountain
great becomes man king,man becomes great king,man becomes great king
beautiful loves soul god,god loves beautiful soul,god loves beautiful soul
youth guide love father,father guide youth love,father guide youth love
hand rope tethering makes,hand makes tethering rope,hand makes tethering rope
bless god life strong,god bless strong life,god bless strong life
woman carry papyrus scroll,woman carry papyrus scroll,woman carry papyrus scroll
west people riverbank walk,people walk riverbank west,people walk riverbank west
give ankh life mother,mother give life ankh,mother give life ankh
flow watch man river,man watch river flow,man watch river flow
father life youth guide,father guide youth life,father guide youth life
plant cuts adze stone,stone adze cuts plant,stone adze cuts plant
people temple build brick,people build brick temple,people build brick temple
woman owl night hear,woman hear night owl,woman hear owl night
servant twisted makes flax,servant makes twisted flax,servant makes twisted flax
finds mother loaf bread,mother finds bread loaf,mother finds bread loaf
power guide father youth,father guide youth power,father guide youth power
cross hill people desert,people cross desert hill,people cross desert hill
god seated seat servant,servant seat seated god,servant seat seated god
bring loaf man bread,man bring bread loaf,man bring bread loaf
youth strength guide father,father guide youth strength,father guide youth strength
youth life father hold,father hold youth life,father hold youth life
great gives power backbone,backbone gives great power,backbone gives great power
mountain climb youth desert,youth climb desert mountain,youth climb desert mountain
voice god soul hear,god hear soul voice,god hear soul voice
see sky star woman,woman see star sky,woman see star sky
desert snake emerges above,snake emerges above desert,snake emerges above desert
mountain climb youth stone,youth climb mountain stone,youth climb stone mountain
sky man storm see,man see storm sky,man see storm sky
great temple servant sees,servant sees great temple,servant sees great temple
power guide father youth,father guide youth power,father guide youth power
seek heart youth life,youth seek heart life,youth seek heart life
hear prayer heart father,father hear heart prayer,father hear heart prayer
scarab becomes ring stone,scarab becomes stone ring,scarab becomes stone ring
god people field protect,god protect field people,god protect field people
sees god heart truth,god sees heart truth,god sees heart truth
city open bolt servant,servant open city bolt,servant open city bolt
watch hill god sky,god watch hill sky,god watch hill sky
sweet mother offering gives,mother gives sweet offering,mother gives sweet offering
feel life youth strong,youth feel strong life,youth feel strong life
fire emerges hill above,fire emerges above hill,fire emerges above hill
swallow chick quail eats,swallow eats quail chick,swallow eats quail chick
plant woman lotus plant,woman plant lotus plant,woman plant lotus plant
papyrus people gather scroll,people gather papyrus scroll,people gather papyrus scroll
riverbank woman road sees,woman sees riverbank road,woman sees riverbank road
temple serve servant god,servant serve god temple,servant serve god temple
master hears speak scribe,master hears scribe speak,scribe hears master speak
milk jar servant gives,servant gives milk jar,servant gives milk jar
scribe makes flax twisted,scribe makes twisted flax,scribe makes twisted flax
truth god heart loves,god loves heart truth,god loves heart truth
twisted servant flax bring,servant bring twisted flax,servant bring twisted flax
stone snake see man,man see snake stone,man see snake stone
great god grant power,god grant great power,god grant great power
god mountain protect people,god protect mountain people,god protect mountain people
lotus woman plant plant,woman plant lotus plant,woman plant lotus plant
milk woman jar gives,woman gives milk jar,woman gives milk jar
servant gate guard city,servant guard city gate,servant guard city gate
desert hill youth climb,youth climb desert hill,youth climb desert hill
hoe plows servant field,servant plows field hoe,servant plows field hoe
people walk hill slope,people walk hill slope,people walk hill slope
offering bring servant peace,servant bring peace offering,servant bring peace offering
feather mouth speaks truth,mouth speaks feather truth,mouth speaks feather truth
hold mother love youth,mother hold youth love,mother hold youth love
horned see man viper,man see horned viper,man see horned viper
woman see owl night,woman see owl night,woman see owl night
guard gate servant riverbank,servant guard riverbank gate,servant guard riverbank gate
give mother strength youth,mother give youth strength,mother give youth strength
great people king hears,king hears great people,king hears great people
chisel youth finds stone,youth finds stone chisel,youth finds stone chisel
makes brick scribe stone,scribe makes stone brick,scribe makes stone brick
guide youth peace father,father guide youth peace,father guide youth peace
hear people god heart,god hear people heart,god hear heart people
man mountain road walk,man walk mountain road,man walk mountain road
teach youth life father,father teach youth life,father teach youth life
see man sky storm,man see storm sky,man see storm sky
people seated god honor,people honor seated god,people honor seated god
life father teach youth,father teach youth life,father teach youth life
loaf mouth eats sweet,mouth eats sweet loaf,mouth eats sweet loaf
river town god protect,god protect river town,god protect river town
hill bird emerges above,bird emerges above hill,bird emerges above hill
plant reed field woman,woman plant reed field,woman plant reed field
god people honor throne,people honor god throne,people honor throne god
power strong grant god,god grant strong power,god grant strong power
woman water jar carry,woman carry jar water,woman carry water jar
town god protect people,god protect people town,god protect town people
woman grain vessel carry,woman carry vessel grain,woman carry vessel grain
finds bread loaf mother,mother finds bread loaf,mother finds bread loaf
door temple guard servant,servant guard temple door,servant guard temple door
seek sweet youth heart,youth seek sweet heart,youth seek sweet heart
old man peace speaks,old man speaks peace,old man speaks peace
people road river walk,people walk river road,people walk river road
love heart finds sweet,heart finds sweet love,heart finds sweet love
night owl see sky,owl see night sky,owl see night sky
hear night owl father,father hear owl night,father hear owl night
heart feel fear man,man feel fear heart,man feel heart fear
makes book scroll scribe,scribe makes scroll book,scribe makes scroll book
strength father youth guide,father guide youth strength,father guide youth strength
man see hill desert,man see desert hill,man see desert hill
sweet love youth life,youth love sweet life,youth love sweet life
finds man great stone,man finds great stone,man finds great stone
loves man woman seated,man loves seated woman,man loves seated woman
god hear voice servant,god hear servant voice,god hear servant voice
owl see night woman,woman see owl night,woman see owl night
night see sky owl,owl see night sky,owl see night sky
god stability djed gives,god gives stability djed,god gives stability djed
swallow west see woman,woman see swallow west,woman see swallow west
lotus servant bring offering,servant bring lotus offering,servant bring lotus offering
above emerges snake desert,snake emerges above desert,snake emerges above desert
woman bring content peace,woman bring peace content,woman bring peace content
woman finds lotus plant,woman finds lotus plant,woman finds lotus plant
great life bless god,god bless great life,god bless great life
senet board youth finds,youth finds senet board,youth finds senet board
owl night woman see,woman see owl night,woman see owl night
emerges cobra ripple water,cobra emerges water ripple,cobra emerges water ripple
mother power youth hold,mother hold youth power,mother hold youth power
brick cuts strong club,strong club cuts brick,strong club cuts brick
feel man soul strong,man feel strong soul,man feel strong soul
people mountain cross pass,people cross mountain pass,people cross mountain pass
river father flow hear,father hear river flow,father hear river flow
youth sees desert hill,youth sees desert hill,youth sees desert hill
road mountain sees man,man sees mountain road,man sees mountain road
people life watch god,god watch people life,god watch people life
stone man finds vessel,man finds stone vessel,man finds stone vessel
people city praise god,people praise god city,people praise god city
scarab becomes ring stone,scarab becomes stone ring,scarab becomes stone ring
give mother milk youth,mother give youth milk,mother give youth milk
stone adze hand makes,hand makes stone adze,hand makes stone adze
hears mighty king storm,king hears mighty storm,king hears mighty storm
life heart beautiful loves,heart loves beautiful life,heart loves beautiful life
great gives backbone power,backbone gives great power,backbone gives great power
star woman see sky,woman see sky star,woman see star sky
sees woman beautiful lake,woman sees beautiful lake,woman sees beautiful lake
peace bring woman altar,woman bring peace altar,woman bring peace altar
walk desert people road,people walk desert road,people walk desert road
man jar carry milk,man carry milk jar,man carry milk jar
riverbank west people walk,people walk west riverbank,people walk riverbank west
king guard seated servant,servant guard seated king,servant guard seated king
god bless town people,god bless people town,god bless people town
jar milk woman carry,woman carry jar milk,woman carry milk jar
gives bread offering servant,servant gives bread offering,servant gives bread offering
makes shelter father reed,father makes reed shelter,father makes reed shelter
lord bring servant basket,servant bring basket lord,servant bring basket lord
man hears god great,man hears great god,man hears great god
star soul above becomes,soul becomes star above,soul becomes star above
rope carry vessel man,man carry rope vessel,man carry rope vessel
watch god temple gate,god watch temple gate,god watch temple gate
stone vessel woman finds,woman finds stone vessel,woman finds stone vessel
west god watch horizon,god watch west horizon,god watch west horizon
life father guide youth,father guide youth life,father guide youth life
finds stone chisel hand,hand finds stone chisel,hand finds stone chisel
servant jar gives milk,servant gives milk jar,servant gives milk jar
sky town god protect,god protect sky town,god protect sky town
man truth speaks great,man speaks great truth,man speaks great truth
stone strength lift man,man lift stone strength,man lift stone strength
throne city guard servant,servant guard city throne,servant guard city throne
heart loves beautiful life,heart loves beautiful life,heart loves beautiful life
servant seat god seated,servant seat seated god,servant seat seated god
eats grain bird pellet,bird eats grain pellet,bird eats grain pellet
protect people town god,god protect town people,god protect town people
reed youth shelter sees,youth sees reed shelter,youth sees reed shelter
hill man desert see,man see desert hill,man see desert hill
god temple gate watch,god watch temple gate,god watch temple gate
king servant seated seat,servant seat seated king,servant seat seated king
servant bread makes loaf,servant makes loaf bread,servant makes loaf bread
sky see mountain woman,woman see mountain sky,woman see mountain sky
god lake watch horizon,god watch lake horizon,god watch lake horizon
city god honor people,people honor god city,people honor god city
sweet offering loves god,god loves sweet offering,god loves sweet offering
mouth grain pellet eats,mouth eats grain pellet,mouth eats grain pellet
lake water man drink,man drink lake water,man drink lake water
youth old hears man,youth hears old man,youth hears old man
prayer heart hear father,father hear heart prayer,father hear heart prayer
star owl man see,man see owl star,man see owl star
great power master gives,master gives great power,master gives great power
youth speak hears god,youth hears god speak,youth hears god speak
mother strength hold youth,mother hold youth strength,mother hold youth strength
backbone stone man lift,man lift backbone stone,man lift backbone stone
door bolt finds scribe,scribe finds door bolt,scribe finds door bolt
strength heart feel man,man feel heart strength,man feel heart strength
climb hill youth great,youth climb great hill,youth climb great hill
door temple open people,people open temple door,people open temple door
follow people road desert,people follow desert road,people follow desert road
servant clean stool mat,servant clean stool mat,servant clean stool mat
temple gate becomes strong,temple gate becomes strong,temple gate becomes strong
stone man hill climb,man climb hill stone,man climb stone hill
west river watch god,god watch river west,god watch river west
stone finds adze youth,youth finds stone adze,youth finds stone adze
servant voice god hear,god hear servant voice,servant hear god voice
bread sweet man bring,man bring sweet bread,man bring sweet bread
cobra hill see man,man see cobra hill,man see cobra hill
horizon lake god watch,god watch lake horizon,god watch lake horizon
woman road riverbank walk,woman walk riverbank road,woman walk riverbank road
people walk mountain horizon,people walk mountain horizon,people walk mountain horizon
woman owl hear night,woman hear owl night,woman hear owl night
field gather people lotus,people gather lotus field,people gather lotus field
hill cobra hide stone,cobra hide stone hill,cobra hide stone hill
above emerges hill bird,bird emerges above hill,bird emerges above hill
slope hill emerges snake,snake emerges hill slope,snake emerges hill slope
climb youth rocky slope,youth climb rocky slope,youth climb rocky slope
lotus people altar gather,people gather lotus altar,people gather lotus altar
youth soul hold mother,mother hold youth soul,mother hold youth soul
father strength youth teach,father teach youth strength,father teach youth strength
jar milk finds father,father finds milk jar,father finds milk jar
teach father youth road,father teach youth road,father teach youth road
road people town walk,people walk town road,people walk town road
hold youth peace mother,mother hold youth peace,mother hold youth peace
youth feel sweet life,youth feel sweet life,youth feel sweet life
see man sky star,man see star sky,man see star sky
scribe hears lord great,scribe hears great lord,scribe hears great lord
servant king hears speak,servant hears king speak,servant hears king speak
animal water finds belly,animal belly finds water,animal belly finds water
clean servant stool mat,servant clean stool mat,servant clean stool mat
man hill owl see,man see owl hill,man see owl hill
water ripple man drink,man drink water ripple,man drink water ripple
man see sky star,man see star sky,man see star sky
cross west river people,people cross west river,people cross river west
river flow watch man,man watch river flow,man watch river flow
man rope cuts sickle,man cuts rope sickle,man cuts rope sickle
people temple town build,people build town temple,people build town temple
build stone house people,people build stone house,people build stone house
youth love mother heart,mother love youth heart,mother love youth heart
mother heart youth hold,mother hold youth heart,mother hold youth heart
lotus plant woman loves,woman loves lotus plant,woman loves lotus plant
stone finds youth ring,youth finds stone ring,youth finds stone ring
people god city rule,god rule city people,god rule city people
jar bring grain servant,servant bring grain jar,servant bring grain jar
father hear owl night,father hear owl night,father hear owl night
servant stone clean stool,servant clean stone stool,servant clean stone stool
hears master speak scribe,master hears scribe speak,master hears scribe speak
god beautiful loves soul,god loves beautiful soul,god loves beautiful soul
great swallow see woman,woman see swallow great,woman see swallow great
writing beautiful sees scribe,scribe sees beautiful writing,scribe sees beautiful writing
spirit mother hold youth,mother hold youth spirit,mother hold youth spirit
guard city servant gate,servant guard city gate,servant guard city gate
man sees animal belly,man sees animal belly,man sees animal belly
throne city guard servant,servant guard city throne,servant guard city throne
offering bread people share,people share bread offering,people share bread offering
temple woman bring offering,woman bring offering temple,woman bring offering temple
backbone gives power great,backbone gives great power,backbone gives great power
king ring finds stone,king finds stone ring,king finds stone ring
emerges fire hill above,fire emerges above hill,fire emerges above hill
sky see woman lake,woman see lake sky,woman see lake sky
see become scarab man,man see scarab become,man see scarab become
thing master gives great,master gives great thing,master gives great thing
eats mouth loaf sweet,mouth eats sweet loaf,mouth eats sweet loaf
scribe vessel stone finds,scribe finds stone vessel,scribe finds stone vessel
life ka see woman,woman see ka life,woman see ka life
man vessel stone finds,man finds stone vessel,man finds stone vessel
god gives life heart,god gives life heart,god gives life heart
servant town guard riverbank,servant guard riverbank town,servant guard riverbank town
youth adze stone finds,youth finds stone adze,youth finds stone adze
woman open jar water,woman open jar water,woman open jar water
woman bring temple offering,woman bring offering temple,woman bring offering temple
ba becomes soul star,soul ba becomes star,soul ba becomes star
teach youth father power,father teach youth power,father teach youth power
follow road man town,man follow town road,man follow town road
see woman feather maat,woman see feather maat,woman see maat feather
heart finds sweet life,heart finds sweet life,heart finds sweet life
finds peace sweet heart,heart finds sweet peace,heart finds sweet peace
build people stone temple,people build stone temple,people build stone temple
strength give youth mother,mother give youth strength,mother give youth strength
heart prayer god hear,god hear heart prayer,god hear heart prayer
follow desert man road,man follow desert road,man follow desert road
carry vessel grain man,man carry grain vessel,man carry grain vessel
lift backbone man stone,man lift backbone stone,man lift backbone stone
heart youth guide father,father guide youth heart,father guide youth heart
man follow horizon road,man follow horizon road,man follow horizon road
youth hears speak god,youth hears god speak,youth hears god speak
see river woman west,woman see river west,woman see river west
bring lotus offering servant,servant bring lotus offering,servant bring lotus offering
woman mountain see sky,woman see mountain sky,woman see mountain sky
makes beautiful sky god,god makes beautiful sky,god makes beautiful sky
finds chick quail snake,snake finds quail chick,snake finds quail chick
loaf bread servant bring,servant bring bread loaf,servant bring bread loaf
authority youth hears master,youth hears master authority,youth hears master authority
water ripple river becomes,water ripple becomes river,water ripple becomes river
lord bring basket servant,servant bring basket lord,servant bring basket lord
god desert watch hill,god watch desert hill,god watch desert hill
father guide soul youth,father guide youth soul,father guide youth soul
papyrus clump gather people,people gather papyrus clump,people gather papyrus clump
people peace sweet love,people love sweet peace,people love sweet peace
god protect people west,god protect west people,god protect west people
man fear heart feel,man feel fear heart,man feel heart fear
gate open people river,people open river gate,people open river gate
woman heart feel life,woman feel heart life,woman feel heart life
lake woman see sky,woman see lake sky,woman see lake sky
makes scribe stone brick,scribe makes stone brick,scribe makes stone brick
finds scroll scribe papyrus,scribe finds papyrus scroll,scribe finds papyrus scroll
king slope sees hill,king sees hill slope,king sees hill slope
cross people mountain pass,people cross mountain pass,people cross mountain pass
hears sweet truth god,god hears sweet truth,god hears sweet truth
reed people shelter open,people open reed shelter,people open reed shelter
hare desert see man,man see desert hare,man see desert hare
grant sweet peace god,god grant sweet peace,god grant sweet peace
grant god sweet life,god grant sweet life,god grant sweet life
desert climb youth hill,youth climb desert hill,youth climb desert hill
great bless power god,god bless great power,god bless great power
ka see woman double,woman see ka double,woman see ka double
sky see star woman,woman see star sky,woman see star sky
youth road father guide,father guide youth road,father guide youth road
watch horizon sky god,god watch sky horizon,god watch horizon sky
horizon west see woman,woman see west horizon,woman see owl horizon
gives pillar stability god,god gives stability pillar,god gives stability pillar
strong bless god life,god bless strong life,god bless strong life
man basket carry handle,man carry basket handle,man carry basket handle
servant peace offering bring,servant bring peace offering,servant bring peace offering
servant guard gate temple,servant guard temple gate,servant guard temple gate
people gather lotus field,people gather lotus field,people gather lotus field
man old cuts plant,old man cuts plant,old man cuts plant
god west watch horizon,god watch west horizon,god watch west horizon
loaf bread man bring,man bring bread loaf,man bring bread loaf
grant god soul people,god grant soul people,god grant soul people
man handle makes basket,man makes basket handle,man makes basket handle
master scribe hears speak,master hears scribe speak,scribe hears master speak
bring rope twisted servant,servant bring twisted rope,servant bring twisted rope
mother youth soul guide,mother guide youth soul,mother guide youth soul
papyrus god clump sees,god sees papyrus clump,god sees papyrus clump
seat man servant throne,servant seat man throne,servant seat man throne
stone man brick finds,man finds stone brick,man finds stone brick
sky makes beautiful god,god makes beautiful sky,god makes beautiful sky
river protect god town,god protect river town,god protect river town
man riverbank follow road,man follow riverbank road,man follow riverbank road
sweet finds love heart,heart finds sweet love,heart finds sweet love
rocky climb youth hill,youth climb rocky hill,youth climb rocky hill
wind storm father hear,father hear wind storm,father hear wind storm
jars scribe rack sees,scribe sees jars rack,scribe sees jars rack
protect grain town god,god protect grain town,god protect grain town
people god temple honor,people honor god temple,people honor god temple
seat seated servant king,servant seat seated king,servant seat seated king
servant plows great field,servant plows great field,servant plows great field
people watch god life,god watch people life,god watch people life
man mountain walk road,man walk mountain road,man walk mountain road
youth life love sweet,youth love sweet life,youth love sweet life
hear people soul god,god hear people soul,god hear soul people
stone climb mountain youth,youth climb mountain stone,youth climb stone mountain
speaks old peace man,old man speaks peace,old man speaks peace
mouth eats pellet grain,mouth eats grain pellet,mouth eats grain pellet
people city god bless,god bless city people,god bless city people
river see woman swallow,woman see swallow river,woman see swallow river
mother youth hold hand,mother hold youth hand,mother hold youth hand
god town protect field,god protect field town,god protect field town
bring content peace woman,woman bring peace content,woman bring peace content
hears soul beautiful god,god hears beautiful soul,god hears beautiful soul
man west follow road,man follow west road,man follow west road
god people temple praise,people praise temple god,people praise god temple
youth soul mother give,mother give youth soul,mother give youth soul
people lake cross rope,people cross lake rope,people cross lake rope
heart finds great fear,heart finds great fear,heart finds great fear
door open people city,people open city door,people open city door
god protect desert town,god protect desert town,god protect desert town
father beautiful mother loves,father loves beautiful mother,father loves beautiful mother
god heart prayer hear,god hear heart prayer,god hear heart prayer
truth feather honor people,people honor feather truth,people honor feather truth
desert walk people road,people walk desert road,people walk desert road
power give mother youth,mother give youth power,mother give youth power
vessel water woman carry,woman carry vessel water,woman carry vessel water
vessel stone finds man,man finds stone vessel,man finds stone vessel
servant grain fill jar,servant fill grain jar,servant fill grain jar
scroll scribe papyrus sees,scribe sees papyrus scroll,scribe sees papyrus scroll
grant soul god life,god grant soul life,god grant soul life
scribe scroll makes book,scribe makes scroll book,scribe makes book scroll
river hear father flow,father hear river flow,father hear river flow
mountain walk horizon people,people walk mountain horizon,people walk mountain horizon
bring sweet bread man,man bring sweet bread,man bring sweet bread
bring papyrus clump servant,servant bring papyrus clump,servant bring papyrus clump
woman plant loves lotus,woman loves lotus plant,woman loves lotus plant
loaf sweet makes mother,mother makes sweet loaf,mother makes sweet loaf
loaf makes mother sweet,mother makes sweet loaf,mother makes sweet loaf
hill man see owl,man see owl hill,man see owl hill
give jar mother milk,mother give milk jar,mother give milk jar
peace youth father hold,father hold youth peace,father hold youth peace
people walk west horizon,people walk west horizon,people walk horizon west
face sees god great,face sees great god,face sees great god
house door servant open,servant open house door,servant open house door
stability pillar djed gives,pillar gives stability djed,pillar gives stability djed
god stability stone gives,god gives stability stone,god gives stability stone
twisted servant bring rope,servant bring twisted rope,servant bring twisted rope
youth heart father guide,father guide youth heart,father guide youth heart
man river water drink,man drink water river,man drink water river
ripple lake water becomes,water ripple becomes lake,water ripple becomes lake
king sedge sees people,sedge king sees people,sedge king sees people
field plant papyrus woman,woman plant papyrus field,woman plant papyrus field
youth speak hears god,youth hears god speak,youth hears god speak
man cuts plant old,old man cuts plant,old man cuts plant
riverbank great scribe sees,scribe sees great riverbank,scribe sees great riverbank
sweet offering loves god,god loves sweet offering,god loves sweet offering
ankh grant life god,god grant life ankh,god grant life ankh
west walk people river,people walk river west,people walk river west
makes scribe brick stone,scribe makes stone brick,scribe makes stone brick
makes great book scribe,scribe makes great book,scribe makes great book
silent owl night watch,owl watch silent night,owl watch silent night
people lord mighty sees,mighty lord sees people,mighty lord sees people
town cross people bridge,people cross town bridge,people cross town bridge
youth seek sweet life,youth seek sweet life,youth seek sweet life
lift sack grain man,man lift grain sack,man lift grain sack
people door open town,people open town door,people open town door
people river rope cross,people cross river rope,people cross rope river
stone king finds ring,king finds stone ring,king finds stone ring
give power mother youth,mother give youth power,mother give youth power
hide cobra stone hill,cobra hide stone hill,cobra hide stone hill
god great hears man,man hears great god,man hears great god
people lotus gather altar,people gather lotus altar,people gather lotus altar
gives god life great,god gives great life,god gives great life
build people house stone,people build stone house,people build stone house
servant conical loaf gives,servant gives conical loaf,servant gives conical loaf
people house gate open,people open house gate,people open house gate
seat guard servant throne,servant guard throne seat,servant guard throne seat
king servant throne seat,servant seat throne king,servant seat throne king
woman road river walk,woman walk river road,woman walk river road
old man truth speaks,old man speaks truth,old man speaks truth
master scribe hears speak,master hears scribe speak,scribe hears master speak
power gives great master,master gives great power,master gives great power
heart peace becomes great,heart becomes great peace,heart becomes great peace
scroll scribe papyrus finds,scribe finds papyrus scroll,scribe finds papyrus scroll
sickle plant cuts man,man cuts plant sickle,man cuts plant sickle
slope walk people hill,people walk hill slope,people walk hill slope
makes book scribe beautiful,scribe makes beautiful book,scribe makes beautiful book
road mountain people cross,people cross mountain road,people cross mountain road
town flow river west,river flow west town,water flow west town
people gather jar milk,people gather milk jar,people gather milk jar
road follow people desert,people follow desert road,people follow desert road
people grain gather field,people gather grain field,people gather grain field
find great people thing,people find great thing,people find great thing
man life strong feel,man feel strong life,man feel strong life
man sky fear storm,man fear storm sky,man fear storm sky
open river gate people,people open river gate,people open river gate
peace heart sweet finds,heart finds sweet peace,heart finds sweet peace
cross road town people,people cross town road,people cross town road
carry brick stone servant,servant carry stone brick,servant carry stone brick
find great people soul,people find great soul,people find great soul
river god bless people,god bless river people,god bless river people
animal eye belly sees,eye sees animal belly,eye sees animal belly
servant gate open bolt,servant open gate bolt,servant open gate bolt
cross mountain people hill,people cross mountain hill,people cross mountain hill
life grant people god,god grant people life,god grant people life
stability god gives djed,god gives stability djed,god gives stability djed
pellet mouth grain eats,mouth eats grain pellet,mouth eats grain pellet
woman horizon see west,woman see west horizon,woman see owl horizon
horizon storm see man,man see storm horizon,man see storm horizon
rope people lake cross,people cross lake rope,people cross lake rope
king servant seat seated,servant seat seated king,servant seat seated king
man hears old bird,old man hears bird,old man hears bird
finds soul life ba,soul ba finds life,soul ba finds life
desert king sees hill,king sees desert hill,king sees desert hill
grain bless god field,god bless field grain,god bless field grain
guard servant gate house,servant guard house gate,servant guard house gate
give life strong mother,mother give strong life,mother give strong life
west people god protect,god protect west people,god protect west people
peace people sweet love,people love sweet peace,people love sweet peace
road guide father youth,father guide youth road,father guide youth road
finds soul peace altar,soul finds peace altar,soul finds peace altar
mountain people walk horizon,people walk mountain horizon,people walk mountain horizon
finds chisel stone hand,hand finds stone chisel,hand finds stone chisel
beautiful god sees heart,god sees beautiful heart,god sees beautiful heart
guard servant throne temple,servant guard temple throne,servant guard temple throne
life woman hold heart,woman hold heart life,woman hold heart life
feel fire soul man,man feel fire soul,man feel fire soul
grant heart god life,god grant heart life,god grant heart life
mother give youth milk,mother give youth milk,mother give youth milk
house great makes king,king makes great house,king makes great house
finds peace heart sweet,heart finds sweet peace,heart finds sweet peace
loaf finds mother bread,mother finds bread loaf,mother finds bread loaf
feel heart man strength,man feel heart strength,man feel heart strength
woman vessel finds stone,woman finds stone vessel,woman finds stone vessel
master gives great power,master gives great power,master gives great power
honor people mother father,people honor mother father,people honor mother father
ankh life mother give,mother give life ankh,mother give life ankh
becomes above soul star,soul becomes star above,soul becomes star above
jar father milk finds,father finds milk jar,father finds milk jar
god star watch horizon,god watch star horizon,god watch star horizon
leaf gather people reed,people gather reed leaf,people gather reed leaf
great snake fear people,people fear great snake,people fear great snake
ka god becomes spirit,ka spirit becomes god,ka spirit becomes god
soul ba finds life,soul ba finds life,soul ba finds life
people path desert walk,people walk desert path,people walk desert path
guard servant house gate,servant guard house gate,servant guard house gate
servant shelter reed makes,servant makes reed shelter,servant makes reed shelter
peace sweet god grant,god grant sweet peace,god grant sweet peace
strong woman feel heart,woman feel strong heart,woman feel strong heart
plant reed woman shelter,woman plant reed shelter,woman plant reed shelter
great city makes king,king makes great city,king makes great city
lord scribe hears great,scribe hears great lord,scribe hears great lord
desert road man follow,man follow desert road,man follow desert road
sees great scribe riverbank,scribe sees great riverbank,scribe sees great riverbank
scroll scribe sees papyrus,scribe sees papyrus scroll,scribe sees papyrus scroll
god people soul hear,god hear people soul,god hear soul people
offering servant bread gives,servant gives bread offering,servant gives bread offering
man owl sky see,man see owl sky,man see owl sky
hears king great scribe,scribe hears great king,scribe hears great king
storm feel fear man,man feel storm fear,man feel fear storm
people pellet gather grain,people gather grain pellet,people gather grain pellet
grain swallow finds pellet,swallow finds grain pellet,swallow finds grain pellet
truth speaks feather mouth,mouth speaks feather truth,mouth speaks feather truth
speak master hears servant,servant hears master speak,servant hears master speak
peace feel woman sweet,woman feel sweet peace,woman feel sweet peace
guide father soul youth,father guide youth soul,father guide youth soul
hand chisel finds stone,hand finds stone chisel,hand finds stone chisel
finds heart great peace,heart finds great peace,heart finds great peace
king hears man old,old man hears king,old man hears king
opens king great gate,king opens great gate,king opens great gate
scribe sees writing beautiful,scribe sees beautiful writing,scribe sees beautiful writing
climb mountain man hill,man climb mountain hill,man climb mountain hill
see snake desert man,man see snake desert,man see snake desert
great scribe hears lord,scribe hears great lord,scribe hears great lord
face mother youth hold,mother hold youth face,mother hold youth face
woman truth feather see,woman see feather truth,woman see feather truth
river horizon see god,god see river horizon,god see river horizon
god loves truth heart,god loves heart truth,god loves heart truth
becomes star ba soul,soul ba becomes star,soul ba becomes star
river gate guard servant,servant guard river gate,servant guard river gate
scribe master speak hears,scribe hears master speak,scribe hears master speak
offering peace bring woman,woman bring peace offering,woman bring peace offering
people riverbank walk road,people walk riverbank road,people walk riverbank road
people honor father mother,people honor mother father,people honor mother father
peace heart great finds,heart finds great peace,heart finds great peace
mother hold youth life,mother hold youth life,mother hold youth life
man stone lift brick,man lift stone brick,man lift stone brick
field man cut grain,man cut grain field,man cut grain field
people town bless god,god bless people town,god bless people town
woman grain basket carry,woman carry basket grain,woman carry grain basket
fill servant milk jar,servant fill jar milk,servant fill jar milk
carry woman grain basket,woman carry basket grain,woman carry grain basket
horned see man viper,man see horned viper,man see horned viper
ba star soul becomes,soul ba becomes star,soul ba becomes star
youth rocky hill climb,youth climb rocky hill,youth climb rocky hill
beautiful woman lake sees,woman sees beautiful lake,woman sees beautiful lake
mother give youth peace,mother give youth peace,mother give youth peace
bring altar peace servant,servant bring peace altar,servant bring peace altar
people mountain pass cross,people cross mountain pass,people cross mountain pass
carry stone vessel man,man carry stone vessel,man carry stone vessel
woman sky owl hear,woman hear owl sky,woman hear owl sky
god servant seated seat,servant seat seated god,servant seat seated god
pillar lift stone man,man lift stone pillar,man lift stone pillar
watch gate temple god,god watch temple gate,god watch temple gate
leaf carry reed woman,woman carry reed leaf,woman carry reed leaf
bring peace woman altar,woman bring peace altar,woman bring peace altar
guard gate servant lake,servant guard lake gate,servant guard lake gate
temple guard door servant,servant guard temple door,servant guard temple door
loaf woman sweet eats,woman eats sweet loaf,woman eats sweet loaf
protect west town god,god protect west town,god protect west town
people hill road cross,people cross hill road,people cross hill road
west follow man road,man follow west road,man follow west road
seated loves woman man,man loves seated woman,man loves seated woman
servant seat seated king,servant seat seated king,servant seat seated king
makes flax scribe twisted,scribe makes twisted flax,scribe makes twisted flax
bread sweet bring servant,servant bring sweet bread,servant bring sweet bread
woman ka life see,woman see ka life,woman see ka life
city king sees beautiful,king sees beautiful city,king sees beautiful city
spirit god becomes ka,ka spirit becomes god,ka spirit becomes god
woman sees handle basket,woman sees basket handle,woman sees basket handle
lotus bring offering woman,woman bring lotus offering,woman bring lotus offering
people peace grant god,god grant people peace,god grant people peace
sees rack jars servant,servant sees jars rack,servant sees jars rack
power man heart feel,man feel heart power,man feel heart power
king reed shelter sees,king sees reed shelter,king sees reed shelter
fear storm man feel,man feel fear storm,man feel fear storm
sees chisel stone scribe,scribe sees stone chisel,scribe sees stone chisel
sweet offering woman makes,woman makes sweet offering,woman makes sweet offering
becomes great scarab god,scarab becomes great god,scarab becomes great god
peace woman sweet feel,woman feel sweet peace,woman feel sweet peace
people follow desert road,people follow desert road,people follow desert road
god sky see horizon,god see horizon sky,god see horizon sky
spirit strong man feel,man feel strong spirit,man feel strong spirit
watch desert town god,god watch desert town,god watch desert town
clean temple stool servant,servant clean temple stool,servant clean temple stool
road people walk hill,people walk hill road,people walk hill road
hill god see desert,god see desert hill,god see desert hill
people god throne praise,people praise god throne,people praise god throne
river people walk road,people walk river road,people walk river road
ka see spirit woman,woman see ka spirit,woman see ka spirit
servant bring satisfy peace,servant bring peace satisfy,servant bring peace satisfy
writing scribe beautiful sees,scribe sees beautiful writing,scribe sees beautiful writing
offering sweet woman makes,woman makes sweet offering,woman makes sweet offering
fear people snake great,people fear great snake,people fear great snake
god throne bless temple,god bless throne temple,god bless temple throne
soul give life mother,mother give soul life,mother give soul life
woman plant lotus sees,woman sees lotus plant,woman sees lotus plant
see god riverbank people,god see riverbank people,god see riverbank people
heart becomes great peace,heart becomes great peace,heart becomes great peace
god west river watch,god watch river west,god watch river west
feel sweet woman soul,woman feel sweet soul,woman feel sweet soul
people god hear heart,god hear people heart,god hear heart people
see woman sky owl,woman see owl sky,woman see owl sky
mighty people sees lord,mighty lord sees people,mighty lord sees people
servant open bolt door,servant open door bolt,servant open door bolt
sweet youth seek heart,youth seek sweet heart,youth seek sweet heart
servant flax bring twisted,servant bring twisted flax,servant bring twisted flax
night owl hear father,father hear owl night,father hear owl night
servant bolt finds door,servant finds door bolt,servant finds door bolt
sky face beautiful sees,face sees beautiful sky,face sees beautiful sky
beautiful heart loves truth,heart loves beautiful truth,heart loves beautiful truth
bring sweet man bread,man bring sweet bread,man bring sweet bread
loves beautiful life heart,heart loves beautiful life,heart loves beautiful life
speak king hears servant,servant hears king speak,servant hears king speak
woman vessel milk carry,woman carry milk vessel,woman carry milk vessel
lotus gather plant people,people gather lotus plant,people gather lotus plant
hand water gives ripple,hand gives water ripple,hand gives water ripple
guard gate city servant,servant guard city gate,servant guard city gate
temple guard servant house,servant guard house temple,servant guard house temple
sees youth lotus plant,youth sees lotus plant,youth sees lotus plant
god lake horizon see,god see lake horizon,god see lake horizon
clump carry woman papyrus,woman carry papyrus clump,woman carry papyrus clump
soul ba becomes star,soul ba becomes star,soul ba becomes star
man fear feel storm,man feel storm fear,man feel fear storm
clump woman papyrus carry,woman carry papyrus clump,woman carry papyrus clump
peace seek soul youth,youth seek soul peace,youth seek soul peace
horned desert finds viper,horned viper finds desert,horned viper finds desert
guard gate house servant,servant guard house gate,servant guard house gate
fill jar milk servant,servant fill jar milk,servant fill jar milk
road cross desert people,people cross desert road,people cross desert road
servant rack jars sees,servant sees jars rack,servant sees jars rack
shelter reed people gather,people gather reed shelter,people gather reed shelter
bless god river people,god bless river people,god bless river people
power servant master hears,servant hears master power,servant hears master power
father give mother love,father give mother love,father give mother love
servant bring jar grain,servant bring grain jar,servant bring grain jar
man vessel bring milk,man bring milk vessel,man bring milk vessel
above becomes soul star,soul becomes star above,soul becomes star above
people god rule city,god rule city people,god rule city people
grant life ankh god,god grant life ankh,god grant life ankh
gather clump papyrus people,people gather papyrus clump,people gather papyrus clump
makes papyrus scribe clump,scribe makes papyrus clump,scribe makes papyrus clump
see horizon fire man,man see fire horizon,man see fire horizon
youth mother hold life,mother hold youth life,mother hold youth life
above emerges snake desert,snake emerges above desert,snake emerges above desert
temple pillar guard servant,servant guard temple pillar,servant guard temple pillar
stone cuts brick chisel,stone chisel cuts brick,stone chisel cuts brick
beautiful sees star woman,woman sees beautiful star,woman sees beautiful star
people plant lotus gather,people gather lotus plant,people gather lotus plant
basket bring servant grain,servant bring grain basket,servant bring grain basket
stone see snake man,man see snake stone,man see snake stone
feel strong power youth,youth feel strong power,youth feel strong power
power praise people god,people praise god power,people praise god power
mountain man road sees,man sees mountain road,man sees mountain road
people protect town god,god protect people town,god protect town people
great hill youth climb,youth climb great hill,youth climb great hill
rope coil bring servant,servant bring rope coil,servant bring rope coil
sees king throne seat,king sees seat throne,king sees seat throne
cuts sickle man plant,man cuts plant sickle,man cuts plant sickle
horizon people sky walk,people walk sky horizon,people walk horizon sky
river west people cross,people cross west river,people cross river west
hear soul heart god,god hear heart soul,god hear heart soul
scribe writing sees beautiful,scribe sees beautiful writing,scribe sees beautiful writing
pellet servant bring grain,servant bring grain pellet,servant bring grain pellet
seat servant throne man,servant seat man throne,servant seat man throne
road riverbank follow man,man follow riverbank road,man follow riverbank road
folded cloth makes servant,servant makes folded cloth,servant makes folded cloth
people honor soul ba,people honor soul ba,people honor soul ba
star king sees horizon,king sees horizon star,king sees horizon star
people house brick build,people build brick house,people build brick house
offering mother gives sweet,mother gives sweet offering,mother gives sweet offering
clump woman plant papyrus,woman plant papyrus clump,woman plant papyrus clump
god desert town protect,god protect desert town,god protect desert town
peace sweet feel woman,woman feel sweet peace,woman feel sweet peace
book scroll scribe makes,scribe makes scroll book,scribe makes scroll book
vessel rope man carry,man carry rope vessel,man carry rope vessel
reed leaf hand finds,hand finds reed leaf,hand finds reed leaf
strong seek soul youth,youth seek strong soul,youth seek strong soul
master servant hears authority,servant hears master authority,servant hears master authority
follow road man river,man follow river road,man follow river road
west watch god river,god watch river west,god watch river west
carry woman papyrus scroll,woman carry papyrus scroll,woman carry papyrus scroll
sweet loaf eats mouth,mouth eats sweet loaf,mouth eats sweet loaf
king sees reed shelter,king sees reed shelter,king sees reed shelter
youth love father teach,father teach youth love,father teach youth love
god people river protect,god protect river people,god protect river people
life sweet youth love,youth love sweet life,youth love sweet life
peace youth seek soul,youth seek soul peace,youth seek soul peace
see sky woman mountain,woman see mountain sky,woman see mountain sky
mother love teach youth,mother teach youth love,mother teach youth love
hill owl man see,man see owl hill,man see owl hill
water becomes ripple river,water ripple becomes river,water ripple becomes river
strong feel man heart,man feel strong heart,man feel strong heart
finds great road father,father finds great road,father finds great road
peace servant bring offering,servant bring peace offering,servant bring peace offering
woman leaf plant reed,woman plant reed leaf,woman plant reed leaf
build temple town people,people build town temple,people build town temple
cloth makes mother folded,mother makes folded cloth,mother makes folded cloth
fear people storm mighty,people fear mighty storm,people fear mighty storm
gives water hand ripple,hand gives water ripple,hand gives water ripple
road sees mountain man,man sees mountain road,man sees mountain road
father great sees city,father sees great city,father sees great city
hears great lord scribe,scribe hears great lord,scribe hears great lord
life soul youth seek,youth seek soul life,youth seek soul life
man carry basket handle,man carry basket handle,man carry basket handle
milk jar father finds,father finds milk jar,father finds milk jar
give mother soul life,mother give soul life,mother give soul life
