Input,Target,Prediction
/ gives begets animal life youth belly (ankh) birth,animal belly gives birth / begets youth life (ankh),animal belly gives birth / begets youth life (ankh)
heart (ba) (spirit) ka (ankh) / soul life god deity,ka (spirit) soul (ba) heart life (ankh) god / deity,god / deity ka (spirit) soul (ba) heart life (ankh)
man cuts tethering rope,man cuts rope tethering,man cuts rope tethering
/ loaf king servant / he power great mighty conical (give),he / king conical loaf (give) power great / mighty servant,he / king conical loaf (give) power great / mighty servant
star (spirit) ka soul emerge sky horizon (ba),soul (ba) ka (spirit) emerge horizon sky star,soul (ba) ka (spirit) emerge horizon sky star
field (tills) great / mighty plows sickle,sickle plows (tills) great / mighty field,sickle plows (tills) great / mighty field
woman face walks upon,woman walks face upon,woman walks face upon
mountain shapes god stone,god shapes stone mountain,god shapes stone mountain
power god force strength grants,god grants power strength force,god grants power strength force
bird sees head owl emerge of snake,head of bird owl sees snake emerge,head of bird owl sees snake emerge
renews life god cycle,god renews life cycle,god renews life cycle
(plural single marker) stroke stroke thing,single stroke stroke (plural marker) thing,single stroke stroke (plural marker) thing
horizon every great eye big / lord sees fire /,lord / every eye sees great / big fire horizon,lord / every eye sees great / big fire horizon
binds knot man rope,man binds rope knot,man binds rope knot
foot across riverbank steps,foot steps across riverbank,foot steps across riverbank
god birth youth gives great,great god gives birth youth,great god gives birth youth
gives birth youth father life / begets mother (ankh) heart,father mother gives birth / begets youth life (ankh) heart,father mother gives birth / begets youth life (ankh) heart
good swallow sky beautiful horizon / emerge (great),swallow (great) emerge horizon sky beautiful / good,swallow (great) emerge horizon sky beautiful / good
light horizon sees man,man sees horizon light,man sees horizon light
woman bread altar offers,woman offers bread altar,woman offers bread altar
people protects god town city,god protects city town people,god protects city town people
make to great thing mighty strong do forearm hand / /,forearm strong hand to do / make thing great / mighty,forearm strong hand to do / make thing great / mighty
sits king throne seated,king sits seated throne,king sits seated throne
god becomes rebirth scarab,god becomes scarab rebirth,god becomes scarab rebirth
heart mountain west peace sky / satisfy horizon,west mountain horizon sky peace / satisfy heart,west mountain horizon sky beautiful / good
great town house city / / pillar (djed) stability grandfather,stability (djed) pillar / grandfather house city / town great,stability (djed) pillar / grandfather house city / town great
seat mighty / / great stone become beautiful throne / good throne,great / mighty stone become beautiful / good throne seat / throne,great / mighty stone become beautiful / good throne seat / throne
sees man night owl,man sees owl night,man sees owl night
throne symbolizes seat power royal,seat throne symbolizes royal power,seat throne symbolizes royal power
gives ankh father life,father gives life ankh,father gives life ankh
sedge crown king wears,king wears sedge crown,king wears sedge crown
walks king road city,king walks road city,king walks road city
weighs truth maat feather heart,feather maat weighs heart truth,feather maat weighs heart truth
sees upon face woman beauty,woman sees beauty face upon,woman sees beauty face upon
woman before god kneels,woman kneels before god,woman kneels before god
clump plants papyrus man,man plants papyrus clump,man plants papyrus clump
peace offering altar consumes fire,fire consumes offering altar peace,fire consumes offering altar peace
mother milk child feeds jar,mother feeds child milk jar,mother feeds child milk jar
water woman vessel pours,woman pours water vessel,woman pours water vessel
/ soul offering god (ba) thousand altar deity peace /,thousand offering peace / altar god / deity soul (ba),thousand offering peace / altar god / deity soul (ba)
stone / do strong to forearm hand brick make,forearm strong hand to do / make stone brick,forearm strong hand to do / make stone brick
/ slope brick hill town face city brick (upon) / on house,face / on (upon) hill slope brick house brick city / town,face / on (upon) hill slope brick house brick city / town
man sees heart god of,god sees heart of man,god sees heart of man
reed book hand writing papyrus scribe leaf / scroll,reed leaf writing / scribe papyrus scroll book hand,reed leaf writing / scribe papyrus scroll book hand
/ big lord king love lord every servant he / / great,lord / every servant love great / big he / king lord,lord / every servant love great / big he / king lord
book hand stroke / papyrus scribe scroll writing single,writing / scribe papyrus scroll book hand single stroke,writing / scribe papyrus scroll book hand single stroke
foot town riverbank city gate road / town,foot road town city / town gate riverbank,foot road town city / town gate riverbank
cloth folded three skins thing fox,three fox skins folded cloth thing,three fox skins folded cloth thing
renews god cycle time,god renews time cycle,god renews time cycle
city protects town god,god protects city town,god protects city town
horizon sky god opens,god opens horizon sky,god opens horizon sky
good throne mighty become seat / / stone throne beautiful great /,great / mighty stone become beautiful / good throne seat / throne,great / mighty stone become beautiful / good throne seat / throne
man walks west toward,man walks toward west,man walks toward west
master thing three folded (lord) all fox skins (every) cloth /,three fox skins folded cloth thing master (lord) / all (every),three fox skins folded cloth thing great / mighty
basket man carries handle,man carries basket handle,man carries basket handle
sees man god heart,god sees heart man,god sees heart man
man (truth/maat) / hear listen old feather,old man hear / listen feather (truth/maat),old man hear / listen feather (truth/maat)
sky hill above mountain horizon desert star,horizon star sky above desert hill mountain,sky horizon star above mountain desert hill
found) is exists (or / opens / town town city road gate,opens / exists (or is found) gate road town city / town,opens / exists (or is found) gate road city / town town
plows strong great / field big grain (tills) pellet / man,strong man plows (tills) great / big field grain / pellet,strong man plows (tills) great / big field grain / pellet
town stone brick strong hand cut / city,strong hand cut stone brick city / town,strong hand cut stone brick city / town
sees fire man horizon,man sees fire horizon,man sees fire horizon
fear underground dark people,people fear dark underground,people fear dark underground
jar / jar peace deity satisfy god / milk vessel,vessel jar milk jar peace / satisfy god / deity,vessel jar milk jar peace / satisfy god / deity
/ in peace rack jar jar milk vessel altar jars,jar vessel jars in rack milk jar peace / altar,jar vessel jars in rack milk jar peace / altar
coil rope ripple water riverbank of rope lake tethering,coil of rope tethering rope riverbank lake water ripple,coil of rope tethering rope riverbank lake water ripple
vessel jar / mouth loaf drink speak / eat bread,mouth eat / drink / speak bread loaf vessel jar,mouth eat / drink / speak bread loaf vessel jar
words speaks power king,king speaks words power,king speaks words power
man walks west toward,man walks toward west,man walks toward west
love plant heart good lotus / beautiful,heart love beautiful / good lotus plant,heart love beautiful / good lotus plant
road city brick house hoe / plows town (repeated),hoe plows (repeated) road city / town house brick,hoe plows (repeated) road city / town house brick
city king town rules,king rules town city,king rules town city
(ankh) begets mother good life / birth gives / beautiful youth,mother gives birth / begets beautiful / good youth life (ankh),mother gives birth / begets beautiful / good youth life (ankh)
(ankh) / life mother gives father youth birth begets heart,father mother gives birth / begets youth life (ankh) heart,father mother gives birth / begets youth life (ankh) heart
king gives god offering,king gives offering god,king gives bread offering god
every king great people love,every people love great king,every people love great king
love lotus sweet plant woman life (ankh) seated,seated woman love lotus plant sweet life (ankh),seated woman love lotus plant sweet life (ankh)
good beautiful (ankh) life plant sweet heart lotus /,lotus plant sweet beautiful / good life (ankh) heart,lotus plant sweet beautiful / good life (ankh) heart
/ bread jar thousand offering altar peace milk,thousand offering peace / altar bread milk jar,thousand offering peace / altar bread milk jar
west from emerges underground god,god emerges from underground west,god emerges from underground west
old / (ba) soul (spirit) man ka marrow venerated father,old man venerated / marrow father soul (ba) ka (spirit),old man venerated / marrow father soul (ba) ka (spirit)
people hill beyond desert travel,people travel beyond desert hill,people travel beyond desert hill
hoe grain head / ox of pellet field strong,head of ox grain / pellet field hoe strong,head of ox grain / pellet field hoe strong
people by gather riverbank,people gather by riverbank,people gather by riverbank
stone heavy man lifts,man lifts heavy stone,man lifts heavy stone
ripple hears man sound water,man hears sound water ripple,man hears sound water ripple
leads horizon road west,road leads west horizon,road leads people west
star sky chick head horizon of bird quail,quail chick head of bird sky star horizon,quail chick head of bird horizon sky star
adze brick town / city house stone,adze stone brick house city / town,adze stone brick house city / town
woman milk jar opens,woman opens jar milk,woman opens jar milk
shelter river papyrus lake reed clump,reed shelter papyrus clump lake river,reed shelter lake papyrus clump river
man beautiful old becomes youth,beautiful youth becomes old man,beautiful youth becomes old man
great slope sky mighty storm fire hill mountain /,great / mighty storm fire sky mountain hill slope,great / mighty storm fire sky mountain hill slope
seated head woman sees bird owl / beautiful of good,owl head of bird sees seated woman beautiful / good,owl head of bird sees seated woman beautiful / good
pillar grandfather power (djed) authority stability /,stability (djed) pillar / grandfather power authority,stability (djed) pillar / grandfather power authority
house upon brick / slope face hill,face / upon hill slope brick house,face / upon hill slope brick house
guards life woman child,woman guards child life,woman guards child life
/ youth / listen master speak / big hear (lord) / / great all drink (every) eat,youth hear / listen great / big master (lord) / all (every) eat / drink / speak,youth hear / listen great / big master (lord) / all (every) eat / drink / speak
woman walks bank beside river,woman walks beside river bank,woman walks beside river bank
man forearm strength grips,man grips forearm strength,man grips forearm strength
owl night sees man,man sees owl night,man sees owl night
town back lotus / behind chick house / city quail plant,quail chick behind / back lotus plant house city / town,quail chick behind / back lotus plant house city / town
venerated father heart man marrow / old (ba) soul,old man venerated / marrow father heart soul (ba),old man venerated / marrow father heart soul (ba)
seated plant woman love lotus peace,seated woman love lotus plant peace,seated woman love lotus plant peace
speak / eat drink loaf / mouth bread,mouth eat / drink / speak bread loaf,mouth eat / drink / speak bread loaf
god life great gives,great god gives life,great god gives life
good basket thing / (ankh) / life all) beautiful (lord heart,basket (lord / all) thing beautiful / good life (ankh) heart,basket (lord / all) thing beautiful / good life (ankh) heart
jars stone rack vessel ring great in,ring stone vessel jars in rack great,ring stone vessel jars in rack great
three cloth beautiful skins folded fox good / thing servant,three fox skins folded cloth thing beautiful / good servant,three fox skins folded cloth thing beautiful / good servant
above slope mountain sky desert hill field,sky above mountain desert hill slope field,sky above mountain desert hill slope field
deity god praise people,people praise god deity,people praise god deity
all) life / (ankh) animal upon (lord / basket belly face god,basket (lord / all) face / upon animal belly life (ankh) god,basket (lord / all) face / upon animal belly life (ankh) god
power king strength / authority he force / people,strength / force power authority he / king people,strength / force power authority he / king people
strong to hand brick forearm make / do stone,forearm strong hand to do / make stone brick,forearm strong hand to do / make stone brick
/ father peace / marrow venerated satisfy heart life mother,venerated / marrow father mother heart peace / satisfy life,venerated / marrow father mother heart peace / satisfy life
gives god life great,great god gives life,great god gives life
gate opens god hidden,god opens hidden gate,god opens hidden gate
people royal listen decree,people listen royal decree,people listen royal decree
emerge underground lake water ripple snake horizon,underground lake water ripple snake emerge horizon,underground lake water ripple snake emerge horizon
land plows field man,man plows land field,man plows land field
life child loves woman,woman loves child life,woman loves child life
follow west people road,people follow road west,people follow road west
make house brick servant to do /,servant to do / make brick house,servant to do / make brick house
book papyrus hand single scribe scroll stroke writing /,papyrus scroll book writing / scribe hand single stroke,writing / scribe papyrus scroll book hand single stroke
power holds king authority,king holds power authority,king holds power authority
/ / house town pillar grandfather (djed) stability city stone,stability (djed) pillar / grandfather house city / town stone,stability (djed) pillar / grandfather house city / town stone
god sky controls storm,god controls storm sky,god controls storm sky
plows hoe (repeated) town road city /,hoe plows (repeated) road city / town,hoe plows (repeated) road city / town
old feather listen man (truth/maat) / hear,old man hear / listen feather (truth/maat),old man hear / listen feather (truth/maat)
god strong strength grants,god grants strength strong,god grants strength strong
make hand to do / great / / thing good beautiful mighty,hand to do / make thing beautiful / good great / mighty,hand to do / make thing beautiful / good great / mighty
people river water cross,people cross river water,people cross river water
road people cross winding,people cross winding road,people cross winding road
mighty people sedge authority / (king) / great king he,sedge (king) he / king great / mighty authority people,sedge (king) he / king great / mighty authority people
god kneels woman before,woman kneels before god,woman kneels before god
land rules king every,king rules every land,king rules every land
town stone brick chisel / cut city adze,adze chisel cut stone brick city / town,adze chick cut stone brick city / town
jar ripple water man carries,man carries jar water ripple,man carries jar water ripple
/ road rope rope city coil tethering town riverbank of,coil of rope tethering rope riverbank road city / town,coil of rope tethering rope riverbank road city / town
woman kneels god before,woman kneels before god,woman kneels before god
man seated mat / board senet stool,senet board stool / mat seated man,senet board stool / mat seated man
/ house board mat seated man senet stool,senet board stool / mat seated man house,senet board stool / mat seated man house
live protection people under,people live under protection,people live under protection
birth gives great god youth,great god gives birth youth,great god gives birth youth
love plant lotus seated woman peace,seated woman love lotus plant peace,seated woman love lotus plant peace
speaks words mouth authority power,mouth speaks words power authority,mouth speaks words power authority
land creates mountain god,god creates mountain land,god creates mountain land
altar consumes fire offering peace,fire consumes offering altar peace,fire consumes offering altar peace
loves lotus beautiful plant woman,beautiful woman loves lotus plant,beautiful woman loves lotus plant
god man voice hears,man hears god voice,man hears voice god
king rules town city,king rules town city,king rules town city
hand forearm to do / strong make,forearm strong hand to do / make,forearm strong hand to do / make
slope plows hoe road (repeated) hill mountain desert,hoe plows (repeated) road mountain desert hill slope,hoe plows (repeated) road mountain desert hill slope
/ servant house brick do make to,servant to do / make brick house,servant to do / make brick house
woman behind house walks,woman walks behind house,woman walks behind house
old man people honor,people honor old man,people honor old man
man holds hoe field,man holds hoe field,man holds hoe field
owl night sees man,man sees owl night,man sees owl night
handle with rack basket vessel jars jar milk in,basket with handle jars in rack milk jar vessel,basket with handle jars in rack milk jar vessel
gives spirit god ka,god gives ka spirit,god gives ka spirit
field strong pellet ox of hoe / head grain,head of ox grain / pellet field hoe strong,head of ox grain / pellet field hoe strong
gate house man enters,man enters house gate,man enters house gate
people dwell town city,people dwell city town,people dwell city town
beautiful / lotus heart love peace sweet good / plant satisfy,heart love beautiful / good lotus plant sweet peace / satisfy,heart love beautiful / good lotus plant sweet peace / satisfy
king bread people gives offering,king gives bread offering people,king gives bread offering people
eat drink / / loaf speak mouth bread,mouth eat / drink / speak bread loaf,mouth eat / drink / speak bread loaf
god mountain shapes stone,god shapes stone mountain,god shapes stone mountain
god eye upon / deity face sees /,eye sees face / upon god / deity,eye sees face / upon god / deity
sits king throne power,king sits throne power,king sits throne power
with carries handle woman basket,woman carries basket with handle,woman carries basket with handle
bank people near river live,people live near river bank,people live near river bank
west god gate opens house,god opens house gate west,god opens house gate west
build shelter reed people,people build reed shelter,people build reed shelter
birth begets / life youth mother gives,mother gives birth / begets youth life,mother gives birth / begets youth life
birth beautiful good / gives placenta begets belly youth / animal,animal belly placenta gives birth / begets beautiful / good youth,animal belly placenta gives birth / begets beautiful / good youth
conical offering (give) life deity / peace altar / loaf (ankh) god,conical loaf (give) offering peace / altar god / deity life (ankh),conical loaf (give) offering peace / altar life (ankh) god
animal / belly birth gives life begets placenta,animal belly placenta gives birth / begets life,animal belly placenta gives birth / begets life
soul deity (spirit) heart (ba) god / ka (ankh) life,ka (spirit) soul (ba) heart life (ankh) god / deity,ka (spirit) soul (ba) heart life (ankh) god / deity
star horizon (great) sky swallow emerge above,swallow (great) emerge horizon sky star above,swallow (great) emerge horizon sky star above
feeds jar milk child mother,mother feeds child milk jar,mother feeds child milk jar
sees god great town every,every town sees great god,every town sees great god
birth / gives authority town begets force / strength,authority strength / force gives birth / begets town,authority strength / force gives birth / begets town
stone brick city chisel house adze,adze chisel stone brick house city,adze chisel stone brick house city
travel hill people desert beyond,people travel beyond desert hill,people travel beyond desert hill
gives beautiful / good mother father begets / youth birth,mother father gives birth / begets beautiful / good youth,mother father gives birth / begets beautiful / good youth
(ankh) sickle (tills) plows life field,sickle plows (tills) field life (ankh),sickle plows (tills) field
lotus woman offering offers,woman offers lotus offering,woman offers lotus offering
woman life child guards,woman guards child life,woman guards child life
house makes brick father strong,strong father makes brick house,strong father makes brick house
basket tethering handle of with rope rope vessel coil,tethering rope coil of rope basket with handle vessel,tethering rope coil of rope basket with handle vessel
power king wears crown,king wears crown power,king wears crown power
gate return behind retreat back to / / road town,to return / retreat behind / back gate town road,to return / retreat behind / back gate town road
seat sits king power throne,king sits seat throne power,king sits seat throne power
from god emerges hill,god emerges from hill,god emerges from hill
woman walks house behind,woman walks behind house,woman walks behind house
man pillar stone lifts,man lifts stone pillar,man lifts stone pillar
conical eats loaf man,man eats conical loaf,man eats conical loaf
great behind river mountain hill,great river behind mountain hill,great river behind mountain hill
horizon mountain above sky star,horizon star sky above mountain,horizon star sky above mountain
man eats every bread jar,every man eats bread jar,every man eats bread jar
lord plant field riverbank / become every great / big,lord / every riverbank become great / big field plant,lord / every riverbank become great / big field plant
beautiful big / / peace slope good / hill above great altar,beautiful / good peace / altar above great / big hill slope,beautiful / good peace / altar above great / big hill slope
/ marrow venerated old / heart man peace satisfy,old man venerated / marrow heart peace / satisfy,old man venerated / marrow heart peace / satisfy
king seat sits throne power,king sits seat throne power,king sits seat throne power
sits house gate behind woman,woman sits behind house gate,woman sits behind house gate
/ great slope fire sky hill mountain storm mighty,great / mighty storm fire sky mountain hill slope,great / mighty storm fire sky mountain hill slope
heart peace every sweet loves,every heart loves sweet peace,every heart loves sweet peace
plants man reed leaf,man plants reed leaf,man plants reed leaf
places sky god star,god places star sky,god places star sky
stone brick town / city cut adze chisel,adze chisel cut stone brick city / town,adze chick cut stone brick city / town
cross people bridge river,people cross bridge river,people cross bridge river
people cross hill road desert,people cross road desert hill,people cross road desert hill
tills plows man fertile field,man plows tills fertile field,man plows tills fertile field
dwell town city people,people dwell city town,people dwell city town
in stone ring jars vessel rack great,ring stone vessel jars in rack great,ring stone vessel jars in rack great
papyrus writes man scroll,man writes papyrus scroll,man writes papyrus scroll
head bird of owl sees bird,owl head of bird sees bird,owl head of bird sees bird
rest beside people lake,people rest beside lake,people rest beside lake
wood shapes adze man,man shapes wood adze,man shapes wood adze
king stone temple builds,king builds stone temple,king builds stone temple
woman town road follows,woman follows road town,woman follows road town
adze city chisel house brick stone,adze chisel stone brick house city,adze chisel stone brick house city
temple offering woman brings,woman brings offering temple,woman brings offering temple
/ / drink / speak big eat youth hear listen master (lord) great all / / (every),youth hear / listen great / big master (lord) / all (every) eat / drink / speak,youth hear / listen great / big master (lord) / all (every) eat / drink / speak
sky horizon god opens,god opens horizon sky,god opens horizon sky
heart peace life soul / (ankh) (satisfied) (ba) content god,heart peace / content (satisfied) soul (ba) life (ankh) god,heart peace / content (satisfied) soul (ba) life (ankh) god
stone heavy lifts man,man lifts heavy stone,man lifts heavy stone
path follow people divine,people follow divine path,people follow divine path
star (great) sky emerge swallow horizon above,swallow (great) emerge horizon sky star above,swallow (great) emerge horizon sky star above
builds temple king stone,king builds stone temple,king builds stone temple
clump papyrus lake shelter swallow (great) reed sky,reed shelter lake papyrus clump swallow (great) sky,reed shelter lake papyrus clump swallow (great) sky
heart venerated soul marrow / (ba) father hear,venerated / marrow father hear heart soul (ba),venerated / marrow father hear heart soul (ba)
behind great / / / cobra back mighty city gate town,great / mighty cobra behind / back gate city / town,great / mighty cobra behind / back gate city / town
king every lord great / / love he big lord servant /,lord / every servant love great / big he / king lord,lord / every servant love great / big he / king lord
riverbank across steps foot,foot steps across riverbank,foot steps across riverbank
water ripple vessel life carries,vessel carries water ripple life,vessel carries water ripple life
power all master (every) / authority (lord) servant,authority power master (lord) / all (every) servant,authority power master (lord) / all (every) servant
hoe road (repeated) hill desert slope mountain plows,hoe plows (repeated) road mountain desert hill slope,hoe plows (repeated) road mountain desert hill slope
jars stone in vessel stone rack ring,ring stone vessel jars in rack stone,ring stone vessel jars in rack stone
life great god people gives,great god gives life people,great god gives life people
words man writes sacred,man writes sacred words,man writes sacred words
star sky sees sky horizon eye,eye sees star sky horizon sky,eye sees star sky horizon sky
quail head of bird chick horizon,quail chick head of bird horizon,quail chick head of bird horizon
skins (lord) folded three cloth thing master all (every) fox /,three fox skins folded cloth thing master (lord) / all (every),three fox skins folded cloth thing great / mighty
woman sees / owl good head bird seated of beautiful,owl head of bird sees seated woman beautiful / good,owl head of bird sees seated woman beautiful / good
man city opens gate,man opens city gate,man opens city gate
single stroke thing great (plural stroke big marker) /,single stroke stroke (plural marker) thing great / big,single stroke stroke (plural marker) thing great / big
love plant lotus seated peace woman,seated woman love lotus plant peace,seated woman love lotus plant peace
great sees king city town,great king sees city town,great king sees city town
/ adze stone house brick city town,adze stone brick house city / town,adze stone brick house city / town
jar jar vessel peace / offering milk altar,jar vessel milk jar offering peace / altar,jar vessel milk jar offering peace / altar
people near lake live,people live near lake,people live near lake
king power / sedge authority strength force / he (king),sedge (king) authority he / king power strength / force,he / king sedge (king) authority power strength / force
great grandfather pillar / stability town / (djed) house city,stability (djed) pillar / grandfather house city / town great,stability (djed) pillar / grandfather house city / town great
stone power becomes strong brick,strong power becomes stone brick,strong power becomes stone brick
life youth man become old marrow / (ankh) venerated,youth become old man venerated / marrow life (ankh),youth become old man life (ankh) venerated / marrow
settle field fertile people,people settle fertile field,people settle fertile field
peace good / hill / great slope above big beautiful altar /,beautiful / good peace / altar above great / big hill slope,beautiful / good peace / altar above great / big hill slope
chisel stone holds man,man holds chisel stone,man holds chisel stone
water snake desert hill emerge ripple lake underground,underground lake water ripple snake emerge desert hill,underground lake water ripple snake emerge desert hill
snake underground emerge lake ripple water,underground lake water ripple snake emerge,underground lake water ripple snake emerge
(truth/maat) / every feather god / / hear eat lord man speak drink,lord / every god hear man eat / drink / speak feather (truth/maat),lord / every god hear man eat / drink / speak feather (truth/maat)
horizon above desert hill great,great horizon above desert hill,great horizon above desert hill
stroke stroke single city people (plural town / thing marker),single stroke stroke (plural marker) thing people city / town,single stroke stroke (plural marker) thing people city / town
youth birth / father life gives mother begets,father mother gives birth / begets youth life,father mother gives birth / begets youth life
great rules sky god,great god rules sky,great god rules sky
eye sees / face god deity upon /,eye sees face / upon god / deity,eye sees face / upon god / deity
foot road riverbank town gate city / town,foot road town city / town gate riverbank,foot road town city / town gate riverbank
star above of quail bird head sky chick horizon,quail chick head of bird horizon sky star above,quail chick head of bird horizon sky star above
west travels ba soul underground,soul ba travels west underground,soul ba travels west underground
toward gate city opens town,gate opens toward city town,gate opens toward city town
life beautiful gives good mother / youth (ankh) birth / begets,mother gives birth / begets beautiful / good youth life (ankh),mother gives birth / begets beautiful / good youth life (ankh)
emerges god from hill,god emerges from hill,god emerges from hill
heavy man stone lifts,man lifts heavy stone,man lifts heavy stone
desert climbs man hill,man climbs desert hill,man climbs desert hill
sees every town god great,every town sees great god,every town sees great god
ties twisted flax man,man ties twisted flax,man ties twisted flax
(lord) / authority master (every) force / strength all,authority strength / force master (lord) / all (every),authority strength / force master (lord) / all (every)
man eats conical loaf,man eats conical loaf,man eats conical loaf
lake big river papyrus clump / back / great behind,great / big lake behind / back papyrus clump river,great / big lake behind / back papyrus clump river
heart sees bird man head owl of seated,owl head of bird sees seated man heart,owl head of bird sees seated man heart
gate god house protects,god protects house gate,god protects house gate
fox folded skins / all cloth (every) master three thing (lord),three fox skins folded cloth thing master (lord) / all (every),three fox skins folded cloth thing great / mighty
scribe / hand scribe papyrus scroll writing,scribe writing / scribe papyrus scroll hand,scribe writing / scribe papyrus scroll hand
stone pillar lifts man,man lifts stone pillar,man lifts stone pillar
woman milk jar drinks,woman drinks milk jar,woman drinks milk jar
offering god king gives,king gives offering god,king gives bread offering god
city / town plows (repeated) road hoe,hoe plows (repeated) road city / town,hoe plows (repeated) road city / town
cobra snake sees man,man sees cobra snake,man sees cobra snake
animal / placenta birth begets gives belly,placenta animal belly gives birth / begets,animal belly placenta gives birth / begets
eats conical loaf man,man eats conical loaf,man eats conical loaf
heart judges truth god,god judges heart truth,god judges heart truth
water drinks ripple man,man drinks water ripple,man drinks water ripple
three / beautiful cloth skins fox thing folded good,three fox skins folded cloth thing beautiful / good,three fox skins folded cloth thing beautiful / good
great / man (tills) / pellet strong grain plows field big,strong man plows (tills) great / big field grain / pellet,strong man plows (tills) great / big field grain / pellet
man heart sees god,god sees heart man,god sees heart man
sits stool woman woman seated,woman sits seated woman stool,woman sits seated woman stool
/ scribe scroll book papyrus writing sees hand,writing / scribe sees book papyrus scroll hand,writing / scribe sees book papyrus scroll hand
sky star west mountain above hill horizon,west mountain horizon sky star above hill,west mountain horizon sky star above hill
hand rope / tethering rope make to do of coil,tethering rope coil of rope hand to do / make,tethering rope coil of rope hand to do / make
great mighty storm sky mountain / fire,storm fire sky great / mighty mountain,storm fire sky great / mighty mountain
god horizon eastern rises beyond,god rises beyond eastern horizon,god rises beyond eastern horizon
side power force / strength backbone / rib,side / rib backbone strength / force power,side / rib backbone strength / force power
river man drinks from,man drinks from river,man drinks from river
father loaf bread good makes,good father makes bread loaf,good father makes bread loaf
food jar stores grain pellet,jar stores grain pellet food,jar stores grain pellet food
marrow venerated people honor,people honor venerated marrow,people honor venerated marrow
sky fire great fear mighty / storm,storm fire sky great / mighty fear,storm fire sky great / mighty fear
woman milk carries jar,woman carries milk jar,woman carries milk jar
strong brick stone hand / make to do forearm,forearm strong hand to do / make stone brick,forearm strong hand to do / make stone brick
peace sky / mountain horizon satisfy west,west mountain horizon sky peace / satisfy,west mountain horizon sky peace / satisfy
king force power holds strength,king holds power strength force,king holds power strength force
head sky horizon star bird chick of quail,quail chick head of bird sky star horizon,quail chick head of bird sky star horizon
writing papyrus hand scroll book sees / scribe,writing / scribe sees book papyrus scroll hand,writing / scribe sees book papyrus scroll hand
/ placenta birth begets animal belly gives,placenta animal belly gives birth / begets,placenta animal belly gives birth / begets
reed shelter build people,people build reed shelter,people build reed shelter
basket man carries handle,man carries basket handle,man carries basket handle
sits power king throne,king sits throne power,king sits throne power
by authority king rules,king rules by authority,king rules by authority
pellet food jar grain stores,jar stores grain pellet food,jar stores grain pellet food
feeds jar milk mother child,mother feeds child milk jar,mother feeds child milk jar
town adze chisel / cut city stone brick,adze chisel cut stone brick city / town,adze chick cut stone brick city / town
opens gate god hidden,god opens hidden gate,god opens hidden gate
upon people stool rest mat,people rest upon stool mat,people rest upon stool mat
hill mountain great river behind,great river behind mountain hill,great river behind mountain hill
stroke scroll book papyrus / hand single scribe writing,papyrus scroll book writing / scribe hand single stroke,papyrus scroll book writing / scribe hand single stroke
above hill sky mountain desert horizon slope,sky above mountain desert hill slope horizon,sky above mountain desert hill slope horizon
authority by king rules,king rules by authority,king rules by authority
strength power force god grants,god grants power strength force,god grants power strength force
stool mat life (ankh) woman seated board / senet,senet board stool / mat seated woman life (ankh),senet board stool / mat seated woman life (ankh)
people town dwell city,people dwell city town,people dwell city town
stroke / marker) stroke city people thing town single (plural,single stroke stroke (plural marker) thing people city / town,single stroke stroke (plural marker) thing people city / town
do hand thing to / make mighty great / good beautiful /,hand to do / make thing beautiful / good great / mighty,hand to do / make thing beautiful / good great / mighty
stability god grants eternal,god grants eternal stability,god grants eternal stability
horizon above sky mountain above west star,west mountain horizon sky star above above,west mountain horizon sky star above above
people gives offering bread king,king gives bread offering people,king gives bread offering people
emerge life (ankh) / beautiful sky good (great) swallow horizon,swallow (great) emerge horizon sky beautiful / good life (ankh),swallow (great) emerge horizon sky beautiful / good life (ankh)
hear words sacred people,people hear sacred words,people hear sacred words
plant good life beautiful lotus / sweet,lotus plant sweet beautiful / good life,lotus plant sweet beautiful / good life
/ of peace conical (satisfied) loaf loaf bread (give) content heart,conical loaf (give) loaf of bread heart peace / content (satisfied),conical loaf (give) loaf of bread heart peace / content (satisfied)
god throne seated eternal rules,seated god rules eternal throne,seated god rules eternal throne
/ servant king (lord) / all hear (every) authority master listen / he,master (lord) / all (every) servant hear / listen authority he / king,master (lord) / all (every) servant hear / listen authority he / king
papyrus lake clump shelter river reed,reed shelter lake papyrus clump river,reed shelter papyrus clump lake river
pellet hoe / (tills) field field plows grain,grain / pellet field hoe plows (tills) field,field grain / pellet hoe plows (tills) field
temple mountain sacred guards,mountain guards sacred temple,mountain guards sacred temple
basket with woman carries handle,woman carries basket with handle,woman carries basket with handle
people (every) heart (truth/maat) feather listen master hear all / (lord) /,master (lord) / all (every) hear / listen people heart feather (truth/maat),master (lord) / all (every) hear / listen people heart feather (truth/maat)
father soul hears heart strong,strong father hears heart soul,strong father hears heart soul
fears man bite snake,man fears snake bite,man fears snake bite
light horizon sees man,man sees horizon light,man sees horizon light
jar carries milk woman,woman carries milk jar,woman carries milk jar
gives god life heart good,good god gives life heart,good god gives life heart
/ exists town opens found) (or is road,opens / exists (or is found) road town,opens / exists (or is found) road town
beautiful (ankh) life / / mother father venerated youth good marrow,venerated / marrow father mother youth life (ankh) beautiful / good,venerated / marrow father mother youth life (ankh) beautiful / good
slope mountain sky fire hill storm,storm fire sky mountain hill slope,storm fire sky mountain hill slope
horizon / / eye big every fire lord sees great,lord / every eye sees great / big fire horizon,lord / every eye sees great / big fire horizon
/ heart mother good listen / hear (ba) soul beautiful,mother hear / listen beautiful / good heart soul (ba),mother hear / listen beautiful / good heart soul (ba)
woman lord carries basket,woman carries basket lord,woman carries basket lord
return to gate town retreat behind / / road back,to return / retreat behind / back gate town road,to return / retreat behind / back gate town road
by rules authority king,king rules by authority,king rules by authority
/ thousand (ba) god offering / altar soul peace deity,thousand offering peace / altar god / deity soul (ba),thousand offering peace / altar god / deity soul (ba)
walks town road man,man walks road town,man walks road town
west heart satisfy horizon / peace mountain,west mountain horizon peace / satisfy heart,west mountain horizon peace / satisfy heart
opens city gate toward town,gate opens toward city town,gate opens toward city town
cobra desert emerge mountain hill snake,cobra snake emerge desert hill mountain,cobra snake emerge desert hill mountain
love people great king every,every people love great king,every people love great king
road travel west people,people travel road west,people travel road west
plows water ripple field sickle (tills) road river,sickle plows (tills) field river water ripple road,sickle plows (tills) field river water ripple road
scroll great scribe papyrus makes,great scribe makes papyrus scroll,great scribe makes papyrus scroll
grandfather mighty stability / (djed) great / / town city pillar house,stability (djed) pillar / grandfather house city / town great / mighty,stability (djed) pillar / grandfather house city / town great / mighty
gate behind house sits woman,woman sits behind house gate,woman sits behind house gate
cuts field ripe grain sickle,sickle cuts ripe field grain,sickle cuts ripe field grain
seated face man sees god,seated god sees man face,seated god sees man face
vessel stone ring rack jars stone in,ring stone vessel jars in rack stone,ring stone vessel jars in rack stone
people (king) sedge city town / town,sedge (king) people city / town town,sedge (king) people city / town town
seated stool house board senet mat man /,senet board stool / mat seated man house,senet board stool / mat seated man house
man hears god voice,man hears voice god,man hears god voice
marrow old venerated / father man soul,old man venerated / marrow father soul,old man venerated / marrow father soul
life (ba) father soul youth (ankh) heart mother,father mother youth life (ankh) heart soul (ba),father mother youth life (ankh) heart soul (ba)
god mountain shapes stone,god shapes stone mountain,god shapes stone mountain
bird of sees owl head bird,owl head of bird sees bird,owl head of bird sees bird
clump plants woman papyrus,woman plants papyrus clump,woman plants papyrus clump
sky horizon chick head bird of quail,quail chick head of bird horizon sky,quail chick head of bird horizon sky
rests god throne on,god rests on throne,god rests on throne
listen people decree royal,people listen royal decree,people listen royal decree
/ backbone rib power / force strength side,side / rib backbone strength / force power,side / rib backbone strength / force power
great god birth youth gives,great god gives birth youth,great god gives birth youth
life belly youth (ankh) placenta birth gives / animal begets,animal belly placenta gives birth / begets youth life (ankh),animal belly placenta gives birth / begets youth life (ankh)
town rules city king,king rules town city,king rules town city
chisel big stone mighty throne seat great adze / /,chisel adze stone seat / throne great / big mighty,chisel adze stone seat / throne great / big mighty
satisfied god content peace grants,god grants peace content satisfied,god grants peace content satisfied
stone chisel holds man,man holds chisel stone,man holds chisel stone
god (ankh) life heart soul deity /,god / deity life (ankh) heart soul,god / deity life (ankh) heart soul
behind brick / house back road foot,foot road behind / back brick house,foot road behind / back brick house
star hill mountain hill horizon desert sky,horizon star sky mountain desert hill hill,horizon star sky mountain desert hill hill
people fear dark underground,people fear dark underground,people fear dark underground
/ great / (lord big basket all) thing,basket (lord / all) thing great / big,basket (lord / all) thing great / big
gate near stands woman,woman stands near gate,woman stands near gate
house brick back behind road / foot,foot road behind / back brick house,foot road behind / back brick house
papyrus scribe makes scroll great,great scribe makes papyrus scroll,great scribe makes papyrus scroll
eat speak bread vessel mouth / jar / drink,mouth eat / drink / speak bread jar vessel,mouth eat / drink / speak bread jar vessel
god underground lives west,god lives underground west,god lives underground west
seated throne sits king,king sits seated throne,king sits seated throne
(spirit) (ankh) soul life (ba) ka god,soul (ba) ka (spirit) life (ankh) god,soul (ba) ka (spirit) life (ankh) god
voice hears god man,god hears voice man,man hears god voice
lake papyrus clump river shelter reed,reed shelter lake papyrus clump river,reed shelter lake papyrus clump river
becomes stone brick strong power,strong power becomes stone brick,strong power becomes stone brick
above mountain star sky west above horizon,west mountain horizon sky star above above,west mountain horizon sky star above above
man heart hear listen listens,man listens hear listen heart,man listens hear listen heart
gives god peace satisfied,god gives peace satisfied,god gives peace satisfied
chisel stone adze do / to make,adze chisel to do / make stone,adze chisel to do / make stone
gather temple people,people gather temple,people gather temple
/ animal begets (ankh) belly placenta youth birth gives life,animal belly placenta gives birth / begets youth life (ankh),animal belly placenta gives birth / begets youth life (ankh)
(ankh) youth become life / marrow man old venerated,youth become old man venerated / marrow life (ankh),youth become old man life (ankh) venerated / marrow
heart life listen writing feather (truth/maat) (ankh) scribe / / hear,writing / scribe hear / listen feather (truth/maat) heart life (ankh),writing / scribe hear / listen feather (truth/maat) heart life (ankh)
gate west house god opens,god opens house gate west,god opens house gate west
bread king people gives offering,king gives bread offering people,king gives bread offering people
by riverbank people gather,people gather by riverbank,people gather by riverbank
sees bird heart man of seated head owl,owl head of bird sees seated man heart,owl head of bird sees seated man heart
good animal placenta beautiful begets youth / belly / birth gives,animal belly placenta gives birth / begets beautiful / good youth,animal belly placenta gives birth / begets beautiful / good youth
town road woman city walks,woman walks road city town,woman walks road city town
(i book man seated scribe me) /,seated man (i / me) scribe book,seated man (i / me) scribe book
/ master listen servant (lord) all hear (every) / / authority king he,master (lord) / all (every) servant hear / listen authority he / king,master (lord) / all (every) servant hear / listen authority he / king
man land field plows,man plows land field,man plows land field
above god lifts sky,god lifts sky above,god lifts sky above
strength holds force power king,king holds power strength force,king holds power strength force
fears man viper horned snake,man fears horned viper snake,man fears horned viper snake
(every) all force (lord) master strength / authority /,authority strength / force master (lord) / all (every),authority strength / force master (lord) / all (every)
gate enters house man,man enters house gate,man enters house gate
face / god sees eye upon / deity,eye sees face / upon god / deity,eye sees face / upon god / deity
mother honor people father life,people honor father mother life,people honor father mother life
god birth gives youth great,great god gives birth youth,great god gives birth youth
/ town city foot riverbank town road,foot road riverbank town city / town,foot road riverbank town city / town
storm great hill / desert behind / mighty back mountain,great / mighty storm behind / back desert hill mountain,great / mighty storm behind / back desert hill mountain
brick house adze chisel stone city,adze chisel stone brick house city,adze chisel stone brick house city
/ to retreat / town behind back gate return,to return / retreat behind / back gate town,to return / retreat behind / back gate town
life god mortal renews,god renews mortal life,god renews mortal life
shelter river reed lake clump papyrus,reed shelter lake papyrus clump river,reed shelter lake papyrus clump river
mighty / hill great behind / storm mountain back desert,great / mighty storm behind / back desert hill mountain,great / mighty storm behind / back desert hill mountain
storm great back mountain / hill mighty / desert behind,great / mighty storm behind / back desert hill mountain,great / mighty storm behind / back desert hill mountain
to strong hand / do forearm great thing / mighty make,forearm strong hand to do / make thing great / mighty,forearm strong hand to do / make thing great / mighty
crook holds king power,king holds crook power,king holds crook power
horizon heart mountain / peace west sky satisfy,west mountain horizon sky peace / satisfy heart,west mountain horizon sky peace / satisfy heart
life makes beautiful good heart,good heart makes beautiful life,good heart makes beautiful life
sky lake reflects star,lake reflects star sky,lake reflects star sky
rope carries coil man,man carries coil rope,man carries coil rope
during cries night silent owl,owl cries during silent night,owl cries during silent night
snake cobra king sees mighty,mighty king sees cobra snake,mighty king sees cobra snake
god throne grants power,god grants power throne,god grants power throne
(ankh) god / beautiful peace life to / / satisfy good sweet do make,beautiful / good god to do / make life (ankh) sweet peace / satisfy,beautiful / good god to do / make life (ankh) sweet peace / satisfy
bread man of loaf eats,man eats loaf of bread,man eats loaf of bread
walks woman behind house,woman walks behind house,woman walks behind house
city road house brick / town (repeated) plows hoe,hoe plows (repeated) road city / town house brick,hoe plows (repeated) road city / town house brick
town plant back house chick city / behind quail lotus /,quail chick behind / back lotus plant house city / town,quail chick behind / back lotus plant house city / town
hoe city road / plows town (repeated),hoe plows (repeated) road city / town,hoe plows (repeated) road city / town
town / big city / face upon riverbank road / house great,great / big house face / upon riverbank road city / town,great / big house face / upon riverbank road city / town
sky (great) above hill swallow mountain,swallow (great) sky above mountain hill,swallow (great) sky above mountain hill
woman pours milk sweet,woman pours sweet milk,woman pours sweet milk
man brick builds house,man builds house brick,man builds house brick
truth god judges heart,god judges heart truth,god judges heart truth
road found) gate exists / is opens (or,opens / exists (or is found) gate road,opens / exists (or is found) gate road
/ club force snake snake fear strength cobra,club strength / force fear cobra snake snake,club strength / force fear cobra snake snake
people hears god prayers,god hears prayers people,man hears god prayers
drinks river from man,man drinks from river,man drinks from river
people settle field fertile,people settle fertile field,people settle fertile field
life soul sweet heart lotus (ankh) (ba) plant,lotus plant sweet life (ankh) soul (ba) heart,lotus plant sweet life (ankh) soul (ba) heart
beautiful loves woman life,woman loves beautiful life,woman loves beautiful life
mighty thousand / god / altar / great deity offering peace,thousand offering peace / altar god / deity great / mighty,thousand offering peace / altar god / deity great / mighty
/ (tills) pellet grain plows field hoe field,grain / pellet field hoe plows (tills) field,field grain / pellet hoe plows (tills) field
lotus plant woman tends,woman tends lotus plant,woman tends lotus plant
voice hears god man,man hears god voice,man hears god voice
gives begets youth (ankh) birth belly / animal life,animal belly gives birth / begets youth life (ankh),animal belly gives birth / begets youth life (ankh)
in ring throne rack vessel jars stone stone,ring stone vessel jars in rack stone throne,ring stone vessel jars in rack stone throne
god force commands life,god commands life force,god commands life force
god / (ba) life soul face / beautiful upon good (ankh),beautiful / good face / upon soul (ba) life (ankh) god,beautiful / good face / upon soul (ba) life (ankh) god
bread heart loaf youth (give) of conical father loaf,father conical loaf (give) loaf of bread youth heart,father conical loaf (give) loaf of bread youth heart
becomes scarab cycle life renewal,scarab becomes life cycle renewal,scarab becomes life cycle renewal
(truth/maat) hear scribe (ba) feather soul heart listen /,scribe hear / listen feather (truth/maat) heart soul (ba),scribe hear / listen feather (truth/maat) heart soul (ba)
rope handle of basket tethering rope vessel coil with,tethering rope coil of rope basket with handle vessel,tethering rope coil of rope basket with handle vessel
in stone jars ring rack vessel,ring stone vessel jars in rack,ring stone vessel jars in rack
king land every rules,king rules every land,king rules every land
vessel ripple carries life water,vessel carries water ripple life,vessel carries water ripple life
stone throne to thing / hand make do,hand to do / make thing stone throne,hand to do / make thing stone throne
people stroke / force strength thing marker) stroke single (plural,single stroke stroke (plural marker) thing people strength / force,single stroke stroke (plural marker) thing people strength / force
above sky mountain slope field desert hill,sky above mountain desert hill slope field,sky above mountain desert hill slope field
three fox cloth folded skins thing,three fox skins folded cloth thing,three fox skins folded cloth thing
/ belly placenta gives birth begets animal,placenta animal belly gives birth / begets,placenta animal belly gives birth / begets
lotus offers woman offering,woman offers lotus offering,woman offers lotus offering
near stands shelter reed field,reed shelter stands near field,reed shelter stands near field
sweet hears woman words,woman hears sweet words,woman hears sweet words
mighty people praise god,people praise mighty god,people praise mighty god
woman before kneels god,woman kneels before god,woman kneels before god
/ conical servant / great king mighty loaf (give) power he,he / king conical loaf (give) power great / mighty servant,he / king conical loaf (give) power great / mighty servant
god people protects strong,strong god protects people,strong god protects people
of head chick (great) swallow sky bird quail horizon,quail chick head of bird swallow (great) sky horizon,quail chick head of bird swallow (great) sky horizon
/ people hear great / listen authority he king,people hear / listen authority he / king great,people hear / listen authority he / king great
cobra snake man sees,man sees cobra snake,man sees cobra snake
quail of (great) bird chick horizon swallow head sky,quail chick head of bird swallow (great) sky horizon,quail chick head of bird swallow (great) sky horizon
/ he above sedge king (king) people,sedge (king) he / king above people,sedge (king) he / king above people
toward horizon woman walks,woman walks toward horizon,woman walks toward horizon
mother woman hears voice,woman hears mother voice,woman hears mother voice
field strong man great plows,strong man plows great field,strong man plows great field
cuts man grain sickle,man cuts grain sickle,man cuts grain sickle
satisfy love plant woman / lotus (ankh) life peace seated,seated woman love lotus plant peace / satisfy life (ankh),seated woman love lotus plant peace / satisfy life (ankh)
lotus woman offering offers,woman offers lotus offering,woman offers lotus offering
placenta woman child holds,woman holds child placenta,woman holds child placenta
of tethering rope rope coil riverbank,coil of rope tethering rope riverbank,coil of rope tethering rope riverbank
cycle renews life god,god renews life cycle,god renews life cycle
rope tethering man cuts,man cuts rope tethering,man cuts rope tethering
offering altar consumes peace fire,fire consumes offering altar peace,fire consumes offering altar peace
holds chisel stone man,man holds chisel stone,man holds chisel stone
book me) / man scribe seated (i,seated man (i / me) scribe book,seated man (i / me) scribe book
great youth (lord) master / / speak eat all / drink listen hear / big / (every),youth hear / listen great / big master (lord) / all (every) eat / drink / speak,youth hear / listen great / big master (lord) / all (every) eat / drink / speak
god holy inhabits temple,god inhabits holy temple,god inhabits holy temple
god watches from sky,god watches from sky,god watches from sky
divine maat honor people,people honor divine maat,people honor divine maat
/ make hand do to strong forearm,forearm strong hand to do / make,forearm strong hand to do / make
grants king land people,king grants land people,king grants land people
god deity life heart soul (spirit) (ba) / (ankh) ka,god / deity ka (spirit) soul (ba) heart life (ankh),god / deity ka (spirit) soul (ba) heart life (ankh)
underground lake water emerge desert snake ripple,underground lake water ripple snake emerge desert,underground lake water ripple snake emerge desert
father hears heart strong soul,strong father hears heart soul,strong father hears heart soul
sky sees man star,man sees star sky,man sees star sky
stone rack in vessel jars ring stone,ring stone vessel jars in rack stone,ring stone vessel jars in rack stone
shapes wood adze man,man shapes wood adze,man shapes wood adze
sacred writes man words,man writes sacred words,man writes sacred words
deity example) like / / god (or as,like / as (or example) god / deity,like / as (or example) god / deity
/ hand scribe writing scroll scribe papyrus,scribe writing / scribe papyrus scroll hand,scribe writing / scribe papyrus scroll hand
authority king by rules,king rules by authority,king rules by authority
star sky horizon mountain above,horizon star sky above mountain,horizon star sky above mountain
emerge (ba) horizon / soul / back good beautiful sky behind,beautiful / good soul (ba) emerge behind / back sky horizon,beautiful / good soul (ba) emerge behind / back sky horizon
heavy lifts stone man,man lifts heavy stone,man lifts heavy stone
(ba) soul (spirit) peace satisfy life (ankh) / heart ka,ka (spirit) soul (ba) life (ankh) heart peace / satisfy,ka (spirit) soul (ba) life (ankh) heart peace / satisfy
shelter river clump papyrus lake reed,reed shelter papyrus clump lake river,reed shelter papyrus clump lake river
bird sees seated good / head woman of owl beautiful,owl head of bird sees seated woman beautiful / good,owl head of bird sees seated woman beautiful / good
to servant / do make house brick,servant to do / make brick house,servant to do / make brick house
sky horizon star emerge (great) swallow,swallow (great) emerge horizon sky star,swallow (great) emerge horizon sky star
/ offering thousand pellet grain peace heart / altar,thousand grain / pellet offering peace / altar heart,thousand grain / pellet offering peace / altar heart
/ rib / pillar strong stability backbone grandfather (djed) side,side / rib backbone strong stability (djed) pillar / grandfather,side / rib backbone strong stability (djed) pillar / grandfather
temple inhabits god holy,god inhabits holy temple,god inhabits holy temple
mountain sky above desert slope hill,sky above mountain desert hill slope,sky above mountain desert hill slope
(ba) / ka great mighty (ankh) (spirit) / god life soul deity,ka (spirit) soul (ba) life (ankh) god / deity great / mighty,ka (spirit) soul (ba) life (ankh) god / deity great / mighty
man old honor people,people honor old man,people honor old man
people west king leads,king leads people west,king leads people west
of drink speak / eat loaf milk mouth jar / bread,mouth eat / drink / speak loaf of bread milk jar,mouth eat / drink / speak loaf of bread milk jar
(ankh) soul sweet heart (ba) life lotus plant,lotus plant sweet life (ankh) soul (ba) heart,lotus plant sweet life (ankh) soul (ba) heart
hears woman mother voice,woman hears mother voice,woman hears mother voice
field land man plows,man plows land field,man plows land field
authority / king hear king / he people listen,people hear / listen authority he / king king,people hear / listen authority he / king king
city god gate guards,god guards city gate,god guards city gate
cross winding people road,people cross winding road,people cross winding road
town city protects god,god protects city town,god protects city town
eye great / / fire horizon big every sees lord,lord / every eye sees great / big fire horizon,lord / every eye sees great / big fire horizon
/ / offering deity god / mighty great thousand altar peace,thousand offering peace / altar god / deity great / mighty,thousand offering peace / altar god / deity great / mighty
upon eye face horizon sees,eye sees face upon horizon,eye sees face upon horizon
do / servant to house make brick,servant to do / make brick house,servant to do / make brick house
food grain jar pellet stores,jar stores grain pellet food,jar stores grain pellet food
man scribe book seated me) / (i,seated man (i / me) scribe book,seated man (i / me) scribe book
coil rope man carries,man carries coil rope,man carries coil rope
horizon satisfy sky mountain west / peace,west mountain horizon sky peace / satisfy,west mountain horizon sky peace / satisfy
desert hill star mountain sky horizon,horizon star sky mountain desert hill,horizon star sky mountain desert hill
power symbolizes throne seat royal,seat throne symbolizes royal power,seat throne symbolizes royal power
/ town / peace king he to / do every lord / make satisfy,he / king to do / make peace / satisfy lord / every town,he / king to do / make peace / satisfy lord / every town
offering altar / (ankh) god loaf (give) life / peace deity conical,conical loaf (give) offering peace / altar life (ankh) god / deity,conical loaf (give) offering peace / altar god / deity life (ankh)
house gate door (djed) bolt stability,door bolt gate stability (djed) house,door bolt gate stability (djed) house
mighty great cobra city / / behind / town back gate,great / mighty cobra behind / back gate city / town,great / mighty cobra behind / back gate city / town
west peace satisfy sky / heart horizon mountain,west mountain horizon sky peace / satisfy heart,west mountain horizon sky peace / satisfy heart
water emerge lake snake desert ripple underground,underground lake water ripple snake emerge desert,underground lake water ripple snake emerge desert
/ authority (king) strength king power / sedge he force,he / king sedge (king) authority power strength / force,sedge (king) authority he / king power strength / force
opens gate horizon god,god opens gate horizon,god opens gate horizon
spirit ka man dwells within,ka spirit dwells within man,ka spirit dwells within man
birth gives life mother youth / begets,mother gives birth / begets youth life,mother gives birth / begets youth life
above sky mountain hill desert horizon,horizon above desert hill mountain sky,sky above mountain desert hill
live under people protection,people live under protection,people live under protection
bank people cross river,people cross river bank,people cross river bank
lord speak hears servant good,good servant hears lord speak,good servant hears lord speak
marrow people honor venerated,people honor venerated marrow,people honor venerated marrow
seated (i book me) / scribe man,seated man (i / me) scribe book,seated man (i / me) scribe book
on brick slope house hill (upon) / face stone,face / on (upon) hill slope brick house stone,face / on (upon) hill slope brick house stone
desert hill snake slope water emerge ripple,snake emerge desert hill slope water ripple,snake emerge desert hill slope water ripple
great throne / he big / seat / king,he / king seat / throne great / big,he / king seat / throne great / big
commands people king servant,king commands servant people,king commands servant people
sky power breaks storm force,storm breaks sky power force,storm breaks sky power force
stability grandfather pillar authority / (djed) / strength power force,pillar / grandfather stability (djed) strength / force power authority,pillar / grandfather stability (djed) strength / force
gate man enters house,man enters house gate,man enters house gate
plows field man fertile,man plows fertile field,man plows fertile field
conical heart loaf peace (give) bread / satisfy,conical loaf (give) bread heart peace / satisfy,conical loaf (give) bread heart peace / satisfy
underground west emerges from god,god emerges from underground west,god emerges from underground west
great / stone seat / throne chisel adze big,adze chisel stone seat / throne great / big,adze snake stone seat / throne great / big
viper snake hill desert fear horned slope,horned viper snake fear desert hill slope,horned viper snake fear desert hill slope
by riverbank people gather,people gather by riverbank,people gather by riverbank
papyrus reed writing book hand scribe / scroll leaf,reed leaf writing / scribe papyrus scroll book hand,reed leaf writing / scribe papyrus scroll book hand
(spirit) (ankh) peace satisfy life heart (ba) soul / ka,ka (spirit) soul (ba) life (ankh) heart peace / satisfy,ka (spirit) soul (ba) life (ankh) heart peace / satisfy
man soil tills plows,man tills soil plows,man tills soil plows
coil of basket handle rope rope tethering hand with,coil of rope tethering rope basket with handle hand,coil of rope tethering rope basket with handle hand
fire great god / / deity storm mighty fear (no/not) negation,negation (no/not) fear storm fire great / mighty god / deity,negation (no/not) fear storm fire great / mighty god / deity
house / pillar stability city grandfather / (djed) town great,stability (djed) pillar / grandfather house city / town great,stability (djed) pillar / grandfather house city / town great
life heart father mother (ba) (ankh) soul youth,father mother youth life (ankh) heart soul (ba),father mother youth life (ankh) heart soul (ba)
sees heart god man,god sees heart man,god sees heart man
man stone pillar lifts,man lifts stone pillar,man lifts stone pillar
heart god sees man of,god sees heart of man,god sees heart of man
/ lord feather speak man eat / (truth/maat) every / god hear drink,lord / every god hear man eat / drink / speak feather (truth/maat),lord / every god hear man eat / drink / speak feather (truth/maat)
rope rope of flax coil twisted,twisted flax rope coil of rope,twisted flax rope coil of rope
/ (every) all strength / force (lord) master authority,authority strength / force master (lord) / all (every),authority strength / force master (lord) / all (every)
beautiful heart good sweet / plant (ankh) lotus life,lotus plant sweet beautiful / good life (ankh) heart,lotus plant sweet beautiful / good life (ankh) heart
twisted man ties flax,man ties twisted flax,man ties twisted flax
peace offering / thousand jar milk bread altar,thousand offering peace / altar bread milk jar,thousand offering peace / altar bread milk jar
people king land grants,king grants land people,king grants land people
hill plows (repeated) road slope hoe mountain desert,hoe plows (repeated) road mountain desert hill slope,hoe plows (repeated) road mountain desert hill slope
fear underground people dark,people fear dark underground,people fear dark underground
decree people royal listen,people listen royal decree,people listen royal decree
town back quail / / city house chick behind plant lotus,quail chick behind / back lotus plant house city / town,quail chick behind / back lotus plant house city / town
(spirit) (ba) god life (ankh) soul ka,soul (ba) ka (spirit) life (ankh) god,ka (spirit) soul (ba) life (ankh) god
beautiful lord mother / every / love father good youth,lord / every father love beautiful / good youth mother,lord / every father love beautiful / good youth mother
pellet plows plant grain / hoe field,field plant grain / pellet hoe plows,field plant grain / pellet hoe plows
walks horizon woman toward,woman walks toward horizon,woman walks toward horizon
follows town woman road,woman follows road town,woman follows road town
begets life placenta animal belly gives youth / birth,placenta animal belly gives birth / begets youth life,placenta animal belly gives birth / begets youth life
good beautiful life (ankh) upon face soul (ba) god / /,beautiful / good face / upon soul (ba) life (ankh) god,beautiful / good face / upon soul (ba) life (ankh) god
plant lotus sweet seated life woman sees,seated woman sees lotus plant sweet life,seated woman sees lotus plant sweet life
hand papyrus book reed leaf writing scribe scroll /,reed leaf writing / scribe papyrus scroll book hand,reed leaf writing / scribe papyrus scroll book hand
foot riverbank across steps,foot steps across riverbank,foot steps across riverbank
water life god gives,god gives water life,god gives water life
man strength grips forearm,man grips forearm strength,man grips forearm strength
behind / back return to gate / retreat,to return / retreat behind / back gate,to return / retreat behind / back gate
drinks vessel from man,man drinks from vessel,man drinks from vessel
town city gate riverbank town road foot /,foot road town city / town gate riverbank,foot road town city / town gate riverbank
emerge (ankh) life river ripple water field,life (ankh) emerge water ripple river field,life (ankh) emerge water ripple river field
city dwell town people,people dwell city town,people dwell city town
strong people protects god,strong god protects people,strong god protects people
satisfy / seated / king (give) throne peace stone god loaf conical,seated god / king conical loaf (give) stone throne peace / satisfy,seated god / king conical loaf (give) stone throne peace / satisfy
settle fertile field people,people settle fertile field,people settle fertile field
sky under gather people,people gather under sky,people gather under sky
life plant sweet become lotus (ankh) beautiful good /,beautiful / good lotus plant become sweet life (ankh),beautiful / good lotus plant become sweet life (ankh)
clump water ripple shelter papyrus reed lake,lake water ripple papyrus clump reed shelter,lake water ripple papyrus clump reed shelter
thing / make throne hand to stone do,hand to do / make thing stone throne,hand to do / make thing stone throne
mountain hill above sky desert slope,sky above mountain desert hill slope,sky above mountain desert hill slope
strong cut stone city hand brick / town,strong hand cut stone brick city / town,strong hand cut stone brick city / town
pillar / bolt house (djed) stability grandfather door gate,door bolt gate house stability (djed) pillar / grandfather,door bolt gate house stability (djed) pillar / grandfather
man sacred words writes,man writes sacred words,man writes sacred words
god hears voice man,man hears god voice,man hears voice god
god brings satisfied peace,god brings peace satisfied,god brings peace satisfied
king sedge great / authority mighty / (king) he power,sedge (king) he / king authority power great / mighty,sedge (king) he / king authority power great / mighty
/ / / to behind return house retreat town gate city back,to return / retreat behind / back gate city / town house,to return / retreat behind / back gate city / town house
protects king city people,king protects city people,king protects city people
sky from watches god,god watches from sky,god watches from sky
king seat sits throne,king sits seat throne,king sits seat throne
stability great / grandfather city pillar (djed) town / house,stability (djed) pillar / grandfather house city / town great,stability (djed) pillar / grandfather house city / town great
mother / life satisfy father heart peace marrow / venerated,venerated / marrow father mother heart peace / satisfy life,venerated / marrow father mother heart peace / satisfy life
hears people king prayers,king hears people prayers,king hears people prayers
/ god mighty deity negation strength fear great / / (no/not) force,negation (no/not) fear great / mighty god / deity strength / force,negation (no/not) fear great / mighty god / deity strength / force
snake cobra man sees,man sees cobra snake,man sees cobra snake
sits house woman behind gate,woman sits behind house gate,woman sits behind house gate
chisel adze stone big throne / / seat great,adze chisel stone seat / throne great / big,adze chisel stone seat / throne great / big
strong / he king grandfather strength power pillar / authority / force,strength / force power authority he / king strong pillar / grandfather,strength / force power authority he / king strong pillar / grandfather
plant offer people lotus,people offer lotus plant,people offer lotus plant
god unites truth heart,god unites heart truth,god unites heart truth
strength / strong mighty authority power / great force,authority power great / mighty strength / force strong,authority power great / mighty strength / force strong
grants god life people,god grants life people,god grants life people
sedge mighty / king authority he king (king) power great /,sedge (king) authority great / mighty power he / king king,sedge (king) authority great / mighty power
to thing hand do / thing make,hand to do / make thing thing,hand to do / make thing thing
scroll scribe writing / papyrus book scribe hand,papyrus scroll book writing / scribe hand scribe,papyrus scroll book writing / scribe hand scribe
mountain star sky west above hill horizon,west mountain horizon sky star above hill,west mountain horizon sky star above hill
grain field pellet plant hoe plows /,field plant grain / pellet hoe plows,field plant grain / pellet hoe plows
star god sky places,god places star sky,god places star sky
man climbs desert hill,man climbs desert hill,man climbs desert hill
field ripple (ankh) life river emerge water,life (ankh) emerge water ripple river field,life (ankh) emerge water ripple river field
gate house / behind / / to return town back retreat city,to return / retreat behind / back gate city / town house,to return / retreat behind / back gate house city / town
soul (ba) heart (satisfied) / peace life content (ankh) god,heart peace / content (satisfied) soul (ba) life (ankh) god,heart peace / content (satisfied) soul (ba) life (ankh) god
become / sweet good beautiful plant (ankh) lotus life,beautiful / good lotus plant become sweet life (ankh),beautiful / good lotus plant become sweet life (ankh)
house town big town brick great city / /,brick house city / town town great / big,brick house city / town town great / big
man papyrus clump plants,man plants papyrus clump,man plants papyrus clump
by live people lake,people live by lake,people live by lake
heart feather hear / (truth/maat) soul scribe listen (ba),scribe hear / listen feather (truth/maat) heart soul (ba),scribe hear / listen feather (truth/maat) heart soul (ba)
peace (ankh) love woman seated life / lotus plant satisfy,seated woman love lotus plant peace / satisfy life (ankh),seated woman love lotus plant peace / satisfy life (ankh)
house bolt door gate / stability city town (djed),door bolt gate stability (djed) house city / town,door bolt gate stability (djed) house city / town
jar handle with milk rack vessel in basket jars,basket with handle jars in rack milk jar vessel,basket with handle jars in rack milk jar vessel
old people honor man,people honor old man,people honor old man
(ankh) venerated beautiful youth mother / marrow life / father good,venerated / marrow father mother youth life (ankh) beautiful / good,venerated / marrow father mother youth life (ankh) beautiful / good
vessel / eat drink mouth / jar bread speak,mouth eat / drink / speak bread jar vessel,mouth eat / drink / speak bread jar vessel
beautiful good life heart makes,good heart makes beautiful life,good heart makes beautiful life
grants people god life,god grants life people,god grants life people
pellet / field grain plows sickle (tills) strong,sickle plows (tills) grain / pellet field strong,sickle plows (tills) grain / pellet field strong
in vessel stone jars rack stone throne ring,ring stone vessel jars in rack stone throne,ring stone vessel jars in rack stone throne
man stone brick shapes,man shapes brick stone,man shapes brick stone
star emerge (great) sky swallow horizon,swallow (great) emerge horizon sky star,swallow (great) emerge horizon sky star
plows tills man soil,man tills soil plows,man tills soil plows
great strength power becomes mighty,mighty power becomes great strength,mighty power becomes great strength
king force power strength holds,king holds power strength force,king holds power strength force
scribe / papyrus scribe writing hand scroll book,writing / scribe book papyrus scroll hand scribe,writing / scribe book papyrus scroll hand scribe
pillar authority power strength force / (djed) stability grandfather /,pillar / grandfather stability (djed) strength / force power authority,pillar / grandfather stability (djed) strength / force power authority
underground west god lives,god lives underground west,god lives underground west
god gate hidden opens,god opens hidden gate,god opens hidden gate
hear / listen king (every) he authority / (lord) servant / all master,master (lord) / all (every) servant hear / listen authority he / king,master (lord) / all (every) servant hear / listen authority he / king
great / mountain sky storm fire mighty,storm fire sky great / mighty mountain,storm fire sky great / mighty mountain
/ hill house on / brick slope face brick town city (upon),face / on (upon) hill slope brick house brick city / town,face / on (upon) hill slope brick house brick city / town
becomes mighty power sky star,mighty power becomes star sky,mighty power becomes star sky
horned hill slope snake fear desert viper,horned viper snake fear desert hill slope,horned viper snake fear desert hill slope
on rests throne god,god rests on throne,god rests on throne
drinks from man river,man drinks from river,man drinks from river
man hears owl,man hears owl,man hears owl
near river live people,people live near river,people live near river
king city walks road,king walks road city,king walks road city
writing scribe / scribe papyrus hand scroll,scribe writing / scribe papyrus scroll hand,scribe writing / scribe papyrus scroll hand
man god voice hears,man hears god voice,man hears voice god
slope on hill face / town house brick (upon),face / on (upon) hill slope brick house town,face / on (upon) hill slope brick house town
slope hill water desert emerge ripple snake,snake emerge desert hill slope water ripple,snake emerge desert hill slope water ripple
sky sees star man,man sees star sky,man sees star sky
negation (no/not) strength great god mighty / deity fear / / force,negation (no/not) fear great / mighty god / deity strength / force,negation (no/not) fear great / mighty god / deity strength
kneels woman god before,woman kneels before god,woman kneels before god
he strength power / king authority force /,strength / force power authority he / king,strength / force power authority he / king
horizon desert mountain slope hill west,west mountain desert hill slope horizon,west mountain desert hill slope horizon
prayers people hears god,god hears prayers people,god hears prayers people
mountain storm slope hill sky fire,storm fire sky mountain hill slope,storm fire sky mountain hill slope
people servant commands king,king commands servant people,king commands servant people
emerge hill desert mountain cobra snake,cobra snake emerge desert hill mountain,cobra snake emerge desert hill mountain
horizon swallow sky (great) emerge star,swallow (great) emerge horizon sky star,swallow (great) emerge horizon sky star
of sees star eye head bird sky,head of bird eye sees star sky,head of bird eye sees star sky
guard king city commands,king commands city guard,king commands city guard
ripple snake lake horizon underground emerge water,underground lake water ripple snake emerge horizon,underground lake water ripple snake emerge horizon
hear / all servant master authority / listen (lord) king (every),master (lord) / all (every) servant hear / listen authority king,master (lord) / all (every) servant hear / listen authority king
people cross river bank,people cross river bank,people cross river bank
brick forearm to house big great do / make / strong,strong forearm to do / make great / big brick house,strong forearm to do / make great / big brick house
sacred people words hear,people hear sacred words,people hear sacred words
people live hill desert,people live desert hill,people live desert hill
(king) city sedge town / town people,sedge (king) people city / town town,sedge (king) people city / town town
speak mouth eat vessel drink bread / jar /,mouth eat / drink / speak bread jar vessel,mouth eat / drink / speak bread jar vessel
(lord (ankh) / / thing all) basket life good beautiful,basket (lord / all) thing beautiful / good life (ankh),basket (lord / all) thing beautiful / good life (ankh)
scribe hand (i seated me) man writing scribe book / /,seated man (i / me) book writing / scribe hand scribe,seated man (i / me) book writing / scribe hand scribe
coil of gate rope rope tethering,tethering rope coil of rope gate,tethering rope coil of rope gate
slope fire horizon storm sky mountain hill,storm fire sky mountain hill slope horizon,storm fire sky mountain hill slope horizon
chisel brick city stone house town adze / town,chisel adze stone brick house city / town town,chisel adze stone brick house city / town town
father life satisfy heart / peace / mother venerated marrow,venerated / marrow father mother heart peace / satisfy life,venerated / marrow father mother heart peace / satisfy life
hear people / he / king listen authority king,people hear / listen authority he / king king,people hear / listen authority he / king king
woman holds child placenta,woman holds child placenta,woman holds child placenta
god deity people praise,people praise god deity,people praise god deity
head pellet field of ox / grain,head of ox grain / pellet field,head of ox grain / pellet field
force god commands life,god commands life force,god commands life force
west slope horizon mountain desert hill,west mountain desert hill slope horizon,west mountain desert hill slope horizon
of sees star bird eye head,head of bird eye sees star,head of bird eye sees star
protects soul ba god,god protects soul ba,god protects soul ba
god throne on rests,god rests on throne,god rests on throne
mountain hill sky star hill desert horizon,horizon star sky mountain desert hill hill,horizon star sky mountain desert hill hill
strong gate makes king great,strong king makes great gate,strong king makes great gate
papyrus scroll book scribe writing hand scribe /,writing / scribe book papyrus scroll hand scribe,writing / scribe book papyrus scroll hand scribe
on throne rests god,god rests on throne,god rests on throne
child holds woman placenta,woman holds child placenta,woman holds child placenta
sacred words man writes,man writes sacred words,man writes sacred words
plant lotus woman peace love seated,seated woman love lotus plant peace,seated woman love lotus plant peace
god good heart life gives,good god gives life heart,good god gives life heart
road town foot riverbank ripple gate water,foot road town gate riverbank water ripple,foot road town gate riverbank water ripple
heart god lotus deity life plant (ankh) sweet /,lotus plant sweet life (ankh) heart god / deity,lotus plant sweet life (ankh) heart god / deity
sweet woman pours milk,woman pours sweet milk,woman pours sweet milk
old man speaks words wise,old man speaks wise words,old man speaks wise words
power king force great mighty / authority strength / he /,authority strength / force power he / king great / mighty,authority strength / force power he / king great / mighty
marrow life venerated father mother youth (ankh) /,venerated / marrow father mother youth life (ankh),venerated / marrow father mother youth life (ankh)
sedge he king above people (king) /,sedge (king) he / king above people,sedge (king) he / king above people
hears sound water ripple man,man hears sound water ripple,man hears sound water ripple
man mother old loves beautiful,beautiful mother loves old man,beautiful mother loves old man
good father heart / youth love beautiful,father love youth heart beautiful / good,father heart love beautiful / good youth
birth / father mother heart youth (ankh) gives begets life,father mother gives birth / begets youth life (ankh) heart,father mother gives birth / begets youth life (ankh) heart
god soul protects ba,god protects soul ba,god protects soul ba
do forearm to thing great strong hand mighty / make /,forearm strong hand to do / make thing great / mighty,forearm strong hand to do / make thing great / mighty
gate horizon opens god,god opens gate horizon,god opens gate horizon
road west horizon leads,road leads west horizon,road leads west horizon
great / king / he authority power king (king) sedge mighty,sedge (king) authority great / mighty power he / king king,sedge (king) he / king authority power great / mighty
sweet hears words woman,woman hears sweet words,woman hears sweet words
clump river shelter papyrus lake reed,reed shelter papyrus clump lake river,reed shelter papyrus clump lake river
life youth begets animal / birth belly gives (ankh),animal belly gives birth / begets youth life (ankh),animal belly gives birth / begets youth life (ankh)
grain (tills) field plant sickle plows pellet /,sickle plows (tills) field grain / pellet plant,sickle plows (tills) field grain / pellet plant
make / king seated do fire to great / storm god big /,seated god / king to do / make great / big storm fire,seated god / king to do / make great / big storm fire
(ba) feather / hear soul listen (truth/maat) heart scribe,scribe hear / listen feather (truth/maat) heart soul (ba),scribe hear / listen feather (truth/maat) heart soul (ba)
beyond rises god horizon eastern,god rises beyond eastern horizon,god rises beyond eastern horizon
back quail plant house chick / behind city / lotus town,quail chick behind / back lotus plant house city / town,quail chick behind / back lotus plant house city / town
king / (every) master he / town authority (lord) sedge all (king),sedge (king) authority he / king master (lord) / all (every) town,sedge (king) authority he / king master (lord) / all (every) town
cobra man snake sees,man sees cobra snake,man sees cobra snake
horned hill desert viper snake fear,horned viper snake fear desert hill,horned viper snake fear desert hill
power grants god throne,god grants power throne,god grants power throne
/ king power strength authority force he / sedge (king),he / king sedge (king) authority power strength / force,sedge (king) authority he / king power strength / force
(or road opens / exists is found) town,opens / exists (or is found) road town,opens / exists (or is found) road town
do / servant make brick to house,servant to do / make brick house,servant to do / make brick house
sickle cuts grain man,man cuts grain sickle,man cuts grain sickle
vessel jar offering milk jar / altar peace,jar vessel milk jar offering peace / altar,jar vessel milk jar offering peace / altar
of owl bird bird sees head,owl head of bird sees bird,owl head of bird sees bird
behind / city town mighty / great back / cobra gate,great / mighty cobra behind / back gate city / town,great / mighty cobra behind / back gate city / town
king crook power holds,king holds crook power,king holds crook power
force power strength grants god,god grants power strength force,god grants power strength force
sickle ripe field grain cuts,sickle cuts ripe field grain,sickle cuts ripe field grain
strong grants strength god,god grants strength strong,god grants strength strong
wears power crown king,king wears crown power,king wears crown power
(lord / thing good / basket all) beautiful,basket (lord / all) thing beautiful / good,basket (lord / all) thing beautiful / good
rope of flax twisted coil rope,twisted flax rope coil of rope,twisted flax rope coil of rope
sky man star sees,man sees star sky,man sees star sky
protects people king city,king protects city people,king protects city people
sky horizon desert above mountain hill,horizon above desert hill mountain sky,sky above mountain desert hill
god sees town every great,every town sees great god,every town sees great god
all power / servant (every) master authority (lord),authority power master (lord) / all (every) servant,authority power master (lord) / all (every) servant
people god deity praise,people praise god deity,people praise god deity
before gather temple gate people,people gather before temple gate,people gather before temple gate
basket god life thing (ankh) all) / good / beautiful (lord,basket (lord / all) thing beautiful / good life (ankh) god,basket (lord / all) thing beautiful / good life (ankh) god
maat god order commands,god commands order maat,god commands order maat
eye god through sees,god sees through eye,god sees through eye
beautiful old mother loves man,beautiful mother loves old man,beautiful mother loves old man
viper fear people horned,people fear horned viper,people fear horned viper
upon sky star beautiful good face / horizon / sees,beautiful / good face / upon sees horizon sky star,beautiful / good face / upon sees horizon sky star
god gives water life,god gives water life,god gives water life
big great riverbank upon city / house road / town face /,great / big house face / upon riverbank road city / town,great / big house face / upon riverbank road city / town
desert snake mountain hill cobra emerge,cobra snake emerge desert hill mountain,cobra snake emerge desert hill mountain
peace / vessel milk jar jar satisfy,vessel jar milk jar peace / satisfy,vessel jar milk jar peace / satisfy
sky mountain desert horizon hill above,horizon above desert hill mountain sky,storm above desert hill mountain sky
vessel ring tethering jars stone rope,tethering rope ring stone vessel jars,tethering rope ring stone vessel jars
(king) people / authority great / sedge he mighty king,sedge (king) he / king great / mighty authority people,sedge (king) he / king great / mighty authority people
soul great loves every peace,every soul loves great peace,every soul loves great peace
river from man drinks,man drinks from river,man drinks from river
makes strong king gate great,strong king makes great gate,strong king makes great gate
grandfather pillar / (djed) house stability / town town city,stability (djed) pillar / grandfather house city / town town,stability (djed) pillar / grandfather house city / town town
god throne seated rules eternal,seated god rules eternal throne,seated god rules eternal throne
heart man listen hear god,man hear listen heart god,man hear listen heart god
great sky deity fire / mighty / god fear storm,storm fire sky fear great / mighty god / deity,storm fire sky fear great / mighty god / deity
field pellet plows (tills) / grain hoe field,grain / pellet field hoe plows (tills) field,field grain / pellet hoe plows (tills) field
ripple lake shelter water reed papyrus clump,lake water ripple papyrus clump reed shelter,lake water ripple papyrus clump reed shelter
great / fear king he snake / cobra deity god mighty /,cobra snake fear great / mighty god / deity he / king,cobra snake fear great / mighty god / deity he / king
man ripple sound hears water,man hears sound water ripple,man hears sound water ripple
near riverbank people settle town,people settle near riverbank town,people settle near riverbank town
silent during cries owl night,owl cries during silent night,owl cries during silent night
adze man shapes wood,man shapes wood adze,man shapes wood adze
sweet woman words hears,woman hears sweet words,woman hears sweet words
plants papyrus man clump,man plants papyrus clump,man plants papyrus clump
hill cross people desert road,people cross road desert hill,people cross road desert hill
town town (djed) city stability house grandfather / / pillar,stability (djed) pillar / grandfather house city / town town,stability (djed) pillar / grandfather house city / town town
guards city gate god,god guards city gate,god guards city gate
swallow sky beautiful (great) / horizon good emerge,swallow (great) emerge horizon sky beautiful / good,swallow (great) emerge horizon sky beautiful / good
man sees face seated god,seated god sees man face,seated god sees man face
swallow river riverbank lake clump papyrus,lake riverbank papyrus clump river swallow,lake riverbank papyrus clump river swallow
stone chisel brick city house adze,adze chisel stone brick house city,adze chisel stone brick house city
mountain behind great river hill,great river behind mountain hill,great river behind mountain hill
city thing town stroke / people single stroke (plural marker),single stroke stroke (plural marker) thing people city / town,single stroke stroke (plural marker) thing people city / town
stone pillar lifts man,man lifts stone pillar,man lifts stone pillar
follows town woman road,woman follows road town,woman follows road town
mother begets / youth life gives father birth,father mother gives birth / begets youth life,father mother gives birth / begets youth life
heart listen man hear god,man hear listen heart god,man hear listen heart god
chick bird above horizon of quail star head sky,quail chick head of bird horizon sky star above,quail chick head of bird horizon sky star above
hoe (tills) field pellet grain field plows /,field grain / pellet hoe plows (tills) field,grain / pellet field hoe plows (tills) field
stability strengthens backbone god,god strengthens backbone stability,god strengthens backbone stability
chisel make do adze / stone to,adze chisel to do / make stone,adze chisel to do / make stone
sweet plant / love / peace lotus beautiful satisfy good heart,heart love beautiful / good lotus plant sweet peace / satisfy,heart love beautiful / good lotus plant sweet peace / satisfy
tills soil man plows,man tills soil plows,man tills soil plows
ankh father gives life,father gives life ankh,father gives life ankh
jar ripple water man carries,man carries jar water ripple,man carries jar water ripple
seat / / big great adze stone throne chisel,adze chisel stone seat / throne great / big,adze chisel stone seat / throne great / big
woman beautiful life loves,woman loves beautiful life,woman loves beautiful life
city road town walks woman,woman walks road city town,woman walks road city town
(ba) heart venerated old soul marrow father man /,old man venerated / marrow father heart soul (ba),old man venerated / marrow father heart soul (ba)
sacred shrine protects king,king protects sacred shrine,king protects sacred shrine
/ town gives birth begets authority strength / force,authority strength / force gives birth / begets town,authority strength / force gives birth / begets town
great mighty power (king) authority / sedge,sedge (king) authority great / mighty power,sedge (king) authority great / mighty power
drink soul (ba) speak / feather man eat / (truth/maat) old heart,old man eat / drink / speak heart feather (truth/maat) soul (ba),old man eat / drink / speak heart feather (truth/maat) soul (ba)
(great) head sky swallow bird horizon quail chick of,quail chick head of bird swallow (great) sky horizon,quail chick head of bird swallow (great) sky horizon
life (ankh) star / scarab become mighty great /,scarab / become life (ankh) great / mighty star,scarab / become life (ankh) great / mighty star
loves truth heart maat,heart loves truth maat,heart loves truth maat
/ / lord do peace make / to king he town satisfy every /,he / king to do / make peace / satisfy lord / every town,he / king to do / make peace / satisfy lord / every town
/ fox skins cloth master (lord) (every) folded three all thing,three fox skins folded cloth thing master (lord) / all (every),three fox skins folded cloth thing great / mighty
god gives heart peace,god gives heart peace,god gives heart peace
/ beautiful / sky big star sees great youth good,beautiful / good youth sees great / big star sky,beautiful / good youth sees great / big star sky
renews cycle god life,god renews life cycle,god renews life cycle
life god ankh breathes,god breathes life ankh,god breathes life ankh
/ loaf vessel jar eat of speak / drink bread mouth,mouth eat / drink / speak loaf of bread jar vessel,mouth eat / drink / speak loaf of bread jar vessel
star horizon above sky mountain above west,west mountain horizon sky star above above,west mountain horizon sky star above above
temple builds great king,king builds great temple,king builds great temple
(tills) plows / grain hoe field field pellet,grain / pellet field hoe plows (tills) field,field grain / pellet hoe plows (tills) field
birth god youth gives great,great god gives birth youth,great god gives birth youth
offering woman temple brings,woman brings offering temple,woman brings offering temple
king great builds temple,king builds great temple,king builds great temple
man toward west walks,man walks toward west,man walks toward west
king listen authority (lord) servant (every) all hear master / /,master (lord) / all (every) servant hear / listen authority king,master (lord) / all (every) servant hear / listen authority king
rises lotus plant from water,lotus plant rises from water,lotus plant rises from water
beautiful youth old becomes man,beautiful youth becomes old man,beautiful youth becomes old man
from people drink jar,people drink from jar,people drink from jar
love life plant (ankh) lotus woman seated sweet,seated woman love lotus plant sweet life (ankh),seated woman love lotus plant sweet life (ankh)
good beautiful (lord basket (ankh) thing / / life all),basket (lord / all) thing beautiful / good life (ankh),basket (lord / all) thing beautiful / good life (ankh)
honor man people old,people honor old man,people honor old man
on house brick (upon) stone slope hill face /,face / on (upon) hill slope brick house stone,face / on (upon) hill slope brick house stone
/ begets animal placenta belly gives birth,animal belly placenta gives birth / begets,animal belly placenta gives birth / begets
dwell people mountain near,people dwell near mountain,people dwell near mountain
loves peace every soul great,every soul loves great peace,every soul loves great peace
peak mountain shines above star,star shines above mountain peak,star shines above mountain peak
/ to tethering make do rope hand of rope coil,tethering rope coil of rope hand to do / make,tethering rope coil of rope hand to do / make
god controls sky storm,god controls storm sky,god controls storm sky
walks face woman upon,woman walks face upon,woman walks face upon
snake water river emerge underground ripple,underground snake emerge water ripple river,underground snake river water ripple emerge
back / gate behind to return / retreat,to return / retreat behind / back gate,to return / retreat behind / back gate
people plant offer lotus,people offer lotus plant,people offer lotus plant
hill behind man walks,man walks behind hill,man walks behind hill
god heart gives life good,good god gives life heart,good god gives life heart
me) scribe book seated (i man /,seated man (i / me) scribe book,seated man (i / me) scribe book
soul life (ba) peace (ankh) / (satisfied) content heart god,heart peace / content (satisfied) soul (ba) life (ankh) god,heart peace / content (satisfied) soul (ba) life (ankh) god
master all / servant hear authority listen king / (every) (lord),master (lord) / all (every) servant hear / listen authority king,master (lord) / all (every) servant hear / listen authority king
/ seat / great king he throne big /,he / king seat / throne great / big,he / king seat / throne great / big
child holds placenta woman,woman holds child placenta,woman holds child placenta
land god mountain creates,god creates mountain land,god creates mountain land
town road city (or found) exists / gate opens / is,opens / exists (or is found) gate road city / town,opens / exists (or is found) gate road town city / town
man swallow sky watches,man watches swallow sky,man watches swallow sky
/ hand to writing scribe do / reed make book leaf,reed leaf writing / scribe hand to do / make book,reed leaf writing / scribe hand to do / make book
writing scribe / scroll papyrus scribe hand,scribe writing / scribe papyrus scroll hand,scribe writing / scribe papyrus scroll hand
rack stone vessel jars stone in ring throne,ring stone vessel jars in rack stone throne,ring stone vessel jars in rack stone throne
to back / gate retreat behind return town /,to return / retreat behind / back gate town,to return / retreat behind / back gate town
stone god mountain shapes,god shapes stone mountain,god shapes stone mountain
make brick do city / stone man to / house town,man to do / make house brick stone city / town,man to do / make house brick stone city / town
beautiful become (ankh) sweet / plant lotus good life,beautiful / good lotus plant become sweet life (ankh),beautiful / good lotus plant become sweet life (ankh)
city / behind back gate great town mighty cobra / /,great / mighty cobra behind / back gate city / town,great / mighty cobra behind / back gate city / town
town people near settle riverbank,people settle near riverbank town,people settle near riverbank town
sees face beautiful woman,woman sees beautiful face,woman sees beautiful face
horizon beautiful good / life sky emerge (ankh) swallow (great),swallow (great) emerge horizon sky beautiful / good life (ankh),swallow (great) emerge horizon sky beautiful / good life (ankh)
man stone lifts pillar,man lifts stone pillar,man lifts stone pillar
hear sacred people words,people hear sacred words,people hear sacred words
/ book papyrus reed writing leaf scroll scribe hand,reed leaf writing / scribe papyrus scroll book hand,reed leaf writing / scribe papyrus scroll book hand
river papyrus clump shelter reed lake,reed shelter papyrus clump lake river,reed shelter papyrus clump lake river
to hand make / thing thing do,hand to do / make thing thing,hand to do / make thing thing
stone pillar lifts man,man lifts stone pillar,man lifts stone pillar
thing / forearm to make do strong,forearm strong to do / make thing,forearm strong to do / make thing
papyrus river lake ripple water clump,river water ripple lake papyrus clump,river water ripple lake papyrus clump
of rope tethering coil rope riverbank,coil of rope tethering rope riverbank,coil of rope tethering rope riverbank
town foot town gate riverbank / city road,foot road town city / town gate riverbank,foot road town city / town gate riverbank
fire fear / mighty god (no/not) negation / deity great storm,negation (no/not) fear storm fire great / mighty god / deity,negation (no/not) fear storm fire great / mighty god / deity
opens gate god horizon,god opens gate horizon,god opens gate horizon
loaf drink speak / eat mouth bread of vessel jar /,mouth eat / drink / speak loaf of bread jar vessel,mouth eat / drink / speak loaf of bread jar vessel
plows (ankh) sickle (tills) field life,sickle plows (tills) field life (ankh),sickle plows (tills) field life (ankh)
life (ankh) venerated good youth marrow mother / beautiful / father,venerated / marrow father mother youth life (ankh) beautiful / good,venerated / marrow father mother youth life (ankh) beautiful / good
exists road / town opens found) is (or,opens / exists (or is found) road town,opens / exists (or is found) road town
above mountain shines peak star,star shines above mountain peak,star shines above mountain peak
make thing / stone do throne hand to,hand to do / make thing stone throne,hand to do / make thing stone throne
(djed) pillar rib / side / stability strong grandfather backbone,side / rib backbone strong stability (djed) pillar / grandfather,side / rib backbone strong stability (djed) pillar / grandfather
(djed) / backbone power strong rib stability side,side / rib backbone strong power stability (djed),side / rib backbone strong power stability (djed)
scribe scroll writing single hand papyrus / stroke book,writing / scribe papyrus scroll book hand single stroke,writing / scribe papyrus scroll book hand single stroke
great town god sees every,every town sees great god,every town sees great god
owl sees night man,man sees owl night,man sees owl night
head sees sky bird of eye star,head of bird eye sees star sky,head of bird eye sees star sky
sky behind emerge good / beautiful (ba) soul / horizon back,beautiful / good soul (ba) emerge behind / back sky horizon,beautiful / good soul (ba) river sky
god storm sends sky fire,god sends fire storm sky,god sends fire storm sky
cuts sickle ripe grain field,sickle cuts ripe field grain,sickle cuts ripe field grain
heart feather (ba) drink old (truth/maat) / man eat soul / speak,old man eat / drink / speak heart feather (truth/maat) soul (ba),old man eat / drink / speak heart feather (truth/maat) soul (ba)
sees face woman upon beauty,woman sees beauty face upon,woman sees beauty face upon
seated love peace woman / (ankh) life lotus plant satisfy,seated woman love lotus plant peace / satisfy life (ankh),seated woman love lotus plant peace / satisfy life (ankh)
swallow chick sky quail above mountain (great),quail chick swallow (great) sky above mountain,quail chick swallow (great) sky above mountain
good mother life gives youth,good mother gives life youth,good mother gives life youth
gate (djed) house bolt door stability,door bolt gate stability (djed) house,door bolt gate stability (djed) house
bird of head quail horizon chick,quail chick head of bird horizon,quail chick head of bird horizon
strong hand brick cut town city stone /,strong hand cut stone brick city / town,strong hand cut stone brick city / town
house gate god protects,god protects house gate,god protects house gate
life god gives great,great god gives life,great god gives life
hill sky star desert horizon mountain hill,horizon star sky mountain desert hill hill,horizon star sky mountain desert hill hill
god power throne grants,god grants power throne,god grants power throne
temple mountain guards sacred,mountain guards sacred temple,mountain guards sacred temple
town king rules city,king rules city town,king rules town city
man god voice hears,man hears voice god,man hears voice god
heart life makes beautiful good,good heart makes beautiful life,good heart makes beautiful life
life youth gives mother good,good mother gives life youth,good mother gives life youth
beautiful lotus plant loves woman,beautiful woman loves lotus plant,beautiful woman loves lotus plant
shelter ripple leaf lake reed river reed water,reed leaf reed shelter lake river water ripple,reed leaf reed shelter lake river water ripple
gives peace heart god,god gives heart peace,god gives heart peace
through sees eye god,god sees through eye,god sees through eye
feather truth maat weighs heart,feather maat weighs heart truth,feather maat weighs heart truth
maat heart truth loves,heart loves truth maat,heart loves truth maat
storm man fears desert,man fears desert storm,man fears desert storm
lifts sky god above,god lifts sky above,god lifts sky above
water ripple drinks woman jar,woman drinks water ripple jar,woman drinks water ripple jar
(ba) hear venerated father marrow / heart soul,venerated / marrow father hear heart soul (ba),venerated / marrow father hear heart soul (ba)
ripple snake river water underground emerge,underground snake emerge water ripple river,underground snake river water ripple emerge
satisfied gives peace god,god gives peace satisfied,god gives peace satisfied
father venerated marrow deity star sees god / / sky,venerated / marrow father sees god / deity star sky,venerated / marrow father sees god / deity star sky
crown king power wears,king wears crown power,king wears crown power
mother people honor life father,people honor father mother life,people honor father mother life
writing papyrus opens woman scroll,woman opens papyrus scroll writing,woman opens papyrus scroll writing
writing opens papyrus scroll woman,woman opens papyrus scroll writing,woman opens papyrus scroll writing
feather heart weighs maat truth,feather maat weighs heart truth,feather maat weighs heart truth
life gives youth good mother,good mother gives life youth,good mother gives life youth
man swallow sky watches,man watches swallow sky,man watches swallow sky
city woman road walks town,woman walks road city town,woman walks road city town
river reed papyrus clump lake shelter,reed shelter lake papyrus clump river,reed shelter papyrus clump lake river
near river live people,people live near river,people live near river
power king speaks words,king speaks words power,king speaks words power
strong makes house brick forearm,strong forearm makes brick house,strong forearm makes brick house
loaf man eats bread,man eats loaf bread,man eats loaf bread
force strength power grants god,god grants power strength force,god grants power strength force
basket (lord all) / / great thing big,basket (lord / all) thing great / big,basket (lord / all) thing great / big
hears man owl,man hears owl,man hears owl
horizon desert hill sky above mountain slope,sky above mountain desert hill slope horizon,sky above mountain desert hill slope horizon
field man land plows,man plows land field,man plows land field
king city sees town great,great king sees city town,great king sees city town
/ (ba) soul god (ankh) life ka (spirit) deity heart,ka (spirit) soul (ba) heart life (ankh) god / deity,ka (spirit) soul (ba) heart life (ankh) god / deity
desert sky hill slope mountain field above,sky above mountain desert hill slope field,sky above mountain desert hill slope field
god man sees heart,god sees heart man,god sees heart man
holds field man hoe,man holds hoe field,man holds hoe field
town town / city road town gate,road city / town gate town town,road city / town gate town town
life gives youth mother good,good mother gives life youth,good mother gives life youth
power force he / strength authority / king people,strength / force power authority he / king people,strength / force power authority he / king people
sky (great) beautiful horizon good swallow / emerge,swallow (great) emerge horizon sky beautiful / good,swallow (great) emerge horizon sky beautiful / good
seated throne king sits,king sits seated throne,king sits seated throne
marrow father / life venerated mother satisfy / peace heart,venerated / marrow father mother heart peace / satisfy life,venerated / marrow father mother heart peace / satisfy life
rebirth becomes scarab god,god becomes scarab rebirth,god becomes scarab rebirth
/ / gives belly youth birth animal placenta good beautiful begets,animal belly placenta gives birth / begets beautiful / good youth,animal belly placenta gives birth / begets beautiful / good youth
exists opens / (or is found) gate road,opens / exists (or is found) gate road,opens / exists (or is found) gate road
people gate temple before gather,people gather before temple gate,people gather before temple gate
man door wooden opens,man opens wooden door,man opens wooden door
carries woman milk jar,woman carries milk jar,woman carries milk jar
god ba renews soul,god renews soul ba,god renews soul ba
grain tends woman pellet,woman tends grain pellet,woman tends grain pellet
emerge swallow water (great) ripple horizon,swallow (great) emerge horizon water ripple,swallow (great) emerge horizon water ripple
ripple water drinks woman,woman drinks water ripple,woman drinks water ripple
(tills) life sickle field plows (ankh),sickle plows (tills) field life (ankh),ed shelter life (ankh) field
woman beautiful sees face,woman sees beautiful face,woman sees beautiful face
mighty mountain / hill behind / storm desert great back,great / mighty storm behind / back desert hill mountain,great / mighty storm behind / back desert hill mountain
he people / / listen king authority hear king,people hear / listen authority he / king king,people hear / listen authority he / king king
father beautiful love / heart youth good,father love youth heart beautiful / good,father love youth heart beautiful / good
gives god king offering,king gives offering god,king gives offering god
king city commands guard,king commands city guard,king commands city guard
path follow divine people,people follow divine path,people follow divine path
emerge (ankh) water life ripple field river,life (ankh) emerge water ripple river field,life (ankh) emerge water ripple river field
god king gives offering,king gives offering god,king gives bread offering god
king seat throne sits,king sits seat throne,king sits seat throne
becomes renewal life scarab cycle,scarab becomes life cycle renewal,scarab becomes life cycle renewal
life belly / gives birth begets placenta animal,animal belly placenta gives birth / begets life,animal belly placenta gives birth / begets life
three fox all thing / (every) cloth master folded skins (lord),three fox skins folded cloth thing master (lord) / all (every),three fox skins folded cloth thing great / mighty
man god hears voice,god hears voice man,man hears voice god
with handle jar milk vessel basket,basket with handle milk jar vessel,basket with handle milk jar vessel
door gate bolt / city town house town,door bolt gate house city / town town,door bolt gate house city / town town
soul protects god ba,god protects soul ba,god protects soul ba
/ authority (every) power all (lord) master servant,authority power master (lord) / all (every) servant,authority power master (lord) / all (every) servant
gate road foot ripple riverbank town water,foot road town gate riverbank water ripple,foot road town gate riverbank water ripple
woman gate stands near,woman stands near gate,woman stands near gate
/ force rib side power strength / backbone,side / rib backbone strength / force power,side / rib backbone strength / force power
clump papyrus lake reed river shelter,reed shelter lake papyrus clump river,reed shelter papyrus clump lake river
horizon emerges from god,god emerges from horizon,god emerges from horizon
mighty / great he king king sedge authority power / (king),sedge (king) authority great / mighty power he / king king,sedge (king) authority great / mighty power he / king king
sacred shrine king protects,king protects sacred shrine,king protects sacred shrine
god rules great sky,great god rules sky,great god rules sky
sits throne power king seat,king sits seat throne power,king sits seat throne power
river bank people cross,people cross river bank,people cross river bank
return back / gate behind to retreat /,to return / retreat behind / back gate,to return / retreat behind / back gate
handle man carries basket,man carries basket handle,man carries basket handle
ripple great water riverbank upon,great riverbank upon water ripple,great riverbank upon water ripple
mighty / he loaf great king conical (give) / servant power,he / king conical loaf (give) power great / mighty servant,he / king conical loaf (give) power great / mighty servant
god people gives life,god gives life people,god gives life people
cross plain open people,people cross open plain,people cross open plain
hears heart good scribe truth,good scribe hears truth heart,good scribe hears truth heart
people cross bank river,people cross river bank,people cross river bank
(ankh) satisfy life soul peace (spirit) heart / ka (ba),ka (spirit) soul (ba) life (ankh) heart peace / satisfy,ka (spirit) soul (ba) life (ankh) heart peace / satisfy
god sky great rules,great god rules sky,great god rules sky
water river ripple underground snake emerge,underground snake emerge water ripple river,underground snake river water ripple emerge
placenta animal gives begets belly / birth,animal belly placenta gives birth / begets,animal belly placenta gives birth / begets
mother venerated / peace satisfy marrow heart / (ba) soul,venerated / marrow mother heart soul (ba) peace / satisfy,venerated / marrow mother heart soul (ba) peace / satisfy
breathes ankh god life,god breathes life ankh,god breathes life ankh
west road follow people,people follow road west,people follow road west
king (king) (every) he authority all master (lord) town / sedge /,sedge (king) authority he / king master (lord) / all (every) town,sedge (king) authority he / king master (lord) / all (every) town
conical eats loaf man,man eats conical loaf,man eats conical loaf
milk pours offering woman,woman pours milk offering,woman pours milk offering
man cuts sickle grain,man cuts grain sickle,man cuts grain sickle
grants life people god,god grants life people,god grants life people
listen / sweet woman seated hear soul heart (ba),seated woman hear / listen sweet heart soul (ba),seated woman hear / listen sweet heart soul (ba)
life heart soul deity / god (ankh),god / deity life (ankh) heart soul,god / deity life (ankh) heart soul
throne / he / great king big seat /,he / king seat / throne great / big,he / king seat / throne great / big
force god commands life,god commands life force,god commands life force
voice man hears god,man hears god voice,man hears god voice
man heart hear listen god,man hear listen heart god,man hear listen heart god
/ pellet peace thousand / altar offering grain,thousand grain / pellet offering peace / altar,thousand grain / pellet offering peace / altar
chisel / big adze throne seat great stone / mighty,chisel adze stone seat / throne great / big mighty,chisel adze stone seat / throne great / big mighty
deity offering peace / altar conical life (give) god (ankh) / loaf,conical loaf (give) offering peace / altar life (ankh) god / deity,conical loaf (give) offering peace / altar god / deity life (ankh)
man shapes stone brick,man shapes brick stone,man shapes brick stone
great power mighty strength becomes,mighty power becomes great strength,mighty power becomes great strength
/ (king) great king power / king mighty authority he sedge,sedge (king) authority great / mighty power he / king king,sedge (king) he / king authority power great / mighty
to / do make forearm strong hand,forearm strong hand to do / make,forearm strong hand to do / make
strong make to do forearm / thing,forearm strong to do / make thing,forearm strong to do / make thing
ripple water of rope tethering coil riverbank rope lake,coil of rope tethering rope riverbank lake water ripple,coil of rope tethering rope riverbank lake water ripple
man night owl hears,man hears owl night,man hears owl night
authority / / power king force strength he,strength / force power authority he / king,strength / force power authority he / king
/ seated loaf satisfy god king throne peace / stone (give) conical,seated god / king conical loaf (give) stone throne peace / satisfy,seated god / king conical loaf (give) stone throne peace / satisfy
desert hill west mountain horizon slope,west mountain desert hill slope horizon,west mountain desert hill slope horizon
god life breathes ankh,god breathes life ankh,god breathes life ankh
path divine follow people,people follow divine path,people follow divine path
great gate makes king strong,strong king makes great gate,strong king makes great gate
underground water hill emerge snake lake ripple desert,underground lake water ripple snake emerge desert hill,underground lake water ripple snake emerge desert hill
mountain shines star above peak,star shines above mountain peak,star shines above mountain peak
man conical eats loaf,man eats conical loaf,man eats conical loaf
soul marrow / old (spirit) father man (ba) ka venerated,old man venerated / marrow father soul (ba) ka (spirit),old man venerated / marrow father soul (ba) ka (spirit)
above mountain sky above west horizon star,west mountain horizon sky star above above,west mountain horizon sky star above above
(or / road exists opens town is found),opens / exists (or is found) road town,opens / exists (or is found) road town
listen man / old (truth/maat) feather hear,old man hear / listen feather (truth/maat),old man hear / listen feather (truth/maat)
by rules authority king,king rules by authority,king rules by authority
water sickle plows road ripple field (tills) river,sickle plows (tills) field river water ripple road,sickle plows (tills) field river water ripple road
riverbank twisted rope flax coil of,twisted flax coil of rope riverbank,twisted flax coil of rope riverbank
cross road people hill desert,people cross road desert hill,people cross road desert hill
people mat stool rest upon,people rest upon stool mat,people rest upon stool mat
follows town road woman,woman follows road town,woman follows road town
mouth vessel / loaf / drink bread eat speak jar,mouth eat / drink / speak bread loaf vessel jar,mouth eat / drink / speak bread loaf vessel jar
old feather eat man speak / drink soul (ba) / (truth/maat) heart,old man eat / drink / speak heart feather (truth/maat) soul (ba),old man eat / drink / speak heart feather (truth/maat) soul (ba)
house bolt (djed) gate door stability,door bolt gate stability (djed) house,door bolt gate stability (djed) house
papyrus scribe reed scroll book leaf hand writing /,reed leaf writing / scribe papyrus scroll book hand,reed leaf writing / scribe papyrus scroll book hand
woman milk jar drinks,woman drinks milk jar,woman drinks milk jar
father gives ankh life,father gives life ankh,father gives life ankh
god authority royal bestows,god bestows royal authority,god bestows royal authority
stone / big great throne adze / seat chisel,adze chisel stone seat / throne great / big,adze chisel stone seat / throne great / big
altar peace / jar milk bread offering thousand,thousand offering peace / altar bread milk jar,thousand offering peace / altar bread milk jar
sky fire great storm fear mighty /,storm fire sky great / mighty fear,storm fire sky great / mighty fear
/ town town road gate city town,road city / town gate town town,road city / town gate town town
cloth / (lord) three (every) fox folded all master thing skins,three fox skins folded cloth thing master (lord) / all (every),three fox skins folded cloth thing great / mighty
god town protects city,god protects city town,god protects city town
shapes stone man brick,man shapes brick stone,man shapes brick stone
lake sky reflects star,lake reflects star sky,lake reflects star sky
cuts grain sickle man,man cuts grain sickle,man cuts grain sickle
sky horizon above mountain star,horizon star sky above mountain,horizon star sky above mountain
jars stone in ring vessel rack stone,ring stone vessel jars in rack stone,ring stone vessel jars in rack stone
face beautiful sees woman,woman sees beautiful face,woman sees beautiful face
town foot city road riverbank / town,foot road riverbank town city / town,foot road riverbank town city / town
people order follow divine,people follow divine order,people follow divine order
fear slope snake desert horned hill viper,horned viper snake fear desert hill slope,horned viper snake fear desert hill slope
love peace woman lotus plant seated,seated woman love lotus plant peace,seated woman love lotus plant peace
all great / / youth (every) big / master (lord) speak eat drink listen hear / /,youth hear / listen great / big master (lord) / all (every) eat / drink / speak,youth hear / listen great / big master (lord) / all (every) eat / drink / speak
authority (king) mighty great / sedge power,sedge (king) authority great / mighty power,sedge (king) authority great / mighty power
life peace / woman love satisfy (ankh) lotus plant seated,seated woman love lotus plant peace / satisfy life (ankh),seated woman love lotus plant peace / satisfy life (ankh)
/ great every king lord lord / big he / love servant,lord / every servant love great / big he / king lord,lord / every servant love great / big he / king lord
commands servant king,king commands servant,king commands servant
ka god spirit gives,god gives ka spirit,god gives ka spirit
people maat divine honor,people honor divine maat,people honor divine maat
me) (i man scribe book / seated,seated man (i / me) scribe book,seated man (i / me) scribe book
beyond god horizon rises eastern,god rises beyond eastern horizon,god rises beyond eastern horizon
/ plows field (tills) pellet sickle grain strong,sickle plows (tills) grain / pellet field strong,sickle plows (tills) grain / pellet field strong
god grants content peace satisfied,god grants peace content satisfied,god grants peace content satisfied
/ (djed) power force / authority stability grandfather pillar strength,pillar / grandfather stability (djed) strength / force power authority,pillar / grandfather stability (djed) strength / force power authority
/ (or / like example) as deity god,like / as (or example) god / deity,like / as (or example) god / deity
speak drink eat bread mouth / / vessel jar,mouth eat / drink / speak bread jar vessel,mouth eat / drink / speak bread jar vessel
lasting grants peace god,god grants lasting peace,god grants lasting peace
land people rules king,king rules land people,king rules land people
of head snake owl bird sees emerge,head of bird owl sees snake emerge,head of bird owl sees snake emerge
people live hill desert,people live desert hill,people live desert hill
/ scribe writing papyrus stroke single book scroll hand,papyrus scroll book writing / scribe hand single stroke,writing / scribe papyrus scroll book hand single stroke
shapes man stone brick,man shapes brick stone,man shapes brick stone
deity / conical (give) offering (ankh) god peace life altar / loaf,conical loaf (give) offering peace / altar god / deity life (ankh),conical loaf (give) offering peace / altar god / deity life (ankh)
/ altar thousand deity god offering peace /,thousand offering peace / altar god / deity,thousand offering peace / altar god / deity
board stool / man seated senet mat,senet board stool / mat seated man,senet board stool / mat seated man
life field (ankh) plows (tills) sickle,sickle plows (tills) field life (ankh),sickle plows (tills) field life (ankh)
/ soul deity life god (ankh) heart,god / deity life (ankh) heart soul,god / deity life (ankh) heart soul
woman walks face upon,woman walks face upon,woman walks face upon
before temple gather gate people,people gather before temple gate,people gather before temple gate
youth man (ankh) become marrow venerated / old life,youth become old man life (ankh) venerated / marrow,youth become old man venerated / marrow life (ankh)
coil tethering lake water rope of riverbank rope ripple,coil of rope tethering rope riverbank lake water ripple,coil of rope tethering rope riverbank lake water ripple
grain / peace pellet offering / thousand heart altar,thousand grain / pellet offering peace / altar heart,thousand grain / pellet offering peace / altar heart
grandfather / (djed) pillar authority stability power,stability (djed) pillar / grandfather power authority,stability (djed) pillar / grandfather power authority
king power authority / force / strength he sedge (king),sedge (king) authority he / king power strength / force,sedge (king) authority he / king power strength / force
power hand ring holds,hand holds ring power,hand holds ring power
tethering rope jars vessel ring stone,tethering rope ring stone vessel jars,tethering rope ring stone vessel jars
youth venerated / (ankh) father marrow mother life,venerated / marrow father mother youth life (ankh),venerated / marrow father mother youth life (ankh)
deity / soul life god (ankh) heart,god / deity life (ankh) heart soul,god / deity life (ankh) heart soul
beauty woman sees upon face,woman sees beauty face upon,woman sees beauty face upon
big / great city strong cut / town road club,strong club cut great / big road city / town,strong club cut great / big road city / town
walks behind house woman,woman walks behind house,woman walks behind house
woman drinks water ripple,woman drinks water ripple,woman drinks water ripple
marrow / father venerated / good beautiful mother,venerated / marrow father mother beautiful / good,venerated / marrow father mother beautiful / good
strength / great authority mighty king / force / power he,authority strength / force power he / king great / mighty,authority strength / force power he / king great / mighty
grants peace lasting god,god grants lasting peace,god grants lasting peace
pellet plows / field (tills) field grain hoe,field grain / pellet hoe plows (tills) field,field grain / pellet hoe plows (tills) field
river bridge cross people,people cross bridge river,people cross bridge river
sky above slope desert hill mountain,sky above mountain desert hill slope,sky above mountain desert hill slope
king / he authority great power / (king) sedge mighty,sedge (king) he / king authority power great / mighty,sedge (king) he / king authority power great / mighty
horizon god rises beyond eastern,god rises beyond eastern horizon,god rises beyond eastern horizon
cross river water people,people cross river water,people cross river water
authority master hear king servant / / all (every) listen (lord),master (lord) / all (every) servant hear / listen authority king,master (lord) / all (every) servant hear / listen authority king
plows man great strong field,strong man plows great field,strong man plows great field
star sky ka horizon (spirit) soul (ba) emerge,soul (ba) ka (spirit) emerge horizon sky star,soul (ba) ka (spirit) emerge horizon sky star
(king) authority mighty great he sedge king / / people,sedge (king) he / king great / mighty authority people,sedge (king) he / king great / mighty authority people
pours woman offering milk,woman pours milk offering,woman pours milk offering
repeatedly plows till earth field,plows till earth repeatedly field,plows till earth repeatedly field
mountain shines star peak above,star shines above mountain peak,star shines above mountain peak
man climbs hill desert,man climbs desert hill,man climbs desert hill
beautiful father good marrow mother (ankh) youth / life venerated /,venerated / marrow father mother youth life (ankh) beautiful / good,venerated / marrow father mother youth life (ankh)
foot town city / town road riverbank gate,foot road town city / town gate riverbank,foot road town city / town gate riverbank
hill from god emerges,god emerges from hill,god emerges from hill
altar grain thousand heart offering pellet / peace /,thousand grain / pellet offering peace / altar heart,thousand grain / pellet offering peace / altar heart
stability pillar grandfather house (djed) great / / city town,stability (djed) pillar / grandfather house city / town great,stability (djed) pillar / grandfather house city / town great
djed lasting stability grants pillar,pillar djed grants lasting stability,pillar djed grants lasting stability
storm god fire sky sends,god sends fire storm sky,god sends fire storm sky
by people gather riverbank,people gather by riverbank,people gather by riverbank
great city town king sees,great king sees city town,great king sees city town
people river live bank near,people live near river bank,people live near river bank
/ (or exists gate is road found) opens,opens / exists (or is found) gate road,opens / exists (or is found) gate road
king sees snake mighty cobra,mighty king sees cobra snake,mighty king sees cobra snake
god horizon opens sky,god opens horizon sky,god opens horizon sky
every good / love beautiful father lord mother / youth,lord / every father love beautiful / good youth mother,lord / every father love beautiful / good youth mother
deity fear cobra / mighty / he snake / king great god,cobra snake fear great / mighty god / deity he / king,cobra snake fear great / mighty god / deity he / king
night star woman sees,woman sees star night,woman sees star night
king servant commands,king commands servant,king commands servant
king judges people land,king judges land people,king judges land people
settle field fertile people,people settle fertile field,people settle fertile field
lake live by people,people live by lake,people live by lake
deity people praise god,people praise god deity,people praise god deity
book papyrus do hand make to scroll / / writing scribe,writing / scribe book papyrus scroll hand to do / make,writing / scribe book papyrus scroll hand to do / make
mighty back / mountain desert behind storm / great hill,great / mighty storm behind / back desert hill mountain,great / mighty storm behind / back desert hill mountain
heart good beautiful youth love / father,father love youth heart beautiful / good,father heart love beautiful / good youth
(ankh) (lord / basket life / good heart all) thing beautiful,basket (lord / all) thing beautiful / good life (ankh) heart,basket (lord / all) thing beautiful / good life (ankh) heart
/ mother / gives beautiful youth birth good begets father,mother father gives birth / begets beautiful / good youth,mother father gives birth / begets beautiful / good youth
behind hill mountain great river,great river behind mountain hill,great river behind mountain hill
pillar city / stability / house grandfather (djed) stone town,stability (djed) pillar / grandfather house city / town stone,stability (djed) pillar / grandfather house city / town stone
bite man snake fears,man fears snake bite,man fears snake bite
emerge above star sky horizon swallow (great),swallow (great) emerge horizon sky star above,swallow (great) emerge horizon sky star above
hill emerge water snake slope desert ripple,snake emerge desert hill slope water ripple,snake emerge desert hill slope water ripple
heaven god stars fixes,god fixes stars heaven,god fixes stars heaven
fire man horizon sees,man sees fire horizon,man sees fire horizon
god gives life water,god gives water life,god gives water life
soul (ankh) life plant heart lotus (ba) sweet,lotus plant sweet life (ankh) soul (ba) heart,lotus plant sweet life (ankh) soul (ba) heart
/ papyrus behind clump back great river big / lake,great / big lake behind / back papyrus clump river,great / big lake behind / back papyrus clump river
backbone god stability strengthens,god strengthens backbone stability,god strengthens backbone stability
fire / / seated great storm / big god do to make king,seated god / king to do / make great / big storm fire,seated god / king to do / make great / big storm fire
horizon beyond eastern rises god,god rises beyond eastern horizon,god rises beyond eastern horizon
fox good beautiful / thing folded three cloth servant skins,three fox skins folded cloth thing beautiful / good servant,three fox skins folded cloth thing beautiful / good servant
power storm sky force breaks,storm breaks sky power force,storm breaks sky power force
fire god storm sends sky,god sends fire storm sky,god sends fire storm sky
grants strong strength god,god grants strength strong,god grants strength strong
(tills) / plows grain field plant pellet sickle,sickle plows (tills) field grain / pellet plant,sickle plows (tills) field grain / pellet plant
town opens / found) road exists is (or,opens / exists (or is found) road town,opens / exists (or is found) road town
above sky horizon hill star west mountain,west mountain horizon sky star above hill,west mountain horizon sky star above hill
voice woman mother hears,woman hears mother voice,woman hears mother voice
town retreat / behind gate return to back /,to return / retreat behind / back gate town,to return / retreat behind / back gate town
carries lord basket woman,woman carries basket lord,woman carries basket lord
woman life loves beautiful,woman loves beautiful life,woman loves beautiful life
hoe pellet plows field grain plant /,field plant grain / pellet hoe plows,field plant grain / pellet hoe plows
god emerges horizon from,god emerges from horizon,god emerges from horizon
scroll single / scribe writing stroke hand papyrus book,writing / scribe papyrus scroll book hand single stroke,writing / scribe papyrus scroll book hand single stroke
old honor people man,people honor old man,people honor old man
town stone make / house to city do brick man /,man to do / make house brick stone city / town,man to do / make house brick stone city / town
bread / peace satisfy (give) loaf conical heart,conical loaf (give) bread heart peace / satisfy,conical loaf (give) bread heart peace / satisfy
temple gather people,people gather temple,people gather temple
soul (ba) sweet woman hear listen seated heart /,seated woman hear / listen sweet heart soul (ba),seated woman hear / listen sweet heart soul (ba)
hears quail chick man,man hears quail chick,man hears quail chick
god sky from watches,god watches from sky,god watches from sky
strength forearm man grips,man grips forearm strength,man grips forearm strength
of man heart god sees,god sees heart of man,god sees heart of man
grain (tills) field hoe pellet field / plows,field grain / pellet hoe plows (tills) field,grain / pellet field hoe plows (tills) field
great power mighty becomes strength,mighty power becomes great strength,mighty power becomes great strength
road follow west people,people follow road west,people follow road west
swallow sky (great) above mountain hill,swallow (great) sky above mountain hill,swallow (great) sky above mountain hill
chisel holds stone man,man holds chisel stone,man holds chisel stone
god opens gate hidden,god opens hidden gate,god opens hidden gate
snake bite man fears,man fears snake bite,man fears snake bite
mountain shapes stone god,god shapes stone mountain,god shapes stone mountain
temple house king guards,king guards house temple,king guards house temple
owl hears man,man hears owl,man hears owl
people judges land king,king judges land people,king judges land people
from emerges god hill,god emerges from hill,god emerges from hill
walks woman river bank beside,woman walks beside river bank,woman walks beside river bank
opens exists city town road gate / (or found) is / town,opens / exists (or is found) gate road town city / town,opens / exists (or is found) gate road city / town town
beautiful soul good / back horizon (ba) / sky emerge behind,beautiful / good soul (ba) emerge behind / back sky horizon,beautiful / good soul (ba) emerge behind / back sky horizon
people praise mighty god,people praise mighty god,people praise mighty god
youth book writing / papyrus scribe make scroll / to do,writing / scribe to do / make papyrus scroll book youth,writing / scribe to do / make papyrus scroll book youth
woman milk opens jar,woman opens jar milk,woman opens jar milk
owl hears night man,man hears owl night,man hears owl night
hears good lord servant speak,good servant hears lord speak,good servant hears lord speak
/ placenta youth animal / gives belly birth begets good beautiful,animal belly placenta gives birth / begets beautiful / good youth,animal belly placenta gives birth / begets beautiful / good youth
peak above mountain shines star,star shines above mountain peak,star shines above mountain peak
snake club fear snake strength cobra / force,club strength / force fear cobra snake snake,club strength / force snake snake snake
/ great (plural big stroke thing stroke single marker),single stroke stroke (plural marker) thing great / big,single stroke stroke (plural marker) thing great / big
stroke papyrus single hand scroll writing / scribe book,papyrus scroll book writing / scribe hand single stroke,papyrus scroll book writing / scribe hand single stroke
eye head star sees of sky bird,head of bird eye sees star sky,head of bird eye sees star sky
maat truth heart loves,heart loves truth maat,heart loves truth maat
ba god renews soul,god renews soul ba,god renews soul ba
words man sacred writes,man writes sacred words,man writes sacred words
/ stability house (djed) grandfather city stone pillar town /,stability (djed) pillar / grandfather house city / town stone,stability (djed) pillar / grandfather house city / town stone
life gives god great people,great god gives life people,great god gives life people
life youth mother gives good,good mother gives life youth,good mother gives life youth
to good make beautiful scroll writing / papyrus do scribe hand / /,writing / scribe to do / make beautiful / good papyrus scroll hand,writing / scribe to do / make beautiful / good papyrus scroll hand
all) / basket big / (lord thing great,basket (lord / all) thing great / big,basket (lord / all) thing great / big
peace good / beautiful (ankh) sweet make / / life to do satisfy god,beautiful / good god to do / make life (ankh) sweet peace / satisfy,beautiful / good god to do / make life (ankh) sweet peace / satisfy
quail man chick hears,man hears quail chick,man hears quail chick
door man opens wooden,man opens wooden door,man opens wooden door
knot rope binds man,man binds rope knot,man binds rope knot
man sickle cuts grain,man cuts grain sickle,man cuts grain sickle
lotus life love seated (ankh) woman plant satisfy / peace,seated woman love lotus plant peace / satisfy life (ankh),seated woman love lotus plant peace / satisfy life (ankh)
stone jars vessel rack in ring stone,ring stone vessel jars in rack stone,ring stone vessel jars in rack stone
good / heart plant love beautiful lotus,heart love beautiful / good lotus plant,heart love beautiful / good lotus plant
sky head eye of bird star sees,head of bird eye sees star sky,head of bird eye sees star sky
hoe field man holds,man holds hoe field,man holds hill field
to behind retreat / town back return / road gate,to return / retreat behind / back gate town road,to return / retreat behind / back gate town road
sees man night owl,man sees owl night,man sees owl night
grain woman pellet tends,woman tends grain pellet,woman tends grain pellet
venerated sees / deity marrow / god sky star father,venerated / marrow father sees god / deity star sky,venerated / marrow father sees god / deity star sky
sickle man plant cuts,man cuts plant sickle,man cuts plant sickle
temple builds king stone,king builds stone temple,king builds stone temple
jar water man carries ripple,man carries jar water ripple,man carries jar water ripple
storm fear people great,people fear great storm,people fear great storm
heart soul (ba) / hear father marrow venerated,venerated / marrow father hear heart soul (ba),venerated / marrow father hear heart soul (ba)
jar vessel / / of eat bread speak drink loaf youth,youth eat / drink / speak loaf of bread jar vessel,youth eat / drink / speak loaf of bread jar vessel
pours water woman vessel,woman pours water vessel,woman pours water vessel
servant good lord speak hears,good servant hears lord speak,good servant hears lord speak
drink sweet people water,people drink sweet water,people drink sweet water
adze town town stone chisel city / house brick,chisel adze stone brick house city / town town,chisel adze stone brick house city / town
force / strength backbone rib / power side,side / rib backbone strength / force power,side / rib backbone strength / force power
(ba) heart listen feather (truth/maat) / scribe hear soul,scribe hear / listen feather (truth/maat) heart soul (ba),scribe hear / listen feather (truth/maat) heart soul (ba)
plows grain field / hoe plant pellet (tills) field,grain / pellet field hoe plows (tills) field plant,grain / pellet field hoe plows (tills) field plant
/ venerated satisfy peace / heart mother (ba) marrow soul,venerated / marrow mother heart soul (ba) peace / satisfy,venerated / marrow mother heart soul (ba) peace / satisfy
good / sweet beautiful life lotus plant,lotus plant sweet beautiful / good life,lotus plant sweet beautiful / good life
hill above west star mountain sky horizon,west mountain horizon sky star above hill,west mountain horizon sky star above hill
hidden god opens gate,god opens hidden gate,god opens hidden gate
/ altar offering (ba) / god deity thousand peace soul,thousand offering peace / altar god / deity soul (ba),thousand offering peace / altar god / deity soul (ba)
rope rope gate of tethering coil,tethering rope coil of rope gate,tethering rope coil of rope gate
milk vessel handle basket with jar,basket with handle milk jar vessel,basket with handle milk jar vessel
star sky soul horizon (spirit) emerge ka (ba),soul (ba) ka (spirit) emerge horizon sky star,soul (ba) ka (spirit) emerge horizon sky star
snake lake emerge water underground ripple,underground lake water ripple snake emerge,underground lake water ripple snake emerge
storm fire / sky great mighty mountain,storm fire sky great / mighty mountain,storm fire sky great / mighty mountain
every lord people follow,people follow lord every,people follow lord every
horizon mountain desert star hill sky,horizon star sky mountain desert hill,horizon star sky mountain desert hill
/ he authority / strength power sedge force (king) king,sedge (king) authority he / king power strength / force,sedge (king) authority he / king power strength / force
town city / house / great (djed) pillar stability grandfather,stability (djed) pillar / grandfather house city / town great,stability (djed) pillar / grandfather house city / town great
great jars vessel stone rack in ring,ring stone vessel jars in rack great,ring stone vessel jars in rack great
sky emerge star horizon (great) swallow,swallow (great) emerge horizon sky star,swallow (great) emerge horizon sky star
(tills) field great / plows mighty sickle,sickle plows (tills) great / mighty field,sickle plows (tills) great / mighty field
city god protects town,god protects city town,god protects city town
old (truth/maat) hear listen / man feather,old man hear / listen feather (truth/maat),old man hear / listen feather (truth/maat)
milk opens woman jar,woman opens jar milk,woman opens jar milk
hill be) hare desert desert (to viper slope snake horned,horned viper snake desert hill slope desert hare (to be),horned viper snake desert hill slope desert hare (to be)
/ great do / king seated to big fire / storm god make,seated god / king to do / make great / big storm fire,seated god / king to do / make great / big storm fire
milk jar sweet face peace / temple upon altar /,sweet milk jar face / upon peace / altar temple,sweet milk jar face / upon peace / altar temple
peace marrow / (ba) heart venerated satisfy / mother soul,venerated / marrow mother heart soul (ba) peace / satisfy,venerated / marrow mother heart soul (ba) peace / satisfy
youth beautiful mother begets / / father birth gives good,mother father gives birth / begets beautiful / good youth,mother father gives birth / begets beautiful / good youth
stone brick house adze chisel city town / town,chisel adze stone brick house city / town town,chisel adze stone brick house city / town town
mother venerated beautiful father good marrow / /,venerated / marrow father mother beautiful / good,venerated / marrow father mother beautiful / good
animal birth life belly gives begets youth / placenta,placenta animal belly gives birth / begets youth life,placenta animal belly gives birth / begets youth life
man becomes youth old beautiful,beautiful youth becomes old man,beautiful youth becomes old man
god great rules sky,great god rules sky,great god rules sky
every man jar eats bread,every man eats bread jar,every man eats bread jar
/ authority he great king hear listen / people,people hear / listen authority he / king great,people hear / listen authority he / king great
good lotus become sweet life plant / beautiful (ankh),beautiful / good lotus plant become sweet life (ankh),beautiful / good lotus plant become sweet life (ankh)
deity god (spirit) mighty (ankh) life ka / / (ba) soul great,ka (spirit) soul (ba) life (ankh) god / deity great / mighty,ka (spirit) soul (ba) life (ankh) god / deity great / mighty
soul beautiful mother heart / listen / good (ba) hear,mother hear / listen beautiful / good heart soul (ba),mother hear / listen beautiful / good heart soul (ba)
woman beautiful face sees,woman sees beautiful face,woman sees beautiful face
people king leads west,king leads people west,king leads people west
forearm make do hand / brick strong to,forearm strong hand to do / make brick,forearm strong hand to do / make brick
order maat commands god,god commands order maat,god commands order maat
seat / adze chisel great throne stone,chisel adze stone seat / throne great,chisel adze stone seat / throne great
man bird seated owl heart head sees of,owl head of bird sees seated man heart,owl head of bird sees seated man heart
god water life gives,god gives water life,god gives water life
winding cross road people,people cross winding road,people cross road writing
hill desert people beyond travel,people travel beyond desert hill,people travel beyond desert hill
sky west horizon star hill mountain above,west mountain horizon sky star above hill,west mountain horizon sky star above hill
woman opens milk jar,woman opens jar milk,woman opens jar milk
near live people lake,people live near lake,people live near lake
rope town / tethering city coil of rope riverbank road,coil of rope tethering rope riverbank road city / town,coil of rope tethering rope riverbank road city / town
power ring holds hand,hand holds ring power,hand holds ring power
power sedge / / force strength he (king) authority king,he / king sedge (king) authority power strength / force,sedge (king) authority he / king power strength / force
thing fox skins three folded cloth,three fox skins folded cloth thing,three fox skins folded cloth thing
town / mighty behind / gate city / back great cobra,great / mighty cobra behind / back gate city / town,great / mighty cobra behind / back gate city / town
soul / heart life god deity (ankh),god / deity life (ankh) heart soul,god / deity life (ankh) heart soul
sees man sky light,man sees light sky,man sees light sky
sees owl head of bird bird,owl head of bird sees bird,owl head of bird sees bird
lotus beautiful plant heart (ankh) / sweet good life,lotus plant sweet beautiful / good life (ankh) heart,lotus plant sweet beautiful / good life (ankh) heart
door town / city gate bolt town house,door bolt gate house city / town town,door bolt gate house city / town town
hears people prayers god,god hears prayers people,god hears prayers people
/ vessel peace offering altar jar jar milk,jar vessel milk jar offering peace / altar,jar vessel milk jar offering peace / altar
hill ripple slope water desert snake emerge,snake emerge desert hill slope water ripple,snake emerge desert hill slope water ripple
man slope hill walks,man walks hill slope,man walks hill slope
god brings satisfied peace,god brings peace satisfied,god brings peace satisfied
make servant house to / brick do,servant to do / make brick house,servant to do / make brick house
(djed) / door gate house bolt city town stability,door bolt gate stability (djed) house city / town,door bolt gate stability (djed) house city / town
reed scribe leaf / scribe papyrus writing scroll hand,reed leaf writing / scribe papyrus scroll hand scribe,reed leaf writing / scribe papyrus scroll hand scribe
god order maat commands,god commands order maat,god commands order maat
force god strength gives,god gives strength force,god gives strength force
stone great adze / seat / throne chisel big,adze chisel stone seat / throne great / big,adze chisel stone seat / throne great / big
power royal symbolizes throne seat,seat throne symbolizes royal power,seat throne symbolizes royal power
snake emerge water ripple river underground,underground snake emerge water ripple river,underground snake river water ripple emerge
viper hill (to desert slope horned snake hare be) desert,horned viper snake desert hill slope desert hare (to be),horned viper snake desert hill slope desert hare (to be)
man city gate opens,man opens city gate,man opens city gate
opens sky god horizon,god opens horizon sky,god opens horizon sky
house brick / forearm great / make do strong to big,strong forearm to do / make great / big brick house,strong forearm to do / make great / big brick house
gate stability house bolt (djed) door,door bolt gate stability (djed) house,door bolt gate stability (djed) house
desert hill cross people,people cross desert hill,people cross desert hill
/ beautiful youth heart love good father,father love youth heart beautiful / good,father love youth heart beautiful / good
make scroll good beautiful writing / papyrus scribe hand to / / do,writing / scribe to do / make beautiful / good papyrus scroll hand,writing / scribe to do / make beautiful / good papyrus scroll hand
chick man quail hears,man hears quail chick,man hears quail chick
altar god peace / thousand offering / deity,thousand offering peace / altar god / deity,thousand offering peace / altar god / deity
birth good beautiful life (ankh) begets youth / / mother gives,mother gives birth / begets beautiful / good youth life (ankh),mother gives birth / begets beautiful / good youth life (ankh)
underground west god from emerges,god emerges from underground west,god emerges from underground west
emerge ripple water snake lake underground,underground lake water ripple snake emerge,underground lake water ripple snake emerge
belly gives life birth animal youth (ankh) / begets,animal belly gives birth / begets youth life (ankh),animal belly gives birth / begets youth life (ankh)
(lord) all / master power servant (every) authority,authority power master (lord) / all (every) servant,authority power master (lord) / all (every) servant
mouth jar / drink bread speak eat /,mouth eat / drink / speak bread jar,mouth eat / drink / speak bread jar
head field strong / grain of ox hoe pellet,head of ox grain / pellet field hoe strong,head of ox grain / pellet field hoe strong
sky god controls storm,god controls storm sky,god controls storm sky
people temple near gather,people gather near temple,people gather near temple
field man plows land,man plows land field,man plows land field
house town / town / city pillar grandfather (djed) stability,stability (djed) pillar / grandfather house city / town town,stability (djed) pillar / grandfather house city / town town
servant lord hears good speak,good servant hears lord speak,good servant hears lord speak
papyrus reed lake river shelter clump,reed shelter lake papyrus clump river,reed shelter lake papyrus clump river
pours woman milk offering,woman pours milk offering,woman pours milk offering
old marrow venerated soul / man father,old man venerated / marrow father soul,old man venerated / marrow father soul
make / strong forearm stone do brick to,forearm strong to do / make stone brick,forearm strong to do / make stone brick
people follow road west,people follow road west,people follow road west
water emerge ripple river life field (ankh),life (ankh) emerge water ripple river field,life (ankh) emerge water ripple river field
behind walks house man gate,man walks behind house gate,man walks behind house gate
people west travel road,people travel road west,people travel road west
life loves woman child,woman loves child life,woman loves child life
(satisfied) / god (ankh) content (ba) peace life heart soul,heart peace / content (satisfied) soul (ba) life (ankh) god,heart peace / content (satisfied) soul (ba) life (ankh) god
opens secret house god,god opens secret house,god opens secret house
(great) bird horizon quail head of swallow sky chick,quail chick head of bird swallow (great) sky horizon,quail chick head of bird swallow (great) sky horizon
stone mighty throne become / / beautiful great throne / seat good,great / mighty stone become beautiful / good throne seat / throne,great / mighty stone become beautiful / good throne seat / throne
field reed shelter stands near,reed shelter stands near field,reed shelter stands near field
opens road exists gate found) / (or is,opens / exists (or is found) gate road,opens / exists (or is found) gate road
venerated man heart old peace satisfy / / marrow,old man venerated / marrow heart peace / satisfy,old man venerated / marrow heart peace / satisfy
pellet field strong head / ox grain of hoe,head of ox grain / pellet field hoe strong,head of ox grain / pellet field hoe strong
people open cross plain,people cross open plain,people cross open plain
god power gives king,god gives power king,god gives power king
strong strength grants god,god grants strength strong,god grants strength strong
city opens gate man,man opens city gate,man opens city gate
face sees horizon upon eye,eye sees face upon horizon,eye sees face upon horizon
river from drinks man,man drinks from river,man drinks from river
heart of god sees man,god sees heart of man,god sees heart of man
creates mountain god land,god creates mountain land,god creates mountain land
king protects city people,king protects city people,king protects city people
gives good / father youth begets birth mother / beautiful,mother father gives birth / begets beautiful / good youth,mother father gives birth / begets beautiful / good youth
power (lord) (every) servant / master all authority,authority power master (lord) / all (every) servant,authority power master (lord) / all (every) servant
plant cuts sickle man,man cuts plant sickle,man cuts plant sickle
storm / mighty fire mountain sky great,storm fire sky great / mighty mountain,storm fire sky great / mighty mountain
mighty deity negation fear storm god / fire great (no/not) /,negation (no/not) fear storm fire great / mighty god / deity,negation (no/not) fear storm fire great / mighty god / deity
field (tills) road ripple plows sickle water river,sickle plows (tills) field river water ripple road,sickle plows (tills) field river water ripple road
youth good mother / / marrow beautiful (ankh) life venerated father,venerated / marrow father mother youth life (ankh) beautiful / good,venerated / marrow father mother youth life (ankh) beautiful / good
hears silence man desert,man hears desert silence,man hears desert silence
(djed) become backbone mighty stability / grandfather / great strong pillar,strong backbone become great / mighty pillar / grandfather stability (djed),strong backbone become great / mighty pillar / grandfather stability (djed)
river bank near live people,people live near river bank,people live near river bank
earth god forms hill,god forms earth hill,god forms earth hill
old heart soul man (truth/maat) speak drink / feather (ba) / eat,old man eat / drink / speak heart feather (truth/maat) soul (ba),old man eat / drink / speak heart feather (truth/maat) soul (ba)
hoe man field holds,man holds hoe field,man holds hoe field
house protects gate god,god protects house gate,god protects house gate
lake clump water papyrus river ripple,river water ripple lake papyrus clump,river water ripple lake papyrus clump
every father beautiful / / good love lord mother youth,lord / every father love beautiful / good youth mother,lord / every father love beautiful / good youth mother
temple gather people near,people gather near temple,people gather near temple
seat chisel stone / throne adze great,chisel adze stone seat / throne great,chisel adze stone seat / throne great
scribe man / me) seated (i book,seated man (i / me) scribe book,seated man (i / me) scribe book
sweet (ba) seated hear soul heart listen woman /,seated woman hear / listen sweet heart soul (ba),seated woman hear / listen sweet heart soul (ba)
lifts sky above god,god lifts sky above,god lifts sky above
good beautiful emerge sky (ankh) life / (great) swallow horizon,swallow (great) emerge horizon sky beautiful / good life (ankh),swallow (great) emerge horizon sky beautiful / good life (ankh)
/ cobra snake snake force club strength fear,club strength / force fear cobra snake snake,club strength / force fear cobra snake snake
pours vessel water woman,woman pours water vessel,woman pours water vessel
people settle near town riverbank,people settle near riverbank town,people settle near riverbank town
west house opens gate god,god opens house gate west,god opens house gate west
old becomes man beautiful youth,beautiful youth becomes old man,beautiful youth becomes old man
gate grandfather stability / door house (djed) pillar bolt,door bolt gate house stability (djed) pillar / grandfather,door bolt gate house stability (djed) pillar / grandfather
desert man climbs hill,man climbs desert hill,man climbs desert hill
field ox hoe / of strong head pellet grain,head of ox grain / pellet field hoe strong,head of ox grain / pellet field hoe strong
sweet / love satisfy lotus seated plant woman peace,seated woman love lotus plant sweet peace / satisfy,seated woman love lotus plant sweet peace / satisfy
walks behind hill man,man walks behind hill,man walks behind hill
hears silence man desert,man hears desert silence,man hears desert silence
