Input,Target,Prediction
youth to mother birth with gives of heart god great,mother gives birth to youth with heart of great god,mother gives birth to youth with heart of great god
the youth in of mother of placenta house stay beautiful,placenta of mother stay in the house of beautiful youth,placenta of mother stay in the house of beautiful youth
handle emerge basket and brick snake behind with from cobra,cobra and snake emerge from basket with handle behind brick,cobra and snake emerge from basket with handle behind brick
sees ka beautiful of youth heart face mother spirit of,spirit ka of mother sees beautiful face of youth heart,spirit ka of mother sees beautiful face of youth heart
behind cobra viper the horned brick wall and hide stone,horned viper and cobra hide behind the stone brick wall,horned viper and cobra hide behind the stone brick wall
birth to gives beautiful hill desert god above youth great,great god gives birth to beautiful youth above desert hill,great god gives birth to beautiful youth above desert hill
stay bird of of head the with god mighty authority,mighty authority of god stay with the head of bird,mighty authority of god stay with the head of bird
mighty the riverbank lord above stay road authority of the,mighty authority of the lord stay above the riverbank road,mighty authority of the lord stay above the riverbank road
near lotus in gate water plant of temple beautiful grow,beautiful lotus plant grow in water near gate of temple,beautiful lotus plant grow in water near gate of temple
adze to door fix of bolt the use house man,man use adze to fix the door bolt of house,man use adze to fix the door bolt of house
power reed authority scroll papyrus book scribe writing thing leaf scribe /,scribe writing / scribe papyrus scroll reed leaf book authority power thing,papyrus scroll writing / scribe book thing authority power life
scribe writing reed scroll authority leaf papyrus scribe book / power thing,scribe writing / scribe papyrus scroll reed leaf book authority power thing,scribe writing / scribe papyrus scroll reed leaf book authority power thing
life town do found) is people road / peace authority gate power opens exists (or,gate opens / exists (or is found) road town people do life peace authority power,gate opens / exists (or is found) road town people do life peace authority power
wall and viper cobra under stone horned brick the hide,horned viper and cobra hide under the brick wall stone,horned viper and cobra hide under the brick wall stone
gives god of to youth great heart with birth mother,mother gives birth to youth with heart of great god,mother gives birth to youth with heart of great god
gives authority god throne life king power (ankh),god gives life (ankh) power authority king throne,god gives life (ankh) power authority king throne
twisted three fox flax of with servant tie hand skins,hand of servant tie three fox skins with twisted flax,hand of servant tie three fox skins with twisted flax
the stay authority of with power of mighty life lord,mighty power of authority stay with the lord of life,mighty power of authority stay with the lord of life
from soul emerge body sky upon / face (ba) star west,soul (ba) emerge from body face / upon sky star west,soul (ba) emerge from body face / upon sky star west
great youth desert hill beautiful birth to above god gives,great god gives birth to beautiful youth above desert hill,great god gives birth to beautiful youth above desert hill
beautiful three fox man to use make skins folded cloth,man use three fox skins to make beautiful folded cloth,man use three fox skins to make beautiful folded cloth
the of the heart mother see youth house in the,mother see the heart of the youth in the house,mother see the heart of the youth in the house
becomes every basket lord city of all great king of,great king of city becomes lord of every basket all,great king of city becomes lord of every basket all
strong near river hoe backbone servant plows and with field,servant plows field near river with hoe and strong backbone,servant plows field near river with hoe and strong backbone
above master strong mighty of desert hill stay the authority,mighty authority of master stay strong above the desert hill,mighty authority of master stay strong above the desert hill
sees heart seated of in god the truth the king,seated god sees the truth in the heart of king,seated god sees the truth in the heart of king
soul of like father mountain fly swallow to ba the,soul ba of father fly like swallow to the mountain,soul ba of father fly like swallow to the mountain
house in youth the mother heart the of the see,mother see the heart of the youth in the house,mother see the heart of the youth in the house
great scribe authority do thing / papyrus life scroll reed writing book / power leaf big,writing / scribe do papyrus scroll reed leaf book thing power authority great / big life,writing / scribe do papyrus scroll reed leaf book thing power authority great / big life
carry conical servant the temple loaf the to altar stone,servant carry the conical loaf to the stone temple altar,servant carry the conical loaf to the stone temple altar
in and basket with hide cobra horned the handle viper,cobra and horned viper hide in the basket with handle,horned viper and cobra hide in the basket with handle
the fly to ba soul of hill the desert father,soul ba of the father fly to the desert hill,soul ba of the father fly to the desert hill
of bird to like ba people the soul fly sky,soul ba of people fly to the sky like bird,soul ba of the people fly like bird to sky
door viper brick and bolt behind hide cobra horned the,horned viper and cobra hide behind the door bolt brick,horned viper and cobra hide behind the door bolt brick
in the of the the mother house see placenta youth,mother see the placenta of the youth in the house,mother see the placenta of the youth in the house
like soul ba the the horizon swallow fly above bird,swallow bird fly above the horizon like the soul ba,swallow bird fly above the horizon like the soul ba
from drink sweet milk man the milk old vessel jar,old man drink sweet milk from the milk jar vessel,old man drink sweet milk from the milk jar vessel
star bird like to above fly horizon swallow soul become,swallow bird fly above horizon like soul to become star,swallow bird fly above horizon like soul to become star
become underground sky soul horizon power to (ba) ka (spirit) west life star,ka (spirit) soul (ba) life to become west underground star sky horizon power,ka (spirit) soul (ba) life to become west underground star sky horizon power
beautiful fox use make skins three to man folded cloth,man use three fox skins to make beautiful folded cloth,man use three fox skins to make beautiful folded cloth
scribe authority leaf writing / book power papyrus scribe reed scroll thing,scribe writing / scribe papyrus scroll reed leaf book authority power thing,scribe writing / scribe papyrus scroll reed leaf book authority power thing
seated river beautiful in plant the lotus woman the loves,seated woman loves the beautiful lotus plant in the river,seated woman loves the beautiful lotus plant in the river
with the field hoe man near plows mountain the old,old man with hoe plows the field near the mountain,old man with hoe plows the field near the mountain
god desert stay the above hill of great mighty authority,mighty authority of god stay above the great desert hill,mighty authority of god stay above the great desert hill
of become gate people every for to opens city lord,lord of every city opens gate for people to become,lord of every city opens gate for people to become
belly the and animal stay on altar side rib offering,side rib and animal belly stay on the offering altar,animal belly and side rib stay on the offering altar
writing mouth hear of of and scribe law do people,scribe hear mouth of people and do writing of law,scribe hear mouth of people and do writing of law
temple man the drink milk jar in sweet old from,old man drink sweet milk from the jar in temple,old man drink sweet milk from the jar in temple
give djed the stability woman lord of to seated life,lord of life give stability djed to the seated woman,lord of life give stability djed to the seated woman
plant in grow temple gate beautiful near water lotus of,beautiful lotus plant grow in water near gate of temple,beautiful lotus plant grow in water near gate of temple
opens good exists sweet / peace life / satisfy house found) people (or beautiful / shelter is reed gate heart,reed shelter house gate opens / exists (or is found) people life peace / satisfy sweet heart beautiful / good,reed shelter house gate opens / exists (or is found) people life peace / satisfy sweet heart beautiful / good
in for do hear scribe god and truth writing temple,scribe hear truth and do writing for god in temple,scribe hear truth and do writing for god in temple
make use adze throne to chisel man the seat and,man use adze and chisel to make the seat throne,man use adze and chisel to make the seat throne
belly rib animal the viper horned in hide of side,horned viper hide in the side rib of animal belly,horned viper hide in the side rib of animal belly
ankh beautiful life father child in venerated give house to,venerated father give life ankh to beautiful child in house,venerated father give life ankh to beautiful child in house
lotus papyrus the clump lake water and grow plant near,lotus plant and papyrus clump grow near the lake water,lotus plant and papyrus clump grow near the lake water
all basket city becomes king great lord every of of,great king of city becomes lord of every basket all,great king of city becomes lord of every basket all
gate soul king opens horizon ba of of great for,gate of horizon opens for soul ba of great king,gate of horizon opens for soul ba of great king
every man heart woman of and master venerated the hear,venerated master hear the heart of every man and woman,venerated master hear the heart of every man and woman
gate life woman house (satisfied) peace content woman bolt love door seated /,woman seated woman house gate door bolt life love peace / content (satisfied),woman seated woman house gate door bolt life love peace / content (satisfied)
animal stay of side rib the altar on stone the,side rib of the animal stay on the stone altar,side rib of the animal stay on the stone altar
mat stool place servant loaf hand on the conical of,hand of servant place the conical loaf on stool mat,hand of servant place the conical loaf on stool mat
above bird hill chick quail fly and swallow slope desert,quail chick and swallow bird fly above desert hill slope,quail chick and swallow bird fly above desert hill slope
and the milk beautiful loves woman seated lotus plant the,seated woman loves the beautiful lotus plant and the milk,seated woman loves the beautiful lotus plant and the milk
the father desert venerated the star sees slope hill above,venerated father sees the star above the desert hill slope,venerated father sees the star above the desert hill slope
(or found) / people enter gate exists is peace opens house,house gate opens / exists (or is found) people enter peace,house gate opens / exists (or is found) people enter peace
and town light give to city star underground and sky,star and sky give light to city and town underground,star and sky give light to city and town underground
of back the fox the on stay skins three servant,three fox skins stay on the back of the servant,three fox skins stay on the back of the servant
the king hand of the great authority hold of town,hand of king hold the authority of the great town,hand of king hold the authority of the great town
opens authority found) peace road town life (or exists / power gate is do people,gate opens / exists (or is found) road town people do life peace authority power,gate opens / exists (or is found) road town people do life peace authority power
ba slope above great mountain fly the soul father of,soul ba of father fly above the great mountain slope,soul ba of father fly above the great mountain slope
hand / / do power chisel authority great cross cut big force stone strength,cross cut stone chisel do hand strength / force power great / big authority,cross cut stone chisel do hand strength / force power great / big authority
sees the seated god truth heart of king the in,seated god sees the truth in the heart of king,seated god sees the truth in the heart of king
beautiful lotus seated star plant and loves the woman the,seated woman loves the beautiful lotus plant and the star,seated woman loves the beautiful lotus plant and the star
listen law power / sees authority fear hear people king,king sees people hear / listen fear power authority law,king sees people hear / listen fear power authority law
he king power god people king town seated stability / throne authority (djed) /,he / king seated god / king throne authority power people town stability (djed),he / king seated god / king throne authority power people town stability (djed)
/ people / good beautiful (or reed opens heart shelter life found) house / peace is satisfy exists gate sweet,reed shelter house gate opens / exists (or is found) people life peace / satisfy sweet heart beautiful / good,reed shelter house gate opens / exists (or is found) people life peace / satisfy sweet heart beautiful / good
storm great desert hill the above sky dark the make,great storm above the desert hill make the sky dark,great storm above the desert hill make the sky dark
altar of bread on offering stone hand of do king,hand of king do offering of bread on stone altar,hand of king do offering of bread on stone altar
milk of do servant of jar god altar on offering,servant of god do offering of milk jar on altar,servant of god do offering of milk jar on altar
servant the jar carry milk old and bread man to,servant carry milk jar and bread to the old man,servant carry milk jar and bread to the old man
do of for writing king scribe of hand truth the,hand of scribe do writing of truth for the king,hand of scribe do writing of truth for the king
of grain plows with and man becomes master hoe field,man with hoe plows field and becomes master of grain,man with hoe plows field and becomes master of grain
lord seated for town do offering the of every god,lord of every town do offering for the seated god,lord of every town do offering for the seated god
begets (satisfied) deity god (ankh) peace / / city gives authority / birth people power temple great / town mighty content / life,god / deity gives birth / begets life (ankh) people city / town temple authority power great / mighty peace / content (satisfied,god / deity gives birth / begets life (ankh) people city / town temple authority power great / mighty peace / content (satisf
no hide of god man from can negation eye the,negation no man can hide from the eye of god,negation no man can hide from the eye of god
become king lord to city power great of use master,great king of city use power to become master lord,great king of city use power to become master lord
hide door behind and viper horned cobra bolt gate the,horned viper and cobra hide behind the door bolt gate,horned viper and cobra hide behind the door bolt gate
great king for of soul of gate ba opens horizon,gate of horizon opens for soul ba of great king,gate of horizon opens for soul ba of great king
king writing hear and scribe throne truth on do for,scribe hear truth and do writing for king on throne,scribe hear truth and do writing for king on throne
mother of venerated house in the voice hear stone father,venerated father hear voice of mother in the stone house,venerated father hear voice of mother in the stone house
fly bird people like to the soul of sky ba,soul ba of people fly to the sky like bird,soul ba of the people fly like bird to sky
the reed the carry and shelter to loaf servant jar,servant carry the jar and loaf to the reed shelter,servant carry the jar and loaf to the reed shelter
lotus in lake light plant the in sky become beautiful,lotus plant in lake become beautiful in the sky light,lotus plant in lake become beautiful in the sky light
face mother heart ka of youth spirit beautiful of sees,spirit ka of mother sees beautiful face of youth heart,spirit ka of mother sees beautiful face of youth heart
give every lord of djed people town stability to the,lord of every town give stability djed to the people,lord of every town give stability djed to the people
people city seated throne temple power / king town holds authority,seated king holds authority power throne temple people city / town,seated king holds authority power throne temple people city / town
peace seated to lord the every woman of give town,lord of every town give peace to the seated woman,lord of every town give peace to the seated woman
life / to (lord altar authority basket give every lord god offering all) power / temple / peace,basket (lord / all) lord / every offering to give temple god peace / altar life power authority,basket (lord / all) lord / every offering to give temple god peace / altar life power authority
/ deity horizon / life sky (ankh) god big emerges power great,god / deity emerges horizon sky life (ankh) power great / big,god / deity emerges horizon sky life (ankh) power great / big
the drink old jar from and milk milk woman man,old man and woman drink milk from the milk jar,old man and woman drink milk from the milk jar
milk woman seated the vessel sweet jar milk drink from,seated woman drink sweet milk from the milk jar vessel,seated woman drink sweet milk from the milk jar vessel
hand big / house servant peace people power great do life authority,servant people house do hand life power authority peace great / big,servant people house do hand life power authority peace great / big
field the man hoe with lake near the plows strong,strong man with the hoe plows the field near lake,strong man with the hoe plows the field near lake
drink of loaf man / water speak / eat / bread ripple satisfy milk peace jar,man eat / drink / speak loaf of bread milk jar water ripple peace / satisfy,man eat / drink / speak loaf of bread milk jar water ripple peace / satisfy
stay of gate the authority temple lord above wall mighty,mighty authority of lord stay above the temple wall gate,mighty authority of lord stay above the temple wall gate
the lotus near water grow clump plant and papyrus lake,lotus plant and papyrus clump grow near the lake water,lotus plant and papyrus clump grow near the lake water
mat house (satisfied) / peace life rest stool heart seated man content /,stool / mat seated man rest peace / content (satisfied) life house heart,stool / mat seated man rest peace / content (satisfied) life house heart
hold tethering gate rope vessel town the the of near,tethering rope hold the vessel near the gate of town,tethering rope hold the vessel near the gate of town
servant of hand field measure hold the flax to twisted,hand of servant hold twisted flax to measure the field,hand of servant hold twisted flax to measure the field
mother of to the ka beautiful love give spirit youth,spirit ka of mother give love to the beautiful youth,spirit ka of mother give love to the beautiful youth
god hand servant jar carry to the of milk seated,hand of servant carry milk jar to the seated god,hand of servant carry milk jar to the seated god
speak satisfy / peace house eat god offering life drink heart / / (no/not) negation people do,negation (no/not) do eat / drink / speak offering life peace / satisfy heart people house god,negation (no/not) do eat / drink / speak offering life peace / satisfy heart people house god
rib hide belly viper horned of in animal side the,horned viper hide in the side rib of animal belly,horned viper hide in the side rib of animal belly
power strength star sky fear / mountain hill desert horizon force,mountain desert hill horizon sky star fear power strength / force,mountain desert hill horizon sky star fear power strength / force
/ god fox fear force strength gate / great authority three skins house life mighty power,three fox skins fear power strength / force god house gate life authority great / mighty,three fox skins fear power strength / force god house gate life authority great / mighty
milk sweet and man youth the from drink old jar,old man and youth drink sweet milk from the jar,old man and youth drink sweet milk from the jar
the riverbank the tethering road hold vessel rope stone near,tethering rope hold the vessel near the riverbank road stone,tethering rope hold the vessel near the riverbank road stone
loves and star plant beautiful the lotus the seated woman,seated woman loves the beautiful lotus plant and the star,seated woman loves the beautiful lotus plant and the star
fear people protection cobra strength house snake gate power life force /,cobra snake fear power protection house gate people life strength / force,cobra snake fear power protection house gate people life strength / force
on great vessel to the carry the water grain city,vessel on the water carry grain to the great city,vessel on the water carry grain to the great city
in spirit ka strong master of the house stay life,spirit ka of master stay strong in the house life,spirit ka of master stay strong in the house life
riverbank near mother earth road give to the placenta the,mother give placenta to the earth near the riverbank road,mother give placenta to the earth near the riverbank road
to milk servant jar king and carry the conical loaf,servant carry milk jar and conical loaf to the king,servant carry milk jar and conical loaf to the king
give on with to order king strong backbone throne servant,king on throne give order to servant with strong backbone,king on throne give order to servant with strong backbone
hold clump vessel the papyrus near water rope tethering the,tethering rope hold the vessel near the papyrus clump water,tethering rope hold the vessel near the papyrus clump water
to lock use door lord of house servant the bolt,servant use door bolt to lock the house of lord,servant use door bolt to lock the house of lord
people king / king / seated throne authority power town stability god he (djed),he / king seated god / king throne authority power people town stability (djed),he / king seated god / king throne authority power people town stability (djed)
birth to the great the throne law king on gives,great king on the throne gives birth to the law,great king on the throne gives birth to the law
great power / sky soul west to retreat star life (ba) return to become underground,soul (ba) to return / retreat west underground star sky life to become power great,soul (ba) to return / retreat west underground star sky life to become power great
chisel with hand stone writing scribe do on and great,great scribe do writing on stone with chisel and hand,great scribe do writing on stone with chisel and hand
offering hand give peace gives / altar loaf to of temple god bread,hand gives to give loaf of bread offering temple god peace / altar,hand gives to give loaf of bread offering temple god peace / altar
mouth of of law and people writing hear scribe do,scribe hear mouth of people and do writing of law,scribe hear mouth of people and do writing of law
of venerated father the voice ba lake soul near hear,venerated father hear voice of soul ba near the lake,venerated father hear voice of soul ba near the lake
on sky of people make power mighty riverbank storm fear,mighty storm on riverbank make people fear power of sky,mighty storm on riverbank make people fear power of sky
the make man throne seat to use adze king of,man use adze to make the seat throne of king,man use adze to make the seat throne of king
ba father horizon soul above of the like bird fly,soul ba of father fly above the horizon like bird,soul ba of father fly above the horizon like bird
the lotus clump and papyrus lake near plant water grow,lotus plant and papyrus clump grow near the lake water,lotus plant and papyrus clump grow near the lake water
eye negation authority of man can from the no hide,negation no man can hide from the eye of authority,negation no man can hide from the eye of authority
on with scroll seated woman leaf reed papyrus writing do,seated woman do writing on papyrus scroll with reed leaf,seated woman do writing on papyrus scroll with reed leaf
man to house the door adze fix bolt of use,man use adze to fix the door bolt of house,man use adze to fix the door bolt of house
lord board of game the play senet great every town,great lord of every town play the senet board game,great lord of every town play the senet board game
sweet from strength the give heart the to jar milk,sweet milk from the jar give strength to the heart,sweet milk from the jar give strength to the heart
sweet milk youth man jar old drink and from the,old man and youth drink sweet milk from the jar,old man and youth drink sweet milk from the jar
give sweet bread heart strength to loaf people the of,sweet loaf of bread give strength to the heart people,sweet loaf of bread give strength to the heart people
flows sky star underground west river life soul to (ba) become,river flows west underground life soul (ba) to become star sky,river flows west underground life soul (ba) to become star sky
fire force / storm become great fear to / power strength life man heart big,heart fear storm fire strength / force man life to become power great / big,heart fear storm fire strength / force man life to become power great / big
law of people mouth of hear writing and scribe do,scribe hear mouth of people and do writing of law,scribe hear mouth of people and do writing of law
the mother lotus give to in beautiful plant youth house,mother give beautiful lotus plant to the youth in house,mother give beautiful lotus plant to the youth in house
of give spirit to the life sweet ka bread loaf,sweet loaf of bread give life to the spirit ka,sweet loaf of bread give life to the spirit ka
of soul great mountain fly the ba above father the,soul ba of the father fly above the great mountain,soul ba of the father fly above the great mountain
give throne the king on great power town to the,king on the throne give power to the great town,king on the throne give power to the great town
father strength life teaches wisdom / path force youth,father teaches youth wisdom life path strength / force,father teaches youth wisdom life path strength / force
viper of animal side hide horned belly the rib in,horned viper hide in the side rib of animal belly,horned viper hide in the side rib of animal belly
/ road life town town city trade people leads,road leads town city / town people trade life,road leads town city / town people trade life
the town of writing on thing do brick scribe of,scribe of town do writing of the thing on brick,scribe of town do writing of the thing on brick
above desert hill god to youth birth beautiful great gives,great god gives birth to beautiful youth above desert hill,great god gives birth to beautiful youth above desert hill
in stay can with the basket spirit no negation handle,negation no spirit can stay in the basket with handle,negation no spirit can stay in the basket with handle
the bolt in near brick hide door the horned viper,horned viper hide in the brick near the door bolt,horned viper hide in the brick near the door bolt
hand for city king do town and great thing of,hand of king do great thing for city and town,hand of king do great thing for city and town
bird horizon fly swallow like to above star soul become,swallow bird fly above horizon like soul to become star,swallow bird fly above horizon like soul to become star
venerated of soul wind ba voice in father the hear,venerated father hear voice of soul ba in the wind,venerated father hear voice of soul ba in the wind
heart / pellet / peace people plows big satisfy grain force life (repeated) field man / / strength great,man plows (repeated) field grain / pellet life people peace / satisfy great / big strength / force heart,man plows (repeated) field grain / pellet life people peace / satisfy great / big strength / force heart
/ town (djed) great city / mighty stability power deity / temple throne god,god / deity great / mighty power stability (djed) throne temple city / town,god / deity great / mighty power stability (djed) throne temple city / town
found) / opens people road exists authority peace gate (or town is do power life,gate opens / exists (or is found) road town people do life peace authority power,gate opens / exists (or is found) road town people do life peace authority power
on animal belly ox and altar rib side stay of,animal belly and side rib of ox stay on altar,animal belly and side rib of ox stay on altar
fox king great on skins wear the seat three throne,great king wear three fox skins on the seat throne,great king wear three fox skins on the seat throne
authority king great above river of like mountain mighty become,mighty authority of king become great like mountain above river,mighty authority of king become great like mountain above river
and play senet board mother venerated father the in house,venerated father and mother play the senet board in house,venerated father and mother play the senet board in house
loaf hand altar offering to peace god bread / of gives temple give,hand gives to give loaf of bread offering temple god peace / altar,hand gives to give loaf of bread offering temple god peace / altar
the behind brick gate cobra and hide wall viper horned,horned viper and cobra hide behind the brick wall gate,horned viper and cobra hide behind the brick wall gate
of above lord ka spirit the desert hill the stay,spirit ka of the lord stay above the desert hill,spirit ka of the lord stay above the desert hill
quail swallow beautiful lotus and plant above the fly chick,quail chick and swallow fly above the beautiful lotus plant,quail chick and swallow fly above the beautiful lotus plant
man old authority path life people teaching wisdom,old man wisdom authority teaching people life path,old man wisdom authority teaching people life path
father of ka the the of spirit sees face mother,spirit ka of the father sees the face of mother,spirit ka of the father sees the face of mother
scribe authority knowledge power papyrus scroll writes book,scribe writes book papyrus scroll knowledge power authority,scribe writes book papyrus scroll knowledge power authority
speak drink feather mouth peace / authority heart truth (truth/maat) eat /,mouth eat / drink / speak truth feather (truth/maat) heart peace authority,mouth eat / drink / speak truth feather (truth/maat) heart peace authority
fly bird quail clump the chick to swallow and papyrus,quail chick and swallow bird fly to the papyrus clump,quail chick and swallow bird fly to the papyrus clump
life give lake the the animal to from water sweet,sweet water from the lake give life to the animal,sweet water from the lake give life to the animal
flax servant the hold of measure twisted to field hand,hand of servant hold twisted flax to measure the field,hand of servant hold twisted flax to measure the field
and city light give and sky to underground town star,star and sky give light to city and town underground,star and sky give light to city and town underground
stone mother youth to birth gives wall brick near the,mother gives birth to youth near the stone brick wall,mother gives birth to youth near the stone brick wall
life / town / heart / great people force strength mighty road city town river power,river road town city / town people life power strength / force heart great / mighty,river road town city / town people life power strength / force heart great / mighty
animal sweet the belly in jar milk give to strength,sweet milk in jar give strength to the animal belly,sweet milk in jar give strength to the animal belly
quail swallow chick and beautiful the above fly lotus plant,quail chick and swallow fly above the beautiful lotus plant,quail chick and swallow fly above the beautiful lotus plant
mighty temple power throne city stability great deity / town god (djed) / /,god / deity great / mighty power stability (djed) throne temple city / town,god / deity great / mighty power stability (djed) throne temple city / town
youth mother wall birth the to near brick gives stone,mother gives birth to youth near the stone brick wall,mother gives birth to youth near the stone brick wall
authority lord life with mighty power stay of the of,mighty power of authority stay with the lord of life,mighty power of authority stay with the lord of life
lord to people the of content peace give town every,lord of every town give peace content to the people,lord of every town give peace content to the people
negation man of the the hear no can snake voice,negation no man can hear the voice of the snake,negation no man can hear the voice of the snake
writing scribe of leaf reed to use do thing town,scribe of town use reed leaf to do writing thing,scribe of town use reed leaf to do writing thing
backbone mighty djed the king to land stability give of,mighty backbone of king give stability djed to the land,mighty backbone of king give stability djed to the land
hear seated heart behind man master gate all of of,master of all hear heart of seated man behind gate,master of all hear heart of seated man behind gate
hide horned the papyrus the viper water near clump in,horned viper hide in the papyrus clump near the water,horned viper hide in the papyrus clump near the water
gives the on throne law king birth great the to,great king on the throne gives birth to the law,great king on the throne gives birth to the law
face body soul west star / (ba) upon sky from emerge,soul (ba) emerge from body face / upon sky star west,soul (ba) emerge from body face / upon sky star west
and jar man milk woman old milk from drink sweet,old man and woman drink sweet milk from milk jar,old man and woman drink sweet milk from milk jar
crosses storm power sky fire fear destruction,storm crosses sky fire power fear destruction,storm crosses sky fire power fear destruction
rib altar and the stay animal belly offering on side,animal belly and side rib stay on the offering altar,animal belly and side rib stay on the offering altar
beautiful good authority book papyrus heart power life / / scribe peace thing scroll writing,papyrus scroll writing / scribe book thing authority power life heart peace beautiful / good,papyrus scroll writing / scribe book thing authority power life heart peace beautiful / good
voice the ba venerated the of bird father hear soul,venerated father hear the voice of the soul ba bird,venerated father hear the voice of the soul ba bird
of horizon to (ba) head soul star sky bird become life sees,head of bird sees sky horizon star life soul (ba) to become,head of bird sees sky horizon star life soul (ba) to become
hears of in from maat venerated truth feather temple father,venerated father hears truth from feather of maat in temple,venerated father hear truth from feather of maat in temple
the chisel adze and temple the stay near on stone,chisel and adze stay on the stone near the temple,chisel and adze stay on the stone near the temple
child joy gives birth loves / begets life mother,mother loves child gives birth / begets life joy,mother loves child gives birth / begets life joy
god milk of jar offering of altar servant on do,servant of god do offering of milk jar on altar,servant of god do offering of milk jar on altar
and wall behind viper horned hide cobra brick stone the,horned viper and cobra hide behind the stone brick wall,horned viper and cobra hide behind the stone brick wall
riverbank with of the field plows man old strength backbone,old man with backbone of strength plows the riverbank field,old man with backbone of strength plows the riverbank field
the of on servant stone the altar do king offering,servant of the king do offering on the stone altar,servant of the king do offering on the stone altar
/ is shelter heart / exists found) (or sweet satisfy reed house peace people good beautiful opens gate life /,reed shelter house gate opens / exists (or is found) people life peace / satisfy sweet heart beautiful / good,reed shelter house gate opens / exists (or is found) people life peace / satisfy sweet heart beautiful / good
storm people fear destruction city / fire town power,storm fire power destruction fear people city / town,storm fire power destruction fear people city / town
mouth thing writing of the people and hear do scribe,scribe hear mouth of the people and do writing thing,scribe hear mouth of the people and do writing thing
great hold the wall near rope vessel the tethering stone,tethering rope hold the vessel near the great stone wall,tethering rope hold the vessel near the great stone wall
negation spirit in can ka the see house no man,negation no man can see the spirit ka in house,negation no man can see the spirit ka in house
pellet harvest riverbank abundance grain life field / people,riverbank field grain / pellet harvest abundance life people,riverbank field grain / pellet harvest abundance life people
king milk conical servant loaf the to carry and jar,servant carry milk jar and conical loaf to the king,servant carry milk jar and conical loaf to the king
to bird use cut man ox of the adze head,man use adze to cut the head of bird ox,man use adze to cut the head of bird ox
the statue stay adze and ba soul chisel bird on,chisel and adze stay on the soul ba bird statue,chisel and adze stay on the soul ba bird statue
and house stay adze on the in chisel mat stool,chisel and adze stay on the stool mat in house,chisel and adze stay on the stool mat in house
plant woman lotus loves seated beautiful the in river the,seated woman loves the beautiful lotus plant in the river,seated woman loves the beautiful lotus plant in the river
mighty wall authority above the city lord of stay stone,mighty authority of lord stay above the city stone wall,mighty authority of lord stay above the city stone wall
water the lotus beautiful lake near plant grow the of,beautiful lotus plant grow near the water of the lake,beautiful lotus plant grow near the water of the lake
stay of mighty with lord bird head of authority the,mighty authority of lord stay with the head of bird,mighty authority of lord stay with the head of bird
give the seated temple light to god great in fire,great fire in temple give light to the seated god,great fire in temple give light to the seated god
make folded three skins to man beautiful fox cloth use,man use three fox skins to make beautiful folded cloth,man use three fox skins to make beautiful folded cloth
man the ka no can in house spirit see negation,negation no man can see the spirit ka in house,negation no man can see the spirit ka in house
plant to ripple river sweet water life the from give,sweet water from river ripple give life to the plant,sweet water from river ripple give life to the plant
old milk jar drink sweet the milk vessel from man,old man drink sweet milk from the milk jar vessel,old man drink sweet milk from the milk jar vessel
man soul behind god mountain ba of great old hears,old man hears soul ba of great god behind mountain,old man hears soul ba of great god behind mountain
seated peace the content give to heart people god of,seated god give peace content to the heart of people,seated god give peace content to the heart of people
bread jar god of loaf (give) loaf offering conical temple incense,offering loaf of bread conical loaf (give) jar incense temple god,offering loaf of bread conical loaf (give) jar incense temple god
scribe papyrus town do scroll writing on the beautiful of,scribe of town do writing on the beautiful papyrus scroll,scribe of town do writing on the beautiful papyrus scroll
to the fly hill desert the father ba soul of,soul ba of the father fly to the desert hill,soul ba of the father fly to the desert hill
shelter fly the to reed and chick bird quail swallow,quail chick and swallow bird fly to the reed shelter,quail chick and swallow bird fly to the reed shelter
god the truth heart in the of sees king seated,seated god sees the truth in the heart of king,seated god sees the truth in the heart of king
great senet peace heart big sweet / authority people board / content man power seated (satisfied) life,senet board seated man people life peace / content (satisfied) sweet heart great / big power authority,senet board seated man people life peace / content (satisfied) sweet heart great / big power authority
field plows grain of hoe and man becomes master with,man with hoe plows field and becomes master of grain,man with hoe plows field and becomes master of grain
the stone stay the and temple near adze on chisel,chisel and adze stay on the stone near the temple,chisel and adze stay on the stone near the temple
negation fear peace sweet good (no/not) / / man beautiful satisfy peace life woman heart content (satisfied) /,negation (no/not) fear heart peace / satisfy life sweet beautiful / good peace / content (satisfied) man woman,negation (no/not) fear heart peace / satisfy life sweet beautiful / good peace / content (satisfied) man woman
use backbone strength of stone man with on adze the,man with backbone of strength use adze on the stone,man with backbone of strength use adze on the stone
to father venerated give beautiful plant lotus the youth the,venerated father give the lotus plant to the beautiful youth,venerated father give the lotus plant to the beautiful youth
gate mother love content child bolt / door father life peace (satisfied) house,father mother love child life house gate door bolt peace / content (satisfied),father mother love child life house gate door bolt peace / content (satisfied)
pillar heart / life power great throne stability / people old big authority man (djed) grandfather,old man pillar / grandfather authority people life heart power great / big stability (djed) throne,old man pillar / grandfather authority people life heart power great / big stability (djed) throne
road father above riverbank of soul fly stone the ba,soul ba of father fly above the riverbank road stone,soul ba of father fly above the riverbank road stone
and sky town star to give and underground light city,star and sky give light to city and town underground,star and sky give light to city and town underground
can hear of negation voice snake man no the the,negation no man can hear the voice of the snake,negation no man can hear the voice of the snake
pillar stay in grandfather temple strong of the the gate,pillar grandfather stay strong in the gate of the temple,pillar grandfather stay strong in the gate of the temple
sky / (djed) force soul stability mighty / great become become to power scarab / life (ba) heart strength,scarab / become heart soul (ba) life to become power strength / force great / mighty stability (djed) sky,scarab / become heart soul (ba) life to become power strength / force great / mighty stability (djed) sky
on side altar stay ox animal and of rib belly,animal belly and side rib of ox stay on altar,animal belly and side rib of ox stay on altar
opens / sky god is exists horizon sun gate found) life (or (ankh),god opens / exists (or is found) gate horizon sun sky life (ankh),god opens / exists (or is found) gate horizon sun sky life (ankh)
youth loaf give strength bread of to the heart sweet,sweet loaf of bread give strength to the youth heart,sweet loaf of bread give strength to the youth heart
papyrus reed writing book leaf scroll scribe power authority knowledge /,reed leaf writing / scribe papyrus scroll book knowledge authority power,papyrus scroll writing / scribe book knowledge authority power
and mat stay chisel stool stone the on adze near,chisel and adze stay on the stool mat near stone,chisel and adze stay on the stool mat near stone
no voice can man negation the star of hear the,negation no man can hear the voice of the star,negation no man can hear the voice of the star
great man and stay the woman old in reed shelter,old man and woman stay in the great reed shelter,old man and woman stay in the great reed shelter
the with road tills man plows field the hoe strong,strong man with the hoe plows tills the field road,strong man with the hoe plows tills the field road
conical loaf loaf god peace bread of offering altar jar vessel (give) / temple,offering loaf of bread conical loaf (give) jar vessel temple god peace / altar,offering loaf of bread conical loaf (give) jar vessel temple god peace / altar
master mighty desert the above of hill authority stay strong,mighty authority of master stay strong above the desert hill,mighty authority of master stay strong above the desert hill
of city seat ka in stay spirit master the throne,spirit ka of master stay in the seat throne city,spirit ka of master stay in the seat throne city
leaf book / knowledge power writing scribe papyrus scroll reed authority,reed leaf writing / scribe papyrus scroll book knowledge authority power,papyrus scroll writing / scribe book knowledge authority power
ka youth beautiful of with spirit become old power man,beautiful youth become old man with power of spirit ka,beautiful youth become old man with power of spirit ka
house bird heart mother hears seated like behind head man,seated man hears heart like mother bird head behind house,seated man hears heart like mother bird head behind house
to all) / give authority life / basket / every offering temple power (lord lord god altar peace,basket (lord / all) lord / every offering to give temple god peace / altar life power authority,basket (lord / all) lord / every offering to give temple god peace / altar life power authority
sweet (satisfied) / / beautiful love jar good life content house heart mother peace milk youth,milk jar mother youth life love sweet house peace / content (satisfied) heart beautiful / good,milk jar mother youth life love sweet house peace / content (satisfied) heart beautiful / good
lord of stay desert hill power the slope mighty above,mighty power of lord stay above the desert hill slope,mighty power of lord stay above the desert hill slope
with senet sedge king man the old board play master,sedge king play senet board with the old man master,sedge king play senet board with the old man master
on people the town write papyrus of scribe voice of,scribe of town write the voice of people on papyrus,scribe of town write the voice of people on papyrus
bolt lock lord to house servant of door use the,servant use door bolt to lock the house of lord,servant use door bolt to lock the house of lord
peace life do heart (no/not) / people satisfy house drink / speak negation offering god eat /,negation (no/not) do eat / drink / speak offering life peace / satisfy heart people house god,negation (no/not) do eat / drink / speak offering life peace / satisfy heart people house god
ka spirit above hill the desert of stay master great,spirit ka of master stay above the great desert hill,spirit ka of master stay above the great desert hill
brick basket behind handle emerge from and cobra snake with,cobra and snake emerge from basket with handle behind brick,cobra and snake emerge from basket with handle behind brick
mighty god stay bird head with of of the authority,mighty authority of god stay with the head of bird,mighty authority of god stay with the head of bird
bolt spirit can gate stay door the no behind negation,negation no spirit can stay behind the door bolt gate,negation no spirit can stay behind the door bolt gate
mountain fly the ba great soul above the father of,soul ba of the father fly above the great mountain,soul ba of the father fly above the great mountain
lotus above quail the and plant swallow chick beautiful fly,quail chick and swallow fly above the beautiful lotus plant,quail chick and swallow fly above the beautiful lotus plant
and clump the swallow bird fly papyrus chick above quail,swallow bird and quail chick fly above the papyrus clump,swallow bird and quail chick fly above the papyrus clump
every mouth hear lord of town people from of truth,lord of every town hear truth from mouth of people,lord of every town hear truth from mouth of people
with cobra emerge from basket mighty handle and the snake,mighty cobra and snake emerge from the basket with handle,mighty cobra and snake emerge from the basket with handle
birth near clump mother the great youth papyrus to gives,mother gives birth to youth near the great papyrus clump,mother gives birth to youth near the great papyrus clump
stone force big power chisel do cut hand great strength / cross / authority,cross cut stone chisel do hand strength / force power great / big authority,cross cut stone chisel do hand strength / force power great / big authority
above lord mighty authority the stone stay city of wall,mighty authority of lord stay above the city stone wall,mighty authority of lord stay above the city stone wall
stay and side the offering animal belly altar on rib,animal belly and side rib stay on the offering altar,animal belly and side rib stay on the offering altar
with the old of plows field great man backbone strength,old man with backbone of strength plows the great field,old man with backbone of strength plows the great field
all give to servant of bread lord of the loaf,lord of all give loaf of bread to the servant,lord of all give loaf of bread to the servant
for king of opens horizon of great soul gate ba,gate of horizon opens for soul ba of great king,gate of horizon opens for soul ba of great king
great of master venerated youth city ba hear soul in,venerated master hear soul ba of youth in great city,venerated master hear soul ba of youth in great city
fly swallow ba bird soul king horizon of to like,soul ba of king fly like swallow bird to horizon,soul ba of king fly like swallow bird to horizon
above hill master ka the of stay spirit desert great,spirit ka of master stay above the great desert hill,spirit ka of master stay above the great desert hill
the servant the rope of hand vessel hold of tethering,hand of servant hold the tethering rope of the vessel,hand of the servant hold the tethering rope of vessel
water grow near temple of beautiful lotus plant in gate,beautiful lotus plant grow in water near gate of temple,beautiful lotus plant grow in water near gate of temple
writing do papyrus scribe grain of scroll town of on,scribe of town do writing of grain on papyrus scroll,scribe of town do writing of grain on papyrus scroll
forever can spirit no behind gate the negation stay ka,negation no spirit ka can stay behind the gate forever,negation no spirit ka can stay behind the gate forever
/ sweet (great) peace swallow content star (atisfied) thousand life beautiful soul / sky heart (ba) good,swallow (great) sky star thousand beautiful / good life sweet heart peace / content (atisfied) soul (ba),swallow (great) sky star thousand beautiful / good life sweet heart peace / content (atisfied) soul (ba)
content of to peace give lord town every the people,lord of every town give peace content to the people,lord of every town give peace content to the people
lord the the authority riverbank of road mighty above stay,mighty authority of the lord stay above the riverbank road,mighty authority of the lord stay above the riverbank road
reed youth placenta in place of shelter mother the the,mother place placenta of the youth in the reed shelter,mother place placenta of the youth in the reed shelter
soul bird the the hear venerated of voice father ba,venerated father hear the voice of the soul ba bird,venerated father hear the voice of the soul ba bird
three with in fox basket the handle skins the stay,three fox skins stay in the basket with the handle,three fox skins stay in the basket with the handle
skins throne on king three wear fox great seat the,great king wear three fox skins on the seat throne,great king wear three fox skins on the seat throne
authority scribe writes papyrus knowledge scroll book power,scribe writes book papyrus scroll knowledge power authority,scribe writes book papyrus scroll knowledge power authority
drink (truth/maat) heart speak authority feather truth peace mouth eat / /,mouth eat / drink / speak truth feather (truth/maat) heart peace authority,mouth eat / drink / speak truth feather (truth/maat) heart peace authority
papyrus to and the chick swallow quail lake fly clump,quail chick and swallow fly to the papyrus clump lake,quail chick and swallow fly to the papyrus clump lake
the handle three with basket stay fox skins the in,three fox skins stay in the basket with the handle,three fox skins stay in the basket with the handle
brick horned cobra viper and stay in desert behind mighty,mighty cobra and horned viper stay behind brick in desert,mighty cobra and horned viper stay behind brick in desert
above and bird quail swallow clump the fly chick papyrus,swallow bird and quail chick fly above the papyrus clump,swallow bird and quail chick fly above the papyrus clump
play board with man sedge the old senet king master,sedge king play senet board with the old man master,sedge king play senet board with the old man master
of authority stay the life power with lord mighty of,mighty power of authority stay with the lord of life,mighty power of authority stay with the lord of life
ka temple spirit in stay the of the great god,spirit ka of the god stay in the great temple,spirit ka of the god stay in the great temple
stay above the mighty and lord of town authority city,mighty authority of lord stay above the city and town,mighty authority of lord stay above the city and town
grain hold people with for handle basket and every loaf,basket with handle hold grain and loaf for every people,basket with handle hold grain and loaf for every people
chick clump hide papyrus in the river near quail the,quail chick hide in the papyrus clump near the river,quail chick hide in the papyrus clump near the river
to strength give milk jar sweet youth the the from,sweet milk from the jar give strength to the youth,sweet milk from the jar give strength to the youth
to life throne on man seated the give ankh king,king on throne give life ankh to the seated man,king on throne give life ankh to the seated man
of horned viper side the hide in animal belly rib,horned viper hide in the side rib of animal belly,horned viper hide in the side rib of animal belly
fly water papyrus the quail swallow chick above and clump,quail chick and swallow fly above the papyrus clump water,quail chick and swallow fly above the papyrus clump water
the mother youth door reed shelter see through of placenta,mother see placenta of youth through the reed shelter door,mother see placenta of youth through the reed shelter door
heart face life (truth/maat) sees peace upon / beauty feather truth eye,eye sees face / upon beauty truth feather (truth/maat) heart peace life,eye sees face / upon beauty truth feather (truth/maat) heart peace life
to swallow bird fly and the chick papyrus clump quail,quail chick and swallow bird fly to the papyrus clump,swallow bird and quail chick fly to the papyrus clump
reed to scroll use writing leaf on scribe do papyrus,scribe use reed leaf to do writing on papyrus scroll,scribe use reed leaf to do writing on papyrus scroll
content big authority board peace seated life great people senet / / power heart (satisfied) man sweet,senet board seated man people life peace / content (satisfied) sweet heart great / big power authority,senet board seated man people life peace / content (satisfied) sweet heart great / big power authority
the clump swallow quail great papyrus and chick to fly,quail chick and swallow fly to the great papyrus clump,quail chick and swallow fly to the great papyrus clump
truth feather temple in father from maat of hears venerated,venerated father hears truth from feather of maat in temple,venerated father hears truth from feather of maat in temple
cut authority town stone chisel do adze power city house gate /,adze chisel cut stone house gate city / town authority power do,adze chisel cut stone house gate city / town authority power do
cobra under emerge horned brick from and wall viper stone,horned viper and cobra emerge from stone under brick wall,horned viper and cobra emerge from stone under brick wall
the lord life ankh woman give to seated of peace,lord of life ankh give peace to the seated woman,lord of life ankh give peace to the seated woman
behind gate and door hide viper cobra bolt horned the,horned viper and cobra hide behind the door bolt gate,horned viper and cobra hide behind the door bolt gate
man tills plows the with hoe strong field the lake,strong man with the hoe plows tills the field lake,strong man with the hoe plows tills the field lake
jar from and loaf man of drink bread milk eat,man eat loaf of bread and drink from milk jar,man eat loaf of bread and drink from milk jar
the in cobra basket and with viper handle hide horned,cobra and horned viper hide in the basket with handle,horned viper and cobra hide in the basket with handle
seated loves beautiful the the woman young face of youth,seated woman loves the beautiful face of the young youth,seated woman loves the beautiful face of the young youth
hold rope the near vessel clump water papyrus tethering the,tethering rope hold the vessel near the papyrus clump water,tethering rope hold the vessel near the papyrus clump water
authority / big servant life people house peace power great hand do,servant people house do hand life power authority peace great / big,servant people house do hand life power authority peace great / big
riverbank field lake plows and hoe king strong with near,strong king plows field with hoe near riverbank and lake,strong king plows field with hoe near riverbank and lake
book authority leaf papyrus / reed scroll writing scribe power scribe thing,scribe writing / scribe papyrus scroll reed leaf book authority power thing,papyrus scroll writing / scribe book thing authority power life
father hear soul voice in venerated the ba wind of,venerated father hear voice of soul ba in the wind,venerated father hear voice of soul ba in the wind
the near the of rope gate tethering hold town vessel,tethering rope hold the vessel near the gate of town,tethering rope hold the vessel near the gate of town
river mighty / great town town force heart strength people road life / city power /,river road town city / town people life power strength / force heart great / mighty,river road town city / town people life power strength / force heart great / mighty
loaf youth strength bread give the of sweet heart to,sweet loaf of bread give strength to the youth heart,sweet loaf of bread give strength to the youth heart
law the throne birth to sedge on king the gives,sedge king on the throne gives birth to the law,sedge king on the throne gives birth to the law
tills the the plows with hoe road man strong field,strong man with the hoe plows tills the field road,strong man with the hoe plows tills the field road
mighty / people temple deity god gives (satisfied) begets birth peace power / / authority / content life great city / town (ankh),god / deity gives birth / begets life (ankh) people city / town temple authority power great / mighty peace / content (satisfied,god / deity gives birth / begets life (ankh) people city / town temple authority power great / mighty peace / content (satisf
stay riverbank the road authority lord above mighty of the,mighty authority of the lord stay above the riverbank road,mighty authority of the lord stay above the riverbank road
town underground give sky and city light and to star,star and sky give light to city and town underground,star and sky give light to city and town underground
power sits city people / authority throne king town,king sits throne authority power people city / town,king sits throne authority power people city / town
the tethering near hold the vessel rope water riverbank ripple,tethering rope hold the vessel near the riverbank water ripple,tethering rope hold the vessel near the riverbank water ripple
the of the hear no star can negation voice man,negation no man can hear the voice of the star,negation no man can hear the voice of the star
tills field lake the man with plows near hoe the,man with the hoe plows tills the field near lake,man with the hoe plows tills the field near lake
milk stay in loaf jar shelter reed and the conical,conical loaf and milk jar stay in the reed shelter,conical loaf and milk jar stay in the reed shelter
the write heart of voice scribe hear of town and,scribe of town hear voice of the heart and write,scribe of town hear voice of the heart and write
jar servant the conical hand hold of and loaf milk,hand of servant hold the milk jar and conical loaf,hand of servant hold the milk jar and conical loaf
mouth speak the of to god of the heart king,mouth of god speak to the heart of the king,mouth of god speak to the heart of the king
throne the adze to make man and use chisel seat,man use adze and chisel to make the seat throne,man use adze and chisel to make the seat throne
jar youth man sweet old drink from and the milk,old man and youth drink sweet milk from the jar,old man and youth drink sweet milk from the jar
handle horned near basket brick in with the viper hide,horned viper hide in the basket with handle near brick,horned viper hide in the basket with handle near brick
on god truth seated sees throne in temple heart of,seated god on throne sees truth of heart in temple,seated god on throne sees truth of heart in temple
horizon of ankh to give life hand of god lord,hand of god give life ankh to lord of horizon,hand of god give life ankh to lord of horizon
horizon opens of gate spirit of the for king the,gate of the horizon opens for the spirit of king,gate of the horizon opens for the spirit of king
mighty people great marrow heart temple (djed) authority life power / old stability / venerated man,venerated / marrow old man authority heart life power stability (djed) great / mighty people temple,venerated / marrow old man authority heart life power stability (djed) great / mighty people temple
/ gives woman child love youth begets house life birth,woman gives birth / begets child youth life house love,woman gives birth / begets child youth life house love
the side animal horned belly in of hide rib viper,horned viper hide in the side rib of animal belly,horned viper hide in the side rib of animal belly
backbone king order to give strong with throne servant on,king on throne give order to servant with strong backbone,king on throne give order to servant with strong backbone
animal to water the sweet lake from the give life,sweet water from the lake give life to the animal,sweet water from the lake give life to the animal
hand thing king town for and of great city do,hand of king do great thing for city and town,hand of king do great thing for city and town
in reed of placenta youth the mother the see shelter,mother see placenta of the youth in the reed shelter,mother see placenta of the youth in the reed shelter
swallow papyrus the bird chick clump above fly quail and,swallow bird and quail chick fly above the papyrus clump,swallow bird and quail chick fly above the papyrus clump
of life in master house the ka spirit strong stay,spirit ka of master stay strong in the house life,spirit ka of master stay strong in the house life
with hand tie skins of flax twisted servant three fox,hand of servant tie three fox skins with twisted flax,hand of servant tie three fox skins with twisted flax
hill the ba of to desert fly soul the father,soul ba of the father fly to the desert hill,soul ba of the father fly to the desert hill
the the of stay temple spirit great ka in god,spirit ka of the god stay in the great temple,spirit ka of the god stay in the great temple
measure of twisted field hand hold the flax to servant,hand of servant hold twisted flax to measure the field,hand of servant hold twisted flax to make the field
house city town cut chisel stone power do gate authority / adze,adze chisel cut stone house gate city / town authority power do,adze chisel cut stone house gate city / town authority power do
writing scroll of do the thing on papyrus scribe the,scribe do writing of the thing on the papyrus scroll,scribe do writing of the thing on the papyrus scroll
and stay side animal altar ox on rib of belly,animal belly and side rib of ox stay on altar,animal belly and side rib of ox stay on altar
to house throne power on king give seated in god,seated god on throne give power to king in house,seated god on throne give power to king in house
tethering of rope hand coil of and hold man rope,hand of man hold coil of rope and tethering rope,hand of man hold coil of rope and tethering rope
reed shelter youth of placenta see through mother the door,mother see placenta of youth through the reed shelter door,mother see placenta of youth through the reed shelter door
temple altar god fear / peace / fox three power offering life strength authority skins force,three fox skins fear power strength / force god temple offering life peace / altar authority,three fox skins fear power strength / force god temple offering life peace / altar authority
reed in and shelter jar the loaf conical milk stay,conical loaf and milk jar stay in the reed shelter,conical loaf and milk jar stay in the reed shelter
/ book beautiful papyrus authority peace heart good scribe scroll writing power life / thing,papyrus scroll writing / scribe book thing authority power life heart peace beautiful / good,papyrus scroll writing / scribe book thing authority power life heart peace beautiful / good
life / (satisfied) milk content woman jar vessel peace mother house jar love offering,vessel jar milk jar offering mother woman life love house peace / content (satisfied),vessel jar milk jar offering mother woman life love house peace / content (satisfied)
/ power content people life (ankh) deity great / temple authority begets peace god city / (satisfied) town / mighty / birth gives,god / deity gives birth / begets life (ankh) people city / town temple authority power great / mighty peace / content (satisfied,god / deity gives birth / begets life (ankh) people city / town temple authority power great / mighty peace / content (satisf
the man temple drink sweet in from old jar milk,old man drink sweet milk from the jar in temple,old man drink sweet milk from the jar in temple
belly stay side of and animal rib on ox altar,animal belly and side rib of ox stay on altar,animal belly and side rib of ox stay on altar
in from old the milk jar sweet shelter drink man,old man drink sweet milk from the jar in shelter,old man drink sweet milk from the jar in shelter
father soul stone road above the ba riverbank fly of,soul ba of father fly above the riverbank road stone,soul ba of father fly above the riverbank road stone
emerge mighty handle cobra basket from with and snake the,mighty cobra and snake emerge from the basket with handle,mighty cobra and snake emerge from the basket with handle
with old of ka man become beautiful spirit youth power,beautiful youth become old man with power of spirit ka,beautiful youth become old man with power of spirit ka
great people life father give youth like king to to,great king give life to people like father to youth,great king give life to people like father to youth
on woman seated reed with writing papyrus do scroll leaf,seated woman do writing on papyrus scroll with reed leaf,seated woman do writing on papyrus scroll with reed leaf
sweet jar strength to in animal milk belly give the,sweet milk in jar give strength to the animal belly,sweet milk in jar give strength to the animal belly
to the from heart jar give strength milk sweet the,sweet milk from the jar give strength to the heart,sweet milk from the jar give strength to the heart
the with senet city of the board master lord play,lord of the city play the senet board with master,lord of the city play the senet board with master
become of king master to use great power the road,great king use power to become master of the road,great king use power to become master of the road
back fox master the skins three the of on stay,three fox skins stay on the back of the master,three fox skins stay on the back of the master
gate and quail above temple of swallow the fly chick,quail chick and swallow fly above the gate of temple,quail chick and swallow fly above the gate of temple
field hoe the tills strong the plows man lake with,strong man with the hoe plows tills the field lake,strong man with the hoe plows tills the field lake
strength power authority altar / / god fox skins peace fear offering force temple three life,three fox skins fear power strength / force god temple offering life peace / altar authority,three fox skins fear power strength / force god temple offering life peace / altar authority
in lotus woman seated the beautiful plant the lake loves,seated woman loves the beautiful lotus plant in the lake,seated woman loves the beautiful lotus plant in the lake
voice wind hear venerated ba the father in soul of,venerated father hear voice of soul ba in the wind,venerated father hear voice of soul ba in the wind
king the of the speak mouth of to heart god,mouth of god speak to the heart of the king,mouth of god speak to the heart of the king
every god mighty heart house peace authority of gives to,mighty authority of god gives peace to every house heart,mighty authority of god gives peace to every house heart
of can hide king negation from eye no snake the,negation no snake can hide from the eye of king,negation no snake can hide from the eye of king
the city mighty the lord authority opens exists of in,mighty authority of the lord opens exists in the city,mighty authority of the lord opens exists in the city
old house shelter in and man woman reed stay the,old man and woman stay in the reed shelter house,old man and woman stay in the reed shelter house
no of can negation the hear star the voice man,negation no man can hear the voice of the star,negation no man can hear the voice of the star
peace content lord town every to people of the give,lord of every town give peace content to the people,lord of every town give peace content to the people
peace of to give woman ankh seated life the lord,lord of life ankh give peace to the seated woman,lord of life ankh give peace to the seated woman
power heart / to fear fire big force strength life storm man great become /,heart fear storm fire strength / force man life to become power great / big,heart fear storm fire strength / force man life to become power great / big
beautiful venerated plant the father give lotus the to youth,venerated father give the lotus plant to the beautiful youth,venerated father give the lotus plant to the beautiful youth
(djed) authority old heart stability power man / life temple great people venerated marrow mighty /,venerated / marrow old man authority heart life power stability (djed) great / mighty people temple,venerated / marrow old man authority heart life power stability (djed) great / mighty people temple
heart (ba) balance (truth/maat) truth soul feather judgment,heart truth feather (truth/maat) balance judgment soul (ba),heart truth feather (truth/maat) balance judgment soul (ba)
the ka gives venerated to of birth spirit father youth,venerated father gives birth to the spirit ka of youth,venerated father gives birth to the spirit ka of youth
god seated spirit birth gives ka the king to of,seated god gives birth to the spirit ka of king,seated god gives birth to the spirit ka of king
grandfather (djed) power pillar sky life mighty authority peace temple god / / stability great,temple pillar / grandfather god authority power stability (djed) peace life great / mighty sky,temple pillar / grandfather god authority power stability (djed) peace life great / mighty sky
scribe of house stay skins the the in three fox,three fox skins stay in the house of the scribe,three fox skins stay in the house of the scribe
the and make to chisel stone use gate scribe temple,scribe use chisel and stone to make the temple gate,scribe use chisel and stone to make the temple gate
mat to for make master adze stool use the man,man use adze to make the stool mat for master,man use adze to make the stool mat for master
flows life from mountain hill river field desert,river flows from mountain hill desert field life,river flows from mountain hill desert field life
sky star soul (great) good life (atisfied) beautiful sweet thousand swallow / / heart (ba) peace content,swallow (great) sky star thousand beautiful / good life sweet heart peace / content (atisfied) soul (ba),swallow (great) sky star thousand beautiful / good life sweet heart peace / content (atisfied) soul (ba)
strength sweet to give from jar milk heart the the,sweet milk from the jar give strength to the heart,sweet milk from the jar give strength to the heart
of fly mountain soul great father above the slope ba,soul ba of father fly above the great mountain slope,soul ba of father fly above the great mountain slope
placenta youth great the house in of temple place mother,mother place placenta of youth in the great temple house,mother place placenta of youth in the great temple house
of name city write stone scribe king of on brick,scribe of city write name of king on stone brick,scribe of city write name of king on stone brick
ba king of gate great horizon of for opens soul,gate of horizon opens for soul ba of great king,gate of horizon opens for soul ba of great king
fly to like the king swallow soul ba star of,soul ba of king fly like swallow to the star,soul ba of king fly like swallow to the star
of ka strong the city above stay spirit master the,spirit ka of the master stay strong above the city,spirit ka of the master stay strong above the city
soul great of above ba the riverbank father fly road,soul ba of father fly above the great riverbank road,soul ba of father fly above the great riverbank road
drink man from the jar house woman and old milk,old man and woman drink from the milk jar house,old man and woman drink from the milk jar house
wall in stone horned the and hide brick cobra viper,horned viper and cobra hide in the stone brick wall,horned viper and cobra hide in the stone brick wall
back the fox the of three on skins servant stay,three fox skins stay on the back of the servant,three fox skins stay on the back of the servant
of the like mighty master mountain become authority side great,mighty authority of master become great like the mountain side,mighty authority of master become great like the mountain side
of heart and scribe hear town the write voice of,scribe of town hear voice of the heart and write,scribe of town hear voice of the heart and write
woman the stay great man old reed shelter in and,old man and woman stay in the great reed shelter,old man and woman stay in the great reed shelter
hill great stay desert the spirit master ka of above,spirit ka of master stay above the great desert hill,spirit ka of master stay above the great desert hill
feather of maat in hears from venerated temple father truth,venerated father hears truth from feather of maat in temple,venerated father hears truth from feather of maat in temple
of city name scribe write king stone on of brick,scribe of city write name of king on stone brick,scribe of city write name of king on stone brick
sees of spirit eye in temple truth of ka father,spirit ka of father sees eye of truth in temple,spirit ka of father sees eye of truth in temple
of tethering the servant hold hand rope of vessel the,hand of servant hold the tethering rope of the vessel,hand of the servant hold the tethering rope of vessel
swallow quail chick and slope fly above bird desert hill,quail chick and swallow bird fly above desert hill slope,quail chick and swallow bird fly above desert hill slope
of city backbone the to whole mighty king strength give,mighty backbone of king give strength to the whole city,mighty backbone of king give strength to the whole city
sweet life the lake water give the to from animal,sweet water from the lake give life to the animal,sweet water from the lake give life to the animal
city fear / town people power fire storm destruction sky,storm fire sky power fear destruction city / town people,storm fire sky power fear destruction city / town people
king gives birth throne the law on to the great,great king on the throne gives birth to the law,great king on the throne gives birth to the law
to of use vessel man wood the adze the shape,man use adze to shape the wood of the vessel,man use adze to shape the wood of the vessel
the in fear heart the king negation no stay of,negation no fear stay in the heart of the king,negation no fear stay in the heart of the king
underground power soul to become sky west (spirit) horizon star (ba) ka life,ka (spirit) soul (ba) life to become west underground star sky horizon power,ka (spirit) soul (ba) life to become west underground star sky horizon power
beautiful woman the and loves star lotus seated plant the,seated woman loves the beautiful lotus plant and the star,seated woman loves the beautiful lotus plant and the star
in the life stay master ka of spirit strong house,spirit ka of master stay strong in the house life,spirit ka of master stay strong in the house life
spirit ka youth star the see light of in sky,spirit ka of youth see the star in sky light,spirit ka of youth see the star in sky light
near great stone the tethering vessel rope the hold wall,tethering rope hold the vessel near the great stone wall,tethering rope hold the vessel near the great stone wall
heart of of voice town hear the and scribe write,scribe of town hear voice of the heart and write,scribe of town hear voice of the heart and write
of coil tethering and hold hand of man rope rope,hand of man hold coil of rope and tethering rope,hand of man hold coil of rope and tethering rope
man the woman bread sweet play eat senet while board,man play senet board while the woman eat sweet bread,man play senet board while the woman eat sweet bread
adze and man chisel on work brick stone with do,man with chisel and adze do work on stone brick,man with chisel and adze do work on stone brick
stay wall brick the cobra behind horned and gate viper,horned viper and cobra stay behind the brick wall gate,horned viper and cobra stay behind the brick wall gate
heart lord of god sees spirit temple of in ka,spirit ka of god sees heart of lord in temple,spirit ka of god sees heart of lord in temple
near from cobra snake the road emerge the and field,snake and cobra emerge from the field near the road,snake and cobra emerge from the field near the road
and hide in river clump papyrus quail near lake chick,quail chick hide in papyrus clump near river and lake,quail chick hide in papyrus clump near river and lake
master on three back skins fox the the stay of,three fox skins stay on the back of the master,three fox skins stay on the back of the master
seated to peace of heart god the give people content,seated god give peace content to the heart of people,seated god give peace content to the heart of people
of desert hill lord above spirit the stay ka the,spirit ka of the lord stay above the desert hill,spirit ka of the lord stay above the desert hill
/ storm sky town power fire destruction people city fear,storm fire sky power fear destruction city / town people,storm fire sky power fear destruction city / town people
to beautiful youth give mother jar plant milk and lotus,mother give beautiful lotus plant and milk jar to youth,mother give beautiful lotus plant and milk jar to youth
great chisel on hand and writing scribe with stone do,great scribe do writing on stone with chisel and hand,great scribe do writing on stone with chisel and hand
stay fox skins of three the on the back master,three fox skins stay on the back of the master,three fox skins stay on the back of the master
strength / / life mighty skins fear great power fox god gate house authority three force,three fox skins fear power strength / force god house gate life authority great / mighty,three fox skins fear power strength / force god house gate life authority great / mighty
of animal sweet strength to belly give loaf the bread,sweet loaf of bread give strength to the animal belly,sweet loaf of bread give strength to the animal belly
jar from milk old the sweet temple in man drink,old man drink sweet milk from the jar in temple,old man drink sweet milk from the jar in temple
chisel the in adze field stay on and the brick,chisel and adze stay on the brick in the field,chisel and adze stay on the brick in the field
stay of on fox servant the back skins the three,three fox skins stay on the back of the servant,three fox skins stay on the back of the servant
servant near strong river backbone and plows hoe field with,servant plows field near river with hoe and strong backbone,servant plows field near river with hoe and strong backbone
horizon the mountain power above gate stay authority mighty of,mighty power of authority stay above the mountain gate horizon,mighty power of authority stay above the mountain gate horizon
of make adze the to use door bolt temple man,man use adze to make the door bolt of temple,man use adze to make the door bolt of temple
cobra the brick behind horned viper stay wall gate and,horned viper and cobra stay behind the brick wall gate,horned viper and cobra stay behind the brick wall gate
loaf the star conical father venerated the to give god,venerated father give the conical loaf to the star god,venerated father give the conical loaf to the star god
the jar animal give sweet strength belly milk in to,sweet milk in jar give strength to the animal belly,sweet milk in jar give strength to the animal belly
lotus / (satisfied) beautiful content life heart / good ripple plant love peace water lake sweet sky,lotus plant lake water ripple beautiful / good life peace / content (satisfied) sweet sky heart love,lotus plant lake water ripple beautiful / good life peace / content (satisfied) sweet sky heart love
papyrus scroll scribe leaf for reed hand of the hold,hand of the scribe hold reed leaf for papyrus scroll,hand of the scribe hold reed leaf for papyrus scroll
loves in woman the plant jar the beautiful seated lotus,seated woman loves the beautiful lotus plant in the jar,seated woman loves the beautiful lotus plant in the jar
the throne give power town king the on to great,king on the throne give power to the great town,king on the throne give power to the great town
the lord give every of seated town to peace woman,lord of every town give peace to the seated woman,lord of every town give peace to the seated woman
fly the soul of father ba mountain great above slope,soul ba of father fly above the great mountain slope,soul ba of father fly above the great mountain slope
gate protects house snake magic power fear,snake protects house gate fear power magic,snake protects house gate fear power magic
woman young youth of face loves seated the the beautiful,seated woman loves the beautiful face of the young youth,seated woman loves the beautiful face of the young youth
and the horned hide bolt cobra behind door gate viper,horned viper and cobra hide behind the door bolt gate,horned viper and cobra hide behind the door bolt gate
soul the ba hear bird voice venerated of father the,venerated father hear the voice of the soul ba bird,venerated father hear the voice of the soul ba bird
for soul opens door temple god of the of bolt,door bolt of temple opens for the soul of god,door bolt of temple opens for the soul of god
the placenta house of great youth place temple in mother,mother place placenta of youth in the great temple house,mother place placenta of youth in the great temple house
clump above lake the papyrus chick swallow quail fly and,quail chick and swallow fly above the papyrus clump lake,quail chick and swallow fly above the papyrus clump lake
papyrus beautiful clump the grow and plant lotus lake near,beautiful lotus plant and papyrus clump grow near the lake,beautiful lotus plant and papyrus clump grow near the lake
to king seated gives birth of the spirit god ka,seated god gives birth to the spirit ka of king,seated god gives birth to the spirit ka of king
drink milk woman the jar sweet seated milk from vessel,seated woman drink sweet milk from the milk jar vessel,seated woman drink sweet milk from the milk jar vessel
of heart mother sees of ka youth spirit face beautiful,spirit ka of mother sees beautiful face of youth heart,spirit ka of mother sees beautiful face of youth heart
woman drink milk vessel the milk from seated sweet jar,seated woman drink sweet milk from the milk jar vessel,seated woman drink sweet milk from the milk jar vessel
stability fear / town people strong club (djed) city strength mighty force authority power / / great,club fear people city / town power authority strength / force strong great / mighty stability (djed),club fear people city / town power authority strength / force strong great / mighty stability (djed)
master king board the with senet sedge man old play,sedge king play senet board with the old man master,sedge king play senet board with the old man master
in ankh to give venerated life father beautiful house child,venerated father give life ankh to beautiful child in house,venerated father give life ankh to beautiful child in house
power offering temple life loaf / of jar to vessel god bread peace altar give,offering to give loaf of bread jar vessel god temple peace / altar life power,offering to give loaf of bread jar vessel god temple peace / altar life power
the skins handle with basket the three in stay fox,three fox skins stay in the basket with the handle,three fox skins stay in the basket with the handle
can the star voice hear no of the man negation,negation no man can hear the voice of the star,negation no man can hear the voice of the star
the carry bread milk man jar servant and old to,servant carry milk jar and bread to the old man,servant carry milk jar and bread to the old man
vessel near hold riverbank the tethering the water rope ripple,tethering rope hold the vessel near the riverbank water ripple,tethering rope hold the vessel near the riverbank water ripple
of the desert authority above stay mighty the hill god,mighty authority of the god stay above the desert hill,mighty authority of the god stay above the desert hill
authority path man teaching people old life wisdom,old man wisdom authority teaching people life path,old man wisdom authority teaching people life path
hear heart venerated father of god voice the mouth from,venerated father hear voice of god from the heart mouth,venerated father hear voice of god from the heart mouth
three with skins fox handle in the stay basket the,three fox skins stay in the basket with the handle,three fox skins stay in the basket with the handle
viper in hide wall snake and horned temple near brick,horned viper and snake hide in brick near temple wall,horned viper and snake hide in brick near temple wall
the man work with on chisel adze throne and seat,man with adze and chisel work on the seat throne,man with adze and chisel work on the seat throne
stay in king of backbone ka great spirit the the,spirit ka stay in the backbone of the great king,spirit ka stay in the backbone of the great king
the opens for of spirit king gate of horizon the,gate of the horizon opens for the spirit of king,gate of the horizon opens for the spirit of king
lord of content do on offering altar peace for life,lord of life do offering on altar for peace content,lord of life do offering on altar for peace content
on play road the senet riverbank lord board the venerated,venerated lord play the senet board on the riverbank road,venerated lord play the senet board on the riverbank road
town of scribe on the writing thing brick of do,scribe of town do writing of the thing on brick,scribe of town do writing of the thing on brick
carry god hand to jar the seated servant milk of,hand of servant carry milk jar to the seated god,hand of servant carry milk jar to the seated god
quail clump papyrus and lake river near in hide chick,quail chick hide in papyrus clump near river and lake,quail chick hide in papyrus clump near river and lake
hide wall under horned stone and cobra brick the viper,horned viper and cobra hide under the brick wall stone,horned viper and cobra hide under the brick wall stone
and the man bread woman loaf sweet old eat of,old man and woman eat the sweet loaf of bread,old man and woman eat the sweet loaf of bread
the viper door gate behind and hide cobra bolt horned,horned viper and cobra hide behind the door bolt gate,horned viper and cobra hide behind the door bolt gate
jar senet and play house board in drink from man,man play senet board and drink from jar in house,man play senet board and drink from jar in house
ring (lord) (djed) (every) great life / stability / authority / all lord throne master people every mighty power,ring authority power lord / every master (lord) / all (every) people life stability (djed) throne great / mighty,ring authority power lord / every master (lord) / all (every) people life stability (djed) throne great / mighty
hill behind mountain slope desert stay and the great riverbank,great mountain and desert hill slope stay behind the riverbank,great mountain and desert hill slope stay behind the riverbank
rib of stay the altar on animal stone side the,side rib of the animal stay on the stone altar,side rib of the animal stay on the stone altar
to swallow and the clump chick papyrus lake quail fly,quail chick and swallow fly to the papyrus clump lake,quail chick and swallow fly to the papyrus clump lake
ka desert like become hill spirit strong of the youth,spirit ka of youth become strong like the desert hill,spirit ka of youth become strong like the desert hill
scribe of jars in stay house the in rack the,jars in rack stay in the house of the scribe,jars in rack stay in the house of the scribe
house man stay and woman shelter the old reed in,old man and woman stay in the reed shelter house,old man and woman stay in the reed shelter house
of of the do king on altar servant offering fire,servant of king do offering of fire on the altar,servant of king do offering of fire on the altar
of to all seated lord djed the give king stability,lord of all give stability djed to the seated king,lord of all give stability djed to the seated king
the and adze stay in stool on mat house chisel,chisel and adze stay on the stool mat in house,chisel and adze stay on the stool mat in house
with of mighty authority head of lord the stay bird,mighty authority of lord stay with the head of bird,mighty authority of lord stay with the head of bird
hill become ka spirit the youth like desert strong of,spirit ka of youth become strong like the desert hill,spirit ka of youth become strong like the desert hill
sky god / stability temple life great power (djed) / grandfather authority peace pillar mighty,temple pillar / grandfather god authority power stability (djed) peace life great / mighty sky,temple pillar / grandfather god authority power stability (djed) peace life great / mighty sky
beauty star reflects calm peace sky lake,lake reflects sky star beauty calm peace,lake reflects sky star beauty calm peace
gives with youth to mother heart birth god of great,mother gives birth to youth with heart of great god,mother gives birth to youth with heart of great god
life spirit bread of to sweet give ka loaf the,sweet loaf of bread give life to the spirit ka,sweet loaf of bread give life to the spirit ka
hear father bird the ba venerated voice soul of the,venerated father hear the voice of the soul ba bird,venerated father hear the voice of the soul ba bird
in spirit ka see house can negation no man the,negation no man can see the spirit ka in house,negation no man can see the spirit ka in house
desert river mountain behind hill and stay mighty great the,mighty mountain and desert hill stay behind the great river,mighty mountain and desert hill stay behind the great river
power deity / (ankh) big great life emerges / god sky horizon,god / deity emerges horizon sky life (ankh) power great / big,god / deity emerges horizon sky life (ankh) power great / big
water near of the lake beautiful the grow lotus plant,beautiful lotus plant grow near the water of the lake,beautiful lotus plant grow near the water of the lake
in reed of shelter the youth place the mother placenta,mother place placenta of the youth in the reed shelter,mother place placenta of the youth in the reed shelter
adze near on and stool stay mat stone chisel the,chisel and adze stay on the stool mat near stone,chisel and adze stay on the stool mat near stone
city make dark the sky great storm the become above,great storm above the city make the sky become dark,great storm above the city make the sky become dark
life of peace altar basket lord offering handle with bread temple every power authority loaf god / /,basket with handle lord / every offering loaf of bread temple god peace / altar life power authority,basket with handle lord / every offering loaf of bread temple god peace / altar life power authority
chisel adze stool near the temple mat on stay and,chisel and adze stay on the stool mat near temple,chisel and adze stay on the stool mat near temple
in horned viper handle with brick near hide basket the,horned viper hide in the basket with handle near brick,horned viper hide in the basket with handle near brick
lord hear truth from town every mouth people of of,lord of every town hear truth from mouth of people,lord of every town hear truth from mouth of people
beautiful seated the of young loves youth face the woman,seated woman loves the beautiful face of the young youth,seated woman loves the beautiful face of the young youth
work seat man chisel with the throne and adze on,man with adze and chisel work on the seat throne,man with adze and chisel work on the seat throne
desert horned viper people hill make fear in slope in,horned viper in desert hill slope make fear in people,horned viper in desert hill slope make fear in people
field backbone the plows old the strength of with man,old man with the backbone of strength plows the field,old man with the backbone of strength plows the field
on throne every great scarab become seated above power king,scarab become great power on throne above every seated king,scarab become great power on throne above every seated king
to people give peace fire hearth in great house in,great fire in hearth give peace to people in house,great fire in hearth give peace to people in house
the cobra wall viper brick hide and stone under horned,horned viper and cobra hide under the brick wall stone,horned viper and cobra hide under the brick wall stone
temple man venerated / power marrow great life / heart old (djed) people mighty authority stability,venerated / marrow old man authority heart life power stability (djed) great / mighty people temple,venerated / marrow old man authority heart life power stability (djed) great / mighty people temple
reed stay man behind with the fox skins three shelter,man with three fox skins stay behind the reed shelter,man with three fox skins stay behind the reed shelter
desert fear silence sky beauty mountain hill,mountain hill desert silence fear beauty sky,mountain hill desert silence fear beauty sky
cobra handle snake with basket emerge from and behind brick,cobra and snake emerge from basket with handle behind brick,cobra and snake emerge from basket with handle behind brick
the writing papyrus on scribe do beautiful of scroll town,scribe of town do writing on the beautiful papyrus scroll,scribe of town do writing on the beautiful papyrus scroll
(plural authority town great strength stroke marker) stroke single / thousand people / force power big life / city,single stroke stroke (plural marker) thousand people city / town power authority great / big life strength / force,single stroke stroke (plural marker) thousand people city / town power authority great / big life strength / force
sickle grain to cut in man the great use field,man use sickle to cut grain in the great field,man use sickle to cut grain in the great field
desert under the snake stone hide in cobra and the,cobra and snake hide under the stone in the desert,cobra and snake hide under the stone in the desert
great throne authority (djed) every (every) / life stability people power master mighty / / lord (lord) all ring,ring authority power lord / every master (lord) / all (every) people life stability (djed) throne great / mighty,ring authority power lord / every master (lord) / all (every) people life stability (djed) throne great / mighty
mighty stay the the above authority hill desert of king,mighty authority of the king stay above the desert hill,mighty authority of the king stay above the desert hill
ankh lord give all the man seated of life to,lord of all give life ankh to the seated man,lord of all give life ankh to the seated man
rope near lake ripple the the water hold vessel tethering,tethering rope hold the vessel near the lake water ripple,tethering rope hold the vessel near the lake water ripple
near from emerge field the and cobra the road snake,snake and cobra emerge from the field near the road,snake and cobra emerge from the field near the road
king the mighty of stay authority great with the power,mighty power of the authority stay with the great king,mighty power of the authority stay with the great king
great with hand stone chisel and writing on do scribe,great scribe do writing on stone with chisel and hand,great scribe do writing on stone with chisel and hand
the of sweet give bread strength ka to spirit loaf,sweet loaf of bread give strength to the spirit ka,sweet loaf of bread give strength to the spirit ka
pellet grain peace / plows abundance field man life harvest (tills),man plows (tills) field grain / pellet harvest abundance life peace,man plows (tills) field grain / pellet harvest abundance life peace
people hill desert viper in fear slope horned in make,horned viper in desert hill slope make fear in people,horned viper in desert hill slope make fear in people
loaf servant to the conical the carry great king seated,servant carry the conical loaf to the great seated king,servant carry the conical loaf to the great seated king
scribe in reed book leaf do writing to use the,scribe use reed leaf to do writing in the book,scribe use reed leaf to do writing in the book
great with old the plows man strength backbone field of,old man with backbone of strength plows the great field,old man with backbone of strength plows the great field
do use in scribe the to leaf writing book reed,scribe use reed leaf to do writing in the book,scribe use reed leaf to do writing in the book
mat stay stool and in temple chisel on the adze,chisel and adze stay on the stool mat in temple,chisel and adze stay on the stool mat in temple
make the great the storm horizon people life fear above,great storm above the horizon make the people fear life,great storm above the horizon make the people fear life
of authority mighty the above desert stay hill strong master,mighty authority of master stay strong above the desert hill,mighty authority of master stay strong above the desert hill
the papyrus scroll the do writing thing scribe of on,scribe do writing of the thing on the papyrus scroll,scribe do writing of the thing on the papyrus scroll
and truth do in for scribe god hear writing temple,scribe hear truth and do writing for god in temple,scribe hear truth and do writing for god in temple
/ good book / thing writing life authority beautiful papyrus scribe power peace scroll heart,papyrus scroll writing / scribe book thing authority power life heart peace beautiful / good,papyrus scroll writing / scribe book thing authority power life heart peace beautiful / good
the bird soul ba mountain fly father above like of,soul ba of father fly above the mountain like bird,soul ba of father fly above the mountain like bird
lotus in woman plant beautiful the seated jar the loves,seated woman loves the beautiful lotus plant in the jar,seated woman loves the beautiful lotus plant in the jar
city destruction people fire / storm fear power town,storm fire power destruction fear people city / town,storm fire power destruction fear people city / town
to god hill great above gives desert youth birth beautiful,great god gives birth to beautiful youth above desert hill,great god gives birth to beautiful youth above desert hill
with the of old strength plows riverbank backbone field man,old man with backbone of strength plows the riverbank field,old man with backbone of strength plows the riverbank field
great quail chick swallow to fly and papyrus the clump,quail chick and swallow fly to the great papyrus clump,quail chick and swallow fly to the great papyrus clump
give belly animal of loaf bread strength to sweet the,sweet loaf of bread give strength to the animal belly,sweet loaf of bread give strength to the animal belly
of ba great above fly father road soul riverbank the,soul ba of father fly above the great riverbank road,soul ba of father fly above the great riverbank road
ka with youth power beautiful of become man old spirit,beautiful youth become old man with power of spirit ka,beautiful youth become old man with power of spirit ka
stability lord every town people to djed the of give,lord of every town give stability djed to the people,lord of every town give stability djed to the people
ba great above of riverbank the father soul fly road,soul ba of father fly above the great riverbank road,soul ba of father fly above the great riverbank road
hide brick door bolt horned and cobra behind viper the,horned viper and cobra hide behind the door bolt brick,horned viper and cobra hide behind the door bolt brick
town scroll of do on writing of truth papyrus scribe,scribe of town do writing of truth on papyrus scroll,scribe of town do writing of truth on papyrus scroll
strength milk to the youth give the jar sweet from,sweet milk from the jar give strength to the youth,sweet milk from the jar give strength to the youth
blessing peace temple god offering people gather,people gather temple offering peace god blessing,people gather temple offering peace god blessing
senet play of great town lord the board every game,great lord of every town play the senet board game,great lord of every town play the senet board game
scroll the leaf scribe of hand reed papyrus hold for,hand of the scribe hold reed leaf for papyrus scroll,hand of the scribe hold reed leaf for papyrus scroll
drink senet jar board house in play man from and,man play senet board and drink from jar in house,man play senet board and drink from jar in house
hold vessel the great stone the wall tethering rope near,tethering rope hold the vessel near the great stone wall,tethering rope hold the vessel near the great stone wall
strong repeated man near field the plows river great the,strong man plows repeated the field near the great river,strong man plows repeated the field near the great river
song loves the of beautiful woman swallow the bird seated,seated woman loves the beautiful song of the swallow bird,seated woman loves the beautiful song of the swallow bird
the road lord king becomes the of great of city,great king of the city becomes lord of the road,great king of the city becomes lord of the road
ba to soul bird sky of people fly the like,soul ba of people fly to the sky like bird,soul ba of the people fly like bird to sky
horned the of rib belly viper side hide animal in,horned viper hide in the side rib of animal belly,horned viper hide in the side rib of animal belly
field plows abundance life harvest pellet man (tills) peace / grain,man plows (tills) field grain / pellet harvest abundance life peace,man plows (tills) field grain / pellet harvest abundance life peace
offering do jar on milk altar god of servant of,servant of god do offering of milk jar on altar,servant of god do offering of milk jar on altar
spirit ka star youth the light sky see of in,spirit ka of youth see the star in sky light,spirit ka of youth see the star in sky light
rope behind door and bolt in basket stay folded cloth,folded cloth and rope stay in basket behind door bolt,folded cloth and rope stay in basket behind door bolt
to city the of give king whole mighty strength backbone,mighty backbone of king give strength to the whole city,mighty backbone of king give strength to the whole city
and milk the conical stay jar in loaf reed shelter,conical loaf and milk jar stay in the reed shelter,conical loaf and milk jar stay in the reed shelter
to great life / to star retreat power west become (ba) sky underground return soul,soul (ba) to return / retreat west underground star sky life to become power great,soul (ba) to return / retreat west underground star sky life to become power great
and to papyrus fly swallow clump the chick quail great,quail chick and swallow fly to the great papyrus clump,quail chick and swallow fly to the great papyrus clump
the do scroll of on writing scribe thing the papyrus,scribe do writing of the thing on the papyrus scroll,scribe do writing of the thing on the papyrus scroll
/ mighty town life power strength town / force river heart great city road people /,river road town city / town people life power strength / force heart great / mighty,river road town city / town people life power strength / force heart great / mighty
man and field with plows becomes grain of hoe master,man with hoe plows field and becomes master of grain,man with hoe plows field and becomes master of grain
of scribe of truth scroll do writing on town papyrus,scribe of town do writing of truth on papyrus scroll,scribe of town do writing of truth on papyrus scroll
(give) conical of vessel loaf peace / offering jar loaf temple god altar bread,offering loaf of bread conical loaf (give) jar vessel temple god peace / altar,offering loaf of bread conical loaf (give) jar vessel temple god peace / altar
wall stone horned hide viper and the brick cobra behind,horned viper and cobra hide behind the stone brick wall,horned viper and cobra hide behind the stone brick wall
sits / authority town people throne power king city,king sits throne authority power people city / town,king power authority throne seat / throne sedge king city / town
/ big great power pellet plows (tills) strength field / force peace heart grain people / life,plows (tills) field grain / pellet people life strength / force peace great / big heart power,plows (tills) field grain / pellet people life strength / force peace great / big heart power
scribe use leaf thing town reed of do writing to,scribe of town use reed leaf to do writing thing,scribe of town use reed leaf to do writing thing
in under cobra hide snake and stone the desert the,cobra and snake hide under the stone in the desert,cobra and snake hide under the stone in the desert
net make the flax to for lake use man twisted,man use twisted flax to make net for the lake,man use twisted flax to make net for the lake
the in of mother the the placenta see youth house,mother see the placenta of the youth in the house,mother see the placenta of the youth in the house
very become in make the fire great red horizon desert,great fire in desert make the horizon become very red,great fire in desert make the horizon become very red
great master stay spirit ka the desert of hill above,spirit ka of master stay above the great desert hill,spirit ka of master stay above the great desert hill
to water life plant from sweet give the the river,sweet water from the river give life to the plant,sweet water from the river give life to the plant
great writing scribe on stone do and chisel with hand,great scribe do writing on stone with chisel and hand,great scribe do writing on stone with chisel and hand
the ba the fly soul father of to desert hill,soul ba of the father fly to the desert hill,soul ba of the father fly to the desert hill
swallow ba of soul to father the like mountain fly,soul ba of father fly like swallow to the mountain,soul ba of father fly like swallow to the mountain
emerge soul underground sky west star (ba) to become life,soul (ba) emerge west underground star sky life to become,soul (ba) emerge west underground star sky life to become
/ authority king (djed) seated stability power throne town god people king / he,he / king seated god / king throne authority power people town stability (djed),he / king seated god / king throne authority power people town stability (djed)
in handle fox with three the basket stay the skins,three fox skins stay in the basket with the handle,three fox skins stay in the basket with the handle
city / town road authority power town king travels,king travels road town city / town authority power,king travels road town city / town authority power
great in make heart of storm man fear mountain above,great storm above mountain make fear in heart of man,great storm above mountain make fear in heart of man
hill mountain fear desert silence beauty sky,mountain hill desert silence fear beauty sky,mountain hill desert silence fear beauty sky
found) is enter house peace exists (or / gate people opens,house gate opens / exists (or is found) people enter peace,house gate opens / exists (or is found) people enter peace
of the life lord power authority with stay mighty of,mighty power of authority stay with the lord of life,mighty power of authority stay with the lord of life
youth loves woman beautiful of young seated face the the,seated woman loves the beautiful face of the young youth,seated woman loves the beautiful face of the young youth
writing of do mouth of god hear and truth scribe,scribe hear mouth of god and do writing of truth,scribe hear mouth of god and do writing of truth
sweet the youth the give from strength jar to milk,sweet milk from the jar give strength to the youth,sweet milk from the jar give strength to the youth
in mother youth heart the see of the the house,mother see the heart of the youth in the house,mother see the heart of the youth in the house
god king sees truth the in heart seated of the,seated god sees the truth in the heart of king,seated god sees the truth in the heart of king
ba above riverbank of the great father fly road soul,soul ba of father fly above the great riverbank road,soul ba of father fly above the great riverbank road
(king) / throne mighty seat authority city power throne / stability people (djed) ring great / town sedge,ring power authority throne seat / throne sedge (king) people city / town stability (djed) great / mighty,ring power authority throne seat / throne sedge (king) people city / town stability (djed) great / mighty
strength force to great sky power (ba) stability soul / (djed) become heart scarab life become mighty / /,scarab / become heart soul (ba) life to become power strength / force great / mighty stability (djed) sky,scarab / become heart soul (ba) life to become power strength / force great / mighty stability (djed) sky
side adze rib animal and on of chisel the stay,chisel and adze stay on the side rib of animal,chisel and adze stay on the side rib of animal
do truth of papyrus with writing scribe on leaf reed,scribe do writing of truth with reed leaf on papyrus,scribe do writing of truth with reed leaf on papyrus
exists house enter / gate (or found) is opens people peace,house gate opens / exists (or is found) people enter peace,house gate opens / exists (or is found) people enter peace
milk servant hand carry seated of to god the jar,hand of servant carry milk jar to the seated god,hand of servant carry milk jar to the seated god
ankh god give the people to life spirit ka of,spirit ka of god give life ankh to the people,spirit ka of god give life ankh to the people
gate snake power magic house fear protects,snake protects house gate fear power magic,snake protects house gate fear power magic
and mother in senet play venerated father the house board,venerated father and mother play the senet board in house,venerated father and mother play the senet board in house
life the riverbank above strong people storm fear make the,strong storm above the riverbank make the people fear life,strong storm above the riverbank make the people fear life
chick and clump quail the water papyrus fly above swallow,quail chick and swallow fly above the papyrus clump water,quail chick and swallow fly above the papyrus clump water
master do writing hear voice thing scribe of of and,scribe hear voice of master and do writing of thing,scribe hear voice of master and do writing of thing
the wall make the stone riverbank above great fall storm,great storm above the riverbank make the stone wall fall,great storm above the riverbank make the stone wall fall
loaf the conical to give venerated god seated the father,venerated father give the conical loaf to the seated god,venerated father give the conical loaf to the seated god
altar do king the servant on stone of offering the,servant of the king do offering on the stone altar,servant of the king do offering on the stone altar
near the plows tills with lake field the hoe man,man with the hoe plows tills the field near lake,man with the hoe plows tills the field near lake
of town hand the the great hold authority of king,hand of king hold the authority of the great town,hand of king hold the authority of the great town
the the of can no star negation hear voice man,negation no man can hear the voice of the star,negation no man can hear the voice of the star
the see the star woman old and sky man in,old man and woman see the star in the sky,old man and woman see the star in the sky
power / good scroll authority peace life papyrus heart book writing scribe thing / beautiful,papyrus scroll writing / scribe book thing authority power life heart peace beautiful / good,papyrus scroll writing / scribe book thing authority power life heart peace beautiful / good
fox folded to man cloth use make beautiful skins three,man use three fox skins to make beautiful folded cloth,man use three fox skins to make beautiful folded cloth
city carry the grain vessel the great on to water,vessel on the water carry grain to the great city,vessel on the water carry grain to the great city
mouth king the god of speak to the of heart,mouth of god speak to the heart of the king,mouth of god speak to the heart of the king
of great ka spirit master hill the desert above stay,spirit ka of master stay above the great desert hill,spirit ka of master stay above the great desert hill
lord bird the head stay with authority mighty of of,mighty authority of lord stay with the head of bird,mighty authority of lord stay with the head of bird
clump in hide snake can negation the no papyrus water,negation no snake can hide in the papyrus clump water,negation no snake can hide in the papyrus clump water
great fox throne the on seat three wear skins king,great king wear three fox skins on the seat throne,great king wear three fox skins on the seat throne
in very become make desert fire red horizon the great,great fire in desert make the horizon become very red,great fire in desert make the horizon become very red
king seated hand god of the to ankh give life,hand of god give life ankh to the seated king,hand of god give life ankh to the seated king
the of temple gate above swallow fly and quail chick,quail chick and swallow fly above the gate of temple,quail chick and swallow fly above the gate of temple
of above king star spirit in ka horizon sky become,spirit ka of king become star in sky above horizon,spirit ka of king become star in sky above horizon
town of king hold hand the great the authority of,hand of king hold the authority of the great town,hand of king hold the authority of the great town
in house from play jar senet board drink man and,man play senet board and drink from jar in house,man play senet board and drink from jar in house
soul upon sky star emerge face west body / (ba) from,soul (ba) emerge from body face / upon sky star west,soul (ba) emerge from body face / upon sky star west
in sky the lake lotus become in light beautiful plant,lotus plant in lake become beautiful in the sky light,lotus plant in lake become beautiful in the sky light
the play venerated riverbank senet lord on the road board,venerated lord play the senet board on the riverbank road,venerated lord play the senet board on the riverbank road
stay the fox on back three servant of skins the,three fox skins stay on the back of the servant,three fox skins stay on the back of the servant
give to life god the venerated seated ankh the father,venerated father give the life ankh to the seated god,venerated father give the life ankh to the seated god
god carry to of servant the seated hand jar milk,hand of servant carry milk jar to the seated god,hand of servant carry milk jar to the seated god
fall make great wall riverbank stone storm above the the,great storm above the riverbank make the stone wall fall,great storm above the riverbank make the stone wall fall
king on of scribe city brick name stone of write,scribe of city write name of king on stone brick,scribe of city write name of king on stone brick
of in hears from venerated truth feather father maat temple,venerated father hears truth from feather of maat in temple,venerated father hears truth from feather of maat in temple
stay authority desert of mighty king the the above hill,mighty authority of the king stay above the desert hill,mighty authority of the king stay above the desert hill
soul father mountain above fly bird ba like of the,soul ba of father fly above the mountain like bird,soul ba of father fly above the mountain like bird
seated jar loves woman in lotus beautiful the plant the,seated woman loves the beautiful lotus plant in the jar,seated woman loves the beautiful lotus plant in the jar
rib on and animal offering the altar belly stay side,animal belly and side rib stay on the offering altar,animal belly and side rib stay on the offering altar
power great on above every throne scarab king seated become,scarab become great power on throne above every seated king,scarab become great power on throne above every seated king
of give stability town lord the youth to djed every,lord of every town give stability djed to the youth,lord of every town give stability djed to the youth
sweet strength give belly to animal the bread loaf of,sweet loaf of bread give strength to the animal belly,sweet loaf of bread give strength to the animal belly
loaf carry king servant conical the milk jar and to,servant carry milk jar and conical loaf to the king,servant carry milk jar and conical loaf to the king
peace content mother love good life milk (satisfied) / heart sweet / beautiful house youth jar,milk jar mother youth life love sweet house peace / content (satisfied) heart beautiful / good,milk jar mother youth life love sweet house peace / content (satisfied) heart beautiful / good
peace door gate woman life love house content woman (satisfied) / seated bolt,woman seated woman house gate door bolt life love peace / content (satisfied),woman seated woman house gate door bolt life love peace / content (satisfied)
woman the the water seated of sweet loves lake ripple,seated woman loves the sweet water of the lake ripple,seated woman loves the sweet water of the lake ripple
loaf the eat reed bread of near venerated shelter father,venerated father eat loaf of bread near the reed shelter,venerated father eat loaf of bread near the reed shelter
(ba) star emerge underground sky soul life become west to,soul (ba) emerge west underground star sky life to become,soul (ba) emerge west underground star sky life to become
/ man become life storm / strength fear fire to power force big great heart,heart fear storm fire strength / force man life to become power great / big,heart fear storm fire strength / force man life to become power great / big
give the people seated peace to god content heart of,seated god give peace content to the heart of people,seated god give peace content to the heart of people
door youth reed through shelter of the placenta see mother,mother see placenta of youth through the reed shelter door,mother see placenta of youth through the reed shelter door
great and reed the stay in woman old man shelter,old man and woman stay in the great reed shelter,old man and woman stay in the great reed shelter
sky king ka horizon of in spirit star become above,spirit ka of king become star in sky above horizon,spirit ka of king become star in sky above horizon
thing ka do lord for of spirit great the horizon,lord of horizon do great thing for the spirit ka,lord of horizon do great thing for the spirit ka
life do lotus plant offering of of altar lord the,lord of life do offering of the lotus plant altar,lord of life do offering of the lotus plant altar
the father of ba bird the soul hear venerated voice,venerated father hear the voice of the soul ba bird,venerated father hear the voice of the soul ba bird
give life father the the to ankh venerated seated god,venerated father give the life ankh to the seated god,venerated father give the life ankh to the seated god
basket chisel with stay adze the and in the handle,chisel and adze stay in the basket with the handle,chisel and adze stay in the basket with the handle
stone horned under wall and the cobra hide viper brick,horned viper and cobra hide under the brick wall stone,horned viper and cobra hide under the brick wall stone
hand servant carry the to of altar animal belly great,hand of servant carry animal belly to the great altar,hand of servant carry animal belly to the great altar
field plows man the hoe strong riverbank road the with,strong man with the hoe plows the riverbank field road,strong man with the hoe plows the riverbank field road
in storm above fear heart great mountain make of man,great storm above mountain make fear in heart of man,great storm above mountain make fear in heart of man
the the riverbank rope road stone hold tethering vessel near,tethering rope hold the vessel near the riverbank road stone,tethering rope hold the vessel near the riverbank road stone
in content / peace heart / jars jar rack life / pellet people grain house beautiful sweet good (satisfied),jar jars in rack house people life grain / pellet peace / content (satisfied) sweet beautiful / good heart,jar jars in rack house people life grain / pellet peace / content (satisfied) sweet beautiful / good heart
temple (i god jar altar of loaf peace do / seated / me) bread man offering,seated man (i / me) do offering loaf of bread jar temple god peace / altar,seated man (i / me) do offering loaf of bread jar temple god peace / altar
power book authority papyrus scribe reed / scroll knowledge writing leaf,reed leaf writing / scribe papyrus scroll book knowledge authority power,papyrus scroll writing / scribe book knowledge authority power
every do for lord offering seated god the of town,lord of every town do offering for the seated god,lord of every town do offering for the seated god
see of in the placenta the youth house the mother,mother see the placenta of the youth in the house,mother see the placenta of the youth in the house
on adze the stool stay temple chisel near and mat,chisel and adze stay on the stool mat near temple,chisel and adze stay on the stool mat near temple
sky beautiful / life peace heart (satisfied) / content sweet sees good thousand owl star,owl sees sky star thousand beautiful / good sweet life peace / content (satisfied) heart,owl sees sky star thousand beautiful / good sweet life peace / content (satisfied) heart
of of mother the ka sees spirit god face beautiful,spirit ka of mother sees the beautiful face of god,spirit ka of mother sees the beautiful face of god
leaf reed town of use to do writing scribe thing,scribe of town use reed leaf to do writing thing,scribe of town use reed leaf to do writing thing
the hold town gate of the rope near vessel tethering,tethering rope hold the vessel near the gate of town,tethering rope hold the vessel near the gate of town
power strength to / heart (djed) sky become / soul stability (ba) mighty great become / scarab force life,scarab / become heart soul (ba) life to become power strength / force great / mighty stability (djed) sky,scarab / become heart soul (ba) life to become power strength / force great / mighty stability (djed) sky
slope lake / ripple / sky peace sweet life hill content water great river big (satisfied) mountain,mountain hill slope river lake water ripple life peace / content (satisfied) sweet sky great / big,mountain hill slope river lake water ripple life peace / content (satisfied) sweet sky great / big
brick the of writing do on scribe wall stone authority,scribe do writing of authority on the stone brick wall,scribe do writing of authority on the stone brick wall
hide gate behind and cobra viper door bolt horned the,horned viper and cobra hide behind the door bolt gate,horned viper and cobra hide behind the door bolt gate
to to life star underground become / power retreat (ba) soul return sky great west,soul (ba) to return / retreat west underground star sky life to become power great,soul (ba) to return / retreat west underground star sky life to become power great
listen people power king hear law fear / sees authority,king sees people hear / listen fear power authority law,king sees people hear / listen fear power authority law
reed papyrus book writing scribe / scroll authority leaf thing scribe power,scribe writing / scribe papyrus scroll reed leaf book authority power thing,papyrus scroll writing / scribe book thing authority power life
soul horizon to above swallow become star fly like bird,swallow bird fly above horizon like soul to become star,swallow bird fly above horizon like soul to become star
power house god throne to king in on give seated,seated god on throne give power to king in house,seated god on throne give power to king in house
to give town people lord ankh life the of every,lord of every town give life ankh to the people,lord of every town give life ankh to the people
all seated give life ankh man of lord the to,lord of all give life ankh to the seated man,lord of all give life ankh to the seated man
life love heart joy satisfaction desires peace,heart desires peace love life satisfaction joy,heart desires peace love life satisfaction joy
people gate house / fear power cobra strength protection force snake life,cobra snake fear power protection house gate people life strength / force,cobra snake fear power protection house gate people life strength / force
stay basket side belly in handle the rib and animal,animal belly and side rib stay in the basket handle,animal belly and side rib stay in the basket handle
heart life peace satisfaction desires joy love,heart desires peace love life satisfaction joy,heart desires peace love life satisfaction joy
great make storm above the riverbank wall stone the fall,great storm above the riverbank make the stone wall fall,great storm above the riverbank make the stone wall fall
the use of to house adze bolt fix door man,man use adze to fix the door bolt of house,man use adze to fix the door bolt of house
in scribe the the stay jars in house of rack,jars in rack stay in the house of the scribe,jars in rack stay in the house of the scribe
mighty stability of king land to the give backbone djed,mighty backbone of king give stability djed to the land,mighty backbone of king give stability djed to the land
mother temple in place of placenta house youth great the,mother place placenta of youth in the great temple house,mother place placenta of youth in the great temple house
the all to of servant milk master jar give sweet,servant give sweet milk jar to the master of all,servant give sweet milk jar to the master of all
gate hide and bolt door cobra behind the viper horned,horned viper and cobra hide behind the door bolt gate,horned viper and cobra hide behind the door bolt gate
gather people god temple peace offering blessing,people gather temple offering peace god blessing,people gather temple offering peace god blessing
handle belly the side and animal basket in rib stay,animal belly and side rib stay in the basket handle,animal belly and side rib stay in the basket handle
the stone backbone adze of on strength use with man,man with backbone of strength use adze on the stone,man with backbone of strength use adze on the stone
in mother youth placenta reed the the shelter see of,mother see placenta of the youth in the reed shelter,mother see placenta of the youth in the reed shelter
deity mighty stability throne power city / / (djed) temple great / town god,god / deity great / mighty power stability (djed) throne temple city / town,god / deity great / mighty power stability (djed) throne temple city / town
man rope tethering of rope hand of and coil hold,hand of man hold coil of rope and tethering rope,hand of man hold coil of rope and tethering rope
the of stability djed give city lord to every town,lord of every town give stability djed to the city,lord of every town give stability djed to the city
for do town king hand and of thing city great,hand of king do great thing for city and town,hand of king do great thing for city and town
town throne great city throne stability mighty / / power life authority sedge people (king) (djed) / seat,sedge (king) authority power throne seat / throne people city / town stability (djed) great / mighty life,sedge (king) authority power throne seat / throne people city / town stability (djed) great / mighty life
beauty sky star reflects calm lake peace,lake reflects sky star beauty calm peace,lake reflects sky star beauty calm peace
in mat and stay temple chisel on stool the adze,chisel and adze stay on the stool mat in temple,chisel and adze stay on the stool mat in temple
voice and do of master thing scribe hear of writing,scribe hear voice of master and do writing of thing,scribe hear voice of master and do writing of thing
give loaf to strength sweet the belly bread animal of,sweet loaf of bread give strength to the animal belly,sweet loaf of bread give strength to the animal belly
seated give great god in fire light temple to the,great fire in temple give light to the seated god,great fire in temple give light to the seated god
sedge on truth old hear king from the throne man,sedge king on throne hear truth from the old man,sedge king on throne hear truth from the old man
king great in play house the the board senet stone,great king play the senet board in the stone house,great king play the senet board in the stone house
to fly soul swallow become star horizon like bird above,swallow bird fly above horizon like soul to become star,swallow bird fly above horizon like soul to become star
no snake clump hide papyrus the can negation in water,negation no snake can hide in the papyrus clump water,negation no snake can hide in the papyrus clump water
authority people / life house (satisfied) / bolt power content force door strength fear peace gate,door bolt gate house fear people authority power strength / force life peace / content (satisfied),door bolt gate house fear people authority power strength / force life peace / content (satisfied)
storm wall fall the the make riverbank above stone great,great storm above the riverbank make the stone wall fall,great storm above the riverbank make the stone wall fall
birth gives king / sky (ankh) life he horizon begets life / above,he / king gives birth / begets life life (ankh) above horizon sky,he / king gives birth / begets life life (ankh) above horizon sky
great / god / pillar power grandfather peace stability sky temple mighty life (djed) authority,temple pillar / grandfather god authority power stability (djed) peace life great / mighty sky,temple pillar / grandfather god authority power stability (djed) peace life great / mighty sky
mat and stool chisel adze the near stone on stay,chisel and adze stay on the stool mat near stone,chisel and adze stay on the stool mat near stone
the hand of king hold of town the authority great,hand of king hold the authority of the great town,hand of king hold the authority of the great town
throne authority old grandfather people life / stability big pillar power / great heart (djed) man,old man pillar / grandfather authority people life heart power great / big stability (djed) throne,old man pillar / grandfather authority people life heart power great / big stability (djed) throne
life protection god power fear house gate horned viper,horned viper fear power protection god house gate life,horned viper fear power protection god house gate life
mountain power become sky star life underground horizon to soul west (ba),west underground mountain soul (ba) life star sky to become horizon power,west underground mountain soul (ba) life star sky to become horizon power
seated star woman the and plant beautiful lotus loves the,seated woman loves the beautiful lotus plant and the star,seated woman loves the beautiful lotus plant and the star
mat viper and the under hide stool cobra stone horned,horned viper and cobra hide under the stone stool mat,horned viper and cobra hide under the stone stool mat
ankh every life give city of people lord to the,lord of every city give life ankh to the people,lord of every city give life ankh to the people
heart of sweet loaf strength bread the give people to,sweet loaf of bread give strength to the heart people,sweet loaf of bread give strength to the heart people
and swallow above the fly chick lake papyrus clump quail,quail chick and swallow fly above the papyrus clump lake,quail chick and swallow fly above the papyrus clump lake
mountain the use cut great adze the to man stone,man use the adze to cut the great mountain stone,man use the adze to cut the great mountain stone
soul father great above ba fly of the mountain the,soul ba of the father fly above the great mountain,soul ba of the father fly above the great mountain
lord board senet the master play city with the of,lord of the city play the senet board with master,lord of the city play the senet board with master
adze door temple make man use bolt to of the,man use adze to make the door bolt of temple,man use adze to make the door bolt of temple
walks people town road journey city life foot / town power,foot walks road town city / town people life journey power,foot walks road town city / town people life journey power
can hear negation man of the the no snake voice,negation no man can hear the voice of the snake,negation no man can hear the voice of the snake
and hide clump lake in chick near river papyrus quail,quail chick hide in papyrus clump near river and lake,quail chick hide in papyrus clump near river and lake
in stone of the venerated father voice hear mother house,venerated father hear voice of mother in the stone house,venerated father hear voice of mother in the stone house
in on and stay chisel the stool adze temple mat,chisel and adze stay on the stool mat in temple,chisel and adze stay on the stool mat in temple
scribe truth from venerated the the mouth hear of master,venerated master hear the truth from the mouth of scribe,venerated master hear the truth from the mouth of scribe
of senet eat play bread man while board loaf he,man play senet board while he eat loaf of bread,man play senet board while he eat loaf of bread
water people beautiful peace ripple / good riverbank sweet / heart satisfy life sees river,river riverbank people sees life water ripple peace / satisfy heart beautiful / good sweet,river riverbank people sees life water ripple peace / satisfy heart beautiful / good sweet
swallow the great clump papyrus quail and chick fly to,quail chick and swallow fly to the great papyrus clump,quail chick and swallow fly to the great papyrus clump
beauty thousand life sky night wonder star,night sky star thousand beauty wonder life,night sky star thousand beauty wonder life
negation ka stay gate forever behind no spirit can the,negation no spirit ka can stay behind the gate forever,negation no spirit ka can stay behind the gate forever
handle side rib in and basket the animal belly stay,animal belly and side rib stay in the basket handle,animal belly and side rib stay in the basket handle
birth to throne gives law the the king on great,great king on the throne gives birth to the law,great king on the throne gives birth to the law
water peace woman house sweet jar life carries,woman carries water jar house life peace sweet,woman carries water jar house life peace sweet
seated house peace man / / (satisfied) content heart life stool rest mat,stool / mat seated man rest peace / content (satisfied) life house heart,stool / mat seated man rest peace / content (satisfied) life house heart
backbone in spirit the ka stay the of woman seated,spirit ka stay in the backbone of the seated woman,spirit ka stay in the backbone of the seated woman
do opens power is town people authority found) gate / exists life road (or peace,gate opens / exists (or is found) road town people do life peace authority power,gate opens / exists (or is found) road town people do life peace authority power
the ripple plant water from sweet to give life river,sweet water from river ripple give life to the plant,sweet water from river ripple give life to the plant
house gate magic power protects snake fear,snake protects house gate fear power magic,snake protects house gate fear power magic
people life / road leads town trade city town,road leads town city / town people trade life,road leads town city / town people trade life
fly shelter quail and the to bird reed swallow chick,quail chick and swallow bird fly to the reed shelter,quail chick and swallow bird fly to the reed shelter
star life (ba) sky become river to soul flows west underground,river flows west underground life soul (ba) to become star sky,river flows west underground life soul (ba) to become star sky
adze and stay on chisel in temple the mat stool,chisel and adze stay on the stool mat in temple,chisel and adze stay on the stool mat in temple
the the horizon soul swallow fly above like bird ba,swallow bird fly above the horizon like the soul ba,swallow bird fly above the horizon like the soul ba
of for do on peace altar offering life content lord,lord of life do offering on altar for peace content,lord of life do offering on altar for peace content
milk the hand to jar seated servant of carry god,hand of servant carry milk jar to the seated god,hand of servant carry milk jar to the seated god
authority above the wall stay lord mighty gate of temple,mighty authority of lord stay above the temple wall gate,mighty authority of lord stay above the temple wall gate
to give hearth people fire house in peace in great,great fire in hearth give peace to people in house,great fire in hearth give peace to people in house
and chick quail to clump water papyrus the fly swallow,quail chick and swallow fly to the papyrus clump water,quail chick and swallow fly to the papyrus clump water
cobra leaf under stay the viper lotus horned and plant,cobra and horned viper stay under the lotus plant leaf,cobra and horned viper stay under the lotus plant leaf
(ba) underground life travels west rebirth soul star,soul (ba) travels west underground star life rebirth,soul (ba) travels west underground star life rebirth
town people power river town / force road / / strength life great city heart mighty,river road town city / town people life power strength / force heart great / mighty,river road town city / town people life power strength / force heart great / mighty
the youth lotus to beautiful venerated give father the plant,venerated father give the lotus plant to the beautiful youth,venerated father give the lotus plant to the beautiful youth
man drink the old milk woman jar from house and,old man and woman drink from the milk jar house,old man and woman drink from the milk jar house
do for in god and writing hear truth scribe temple,scribe hear truth and do writing for god in temple,scribe hear truth and do writing for god in temple
fly soul ba desert the of the hill to father,soul ba of the father fly to the desert hill,soul ba of the father fly to the desert hill
of the thing spirit great ka lord for do horizon,lord of horizon do great thing for the spirit ka,lord of horizon do great thing for the spirit ka
the sweet animal bread of loaf to strength belly give,sweet loaf of bread give strength to the animal belly,sweet loaf of bread give strength to the animal belly
altar loaf / offering temple do god bread (i man me) peace of / jar seated,seated man (i / me) do offering loaf of bread jar temple god peace / altar,seated man (i / me) do offering loaf of bread jar temple god peace / altar
in to temple light give seated god the great fire,great fire in temple give light to the seated god,great fire in temple give light to the seated god
the scribe leaf in writing to do reed book use,scribe use reed leaf to do writing in the book,scribe use reed leaf to do writing in the book
in milk man sweet jar the old from drink temple,old man drink sweet milk from the jar in temple,old man drink sweet milk from the jar in temple
and chisel the handle in basket stay with the adze,chisel and adze stay in the basket with the handle,chisel and adze stay in the basket with the handle
basket rope coil flax of in the twisted stay and,twisted flax and coil of rope stay in the basket,twisted flax and coil of rope stay in the basket
to hand seated king the of give life god ankh,hand of god give life ankh to the seated king,hand of god give life ankh to the seated king
great board senet of every lord town the play game,great lord of every town play the senet board game,great lord of every town play the senet board game
hill the father the desert above slope venerated star sees,venerated father sees the star above the desert hill slope,venerated father sees the star above the desert hill slope
voice and write of heart the scribe of hear town,scribe of town hear voice of the heart and write,scribe of town hear voice of the heart and write
master man and with plows field becomes hoe of grain,man with hoe plows field and becomes master of grain,man with hoe plows field and becomes master of grain
life woman give milk jar to (satisfied) peace heart love youth content house / sweet,woman to give milk jar youth life love peace / content (satisfied) sweet house heart,woman to give milk jar youth life love peace / content (satisfied) sweet house heart
of the lord djed give stability to every town soul,lord of every town give stability djed to the soul,lord of every town give stability djed to the soul
stability lord give soul the every to of town djed,lord of every town give stability djed to the soul,lord of every town give stability djed to the soul
papyrus the birth youth mother to near gives great clump,mother gives birth to youth near the great papyrus clump,mother gives birth to youth near the great papyrus clump
of peace heart content seated the give to people god,seated god give peace content to the heart of people,seated god give peace content to the heart of people
bird mountain like ba soul fly of father the above,soul ba of father fly above the mountain like bird,soul ba of father fly above the mountain like bird
to spirit beautiful youth love give of mother the ka,spirit ka of mother give love to the beautiful youth,spirit ka of mother give love to the beautiful youth
the beautiful spirit mother of loves young the ka youth,spirit ka of the mother loves the beautiful young youth,spirit ka of the mother loves the beautiful young youth
desert flows from life mountain river hill field,river flows from mountain hill desert field life,river flows from mountain hill desert field life
mighty cobra with snake emerge and handle from basket the,mighty cobra and snake emerge from the basket with handle,mighty cobra and snake emerge from the basket with handle
the strong make dark hill storm sky above the desert,strong storm above the desert hill make the sky dark,strong storm above the desert hill make the sky dark
sweet give bread belly loaf the animal strength of to,sweet loaf of bread give strength to the animal belly,sweet loaf of bread give strength to the animal belly
reed in place shelter the mother placenta youth of the,mother place placenta of the youth in the reed shelter,mother place placenta of the youth in the reed shelter
mother to the in plant house give youth beautiful lotus,mother give beautiful lotus plant to the youth in house,mother give beautiful lotus plant to the youth in house
seated bread peace god (i loaf man / temple jar do altar / offering of me),seated man (i / me) do offering loaf of bread jar temple god peace / altar,seated man (i / me) do offering loaf of bread jar temple god peace / altar
twisted gate the flax temple bind man great to use,man use twisted flax to bind the great temple gate,man use twisted flax to bind the great temple gate
river vessel town the grain and to carry loaf on,vessel on river carry grain and loaf to the town,vessel on river carry grain and loaf to the town
strong repeated field the the hoe road with plows man,strong man with the hoe plows repeated the field road,strong man with the hoe plows repeated the field road
from star body / sky face west emerge soul (ba) upon,soul (ba) emerge from body face / upon sky star west,soul (ba) emerge from body face / upon sky star west
bird and of head head ox stay on altar of,head of bird and head of ox stay on altar,head of bird and head of ox stay on altar
conical milk shelter the loaf and jar stay reed in,conical loaf and milk jar stay in the reed shelter,conical loaf and milk jar stay in the reed shelter
of the youth reed reed leaf shelter in hold hand,hand of youth hold reed leaf in the reed shelter,hand of youth hold reed leaf in the reed shelter
behind cobra bolt hide and door horned viper brick the,horned viper and cobra hide behind the door bolt brick,horned viper and cobra hide behind the door bolt brick
seat throne in city the stay master of ka spirit,spirit ka of master stay in the seat throne city,spirit ka of master stay in the seat throne city
hold of the god king great the of authority hand,hand of king hold the authority of the great god,hand of king hold the authority of the great god
coil rope fear protection power of god snake,snake coil of rope fear power protection god,snake coil of rope fear power protection god
to jar give strength sweet the the milk youth from,sweet milk from the jar give strength to the youth,sweet milk from the jar give strength to the youth
city throne town / temple authority power holds people seated king,seated king holds authority power throne temple people city / town,seated king holds authority power throne temple people city / town
the master of back stay fox on the skins three,three fox skins stay on the back of the master,three fox skins stay on the back of the master
on to throne seated king in give house power god,seated god on throne give power to king in house,seated god on throne give power to king in house
sky the above dark great desert make hill the storm,great storm above the desert hill make the sky dark,great storm above the desert hill make the sky dark
destruction fear town / city sky people fire storm power,storm fire sky power fear destruction city / town people,storm fire sky power fear destruction city / town people
above stay hill master the ka spirit of great desert,spirit ka of master stay above the great desert hill,spirit ka of master stay above the great desert hill
ba fly of above riverbank road stone the soul father,soul ba of father fly above the riverbank road stone,soul ba of father fly above the riverbank road stone
gate stay ka forever negation spirit no behind the can,negation no spirit ka can stay behind the gate forever,negation no spirit ka can stay behind the gate forever
in brick behind and desert viper stay mighty horned cobra,mighty cobra and horned viper stay behind brick in desert,mighty cobra and horned viper stay behind brick in desert
scribe reed thing do writing of leaf hold hand to,hand of scribe hold reed leaf to do writing thing,hand of scribe hold reed leaf to do writing thing
above chick papyrus the fly swallow lake quail and clump,quail chick and swallow fly above the papyrus clump lake,quail chick and swallow fly above the papyrus clump lake
great of king basket the becomes city of every lord,great king of the city becomes lord of every basket,great king of the city becomes lord of every basket
seat stay the ka city master spirit in throne of,spirit ka of master stay in the seat throne city,spirit ka of master stay in the seat throne city
of bird sees horizon head soul to (ba) star sky become life,head of bird sees sky horizon star life soul (ba) to become,head of bird sees sky horizon star life soul (ba) to become
every of life town to ankh give people lord the,lord of every town give life ankh to the people,lord of every town give life ankh to the people
old jar in man sweet drink from the milk temple,old man drink sweet milk from the jar in temple,old man drink sweet milk from the jar in temple
altar vessel jar bread / life offering of loaf peace temple god to give power,offering to give loaf of bread jar vessel god temple peace / altar life power,offering to give loaf of bread jar vessel god temple peace / altar life power
peace desires heart satisfaction life joy love,heart desires peace love life satisfaction joy,heart desires peace love life satisfaction joy
storm make of fear people mighty riverbank power sky on,mighty storm on riverbank make people fear power of sky,mighty storm on riverbank make people fear power of sky
feather truth father from venerated hears in of maat temple,venerated father hears truth from feather of maat in temple,venerated father hears truth from feather of maat in temple
bolt strong the the behind wall of city door stay,door bolt of the city stay strong behind the wall,door bolt of the city stay strong behind the wall
strength heart snake protection sees / force man fear,man sees snake fear heart strength / force protection,man sees snake fear heart strength / force protection
altar god conical loaf / peace (give) temple vessel offering of jar bread loaf,offering loaf of bread conical loaf (give) jar vessel temple god peace / altar,offering loaf of bread conical loaf (give) jar vessel temple god peace / altar
god truth of the seated heart and sees every person,seated god sees the heart and truth of every person,seated god sees the heart and truth of every person
handle life temple offering altar bread peace vessel loaf / of jar with god basket authority,basket with handle offering loaf of bread jar vessel temple god peace / altar life authority,basket with handle offering loaf of bread jar vessel temple god peace / altar life authority
do work / hand forearm life people power strength force,forearm hand power strength / force work do life people,forearm hand power strength / force work do life people
play the great in board senet the king stone house,great king play the senet board in the stone house,great king play the senet board in the stone house
to the king carry jar milk loaf conical and servant,servant carry milk jar and conical loaf to the king,servant carry milk jar and conical loaf to the king
to bread loaf sweet youth of the heart strength give,sweet loaf of bread give strength to the youth heart,sweet loaf of bread give strength to the youth heart
board the lord senet the on venerated road riverbank play,venerated lord play the senet board on the riverbank road,venerated lord play the senet board on the riverbank road
father the soul venerated ba the hear bird of voice,venerated father hear the voice of the soul ba bird,venerated father hear the voice of the soul ba bird
with hold hand handle of grain the basket servant of,hand of servant hold the basket with handle of grain,hand of servant hold the basket with handle of grain
lake loves the woman in beautiful plant the seated lotus,seated woman loves the beautiful lotus plant in the lake,seated woman loves the beautiful lotus plant in the lake
rib stay on altar and the offering belly animal side,animal belly and side rib stay on the offering altar,animal belly and side rib stay on the offering altar
mouth truth feather authority / / heart drink (truth/maat) eat peace speak,mouth eat / drink / speak truth feather (truth/maat) heart peace authority,mouth eat / drink / speak truth feather (truth/maat) heart peace authority
mountain storm make great of above man heart in fear,great storm above mountain make fear in heart of man,great storm above mountain make fear in heart of man
pellet grain life (tills) harvest peace man plows / abundance field,man plows (tills) field grain / pellet harvest abundance life peace,man plows (tills) field grain / pellet harvest abundance life peace
woman to handle the with grain seated basket carry use,seated woman use basket with handle to carry the grain,seated woman use basket with handle to carry the grain
of lord soul give stability the town to djed every,lord of every town give stability djed to the soul,lord of every town give stability djed to the soul
lake above clump fly quail the papyrus chick and swallow,quail chick and swallow fly above the papyrus clump lake,quail chick and swallow fly above the papyrus clump lake
destruction sky storm fear fire crosses power,storm crosses sky fire power fear destruction,storm crosses sky fire power fear destruction
writing with do papyrus on scroll woman leaf seated reed,seated woman do writing on papyrus scroll with reed leaf,seated woman do writing on papyrus scroll with reed leaf
house venerated to give child ankh father life in beautiful,venerated father give life ankh to beautiful child in house,venerated father give life ankh to beautiful child in house
begets house child love youth life birth gives / woman,woman gives birth / begets child youth life house love,woman gives birth / begets child youth life house love
the heart father the of youth beautiful young hear venerated,venerated father hear the heart of the beautiful young youth,venerated father hear the heart of the beautiful young youth
of writing hear truth of mouth do god and scribe,scribe hear mouth of god and do writing of truth,scribe hear mouth of god and do writing of truth
adze temple use of the make man door to bolt,man use adze to make the door bolt of temple,man use adze to make the door bolt of temple
chisel stay field brick and on in adze the the,chisel and adze stay on the brick in the field,chisel and adze stay on the brick in the field
plant content ripple heart / love lake sky sweet peace good lotus life / beautiful water (satisfied),lotus plant lake water ripple beautiful / good life peace / content (satisfied) sweet sky heart love,lotus plant lake water ripple beautiful / good life peace / content (satisfied) sweet sky heart love
from give river life animal sweet water to every belly,sweet water from river give life to every animal belly,sweet water from river give life to every animal belly
repeated the strong plows field man near great river the,strong man plows repeated the field near the great river,strong man plows repeated the field near the great river
love / / beautiful content ripple sweet peace plant (satisfied) life sky heart water good lake lotus,lotus plant lake water ripple beautiful / good life peace / content (satisfied) sweet sky heart love,lotus plant lake water ripple beautiful / good life peace / content (satisfied) sweet sky heart love
hand give horizon lord ankh god of life of to,hand of god give life ankh to lord of horizon,hand of god give life ankh to lord of horizon
handle viper in the basket cobra hide and horned with,horned viper and cobra hide in the basket with handle,horned viper and cobra hide in the basket with handle
the gives ka god of seated spirit king birth to,seated god gives birth to the spirit ka of king,seated god gives birth to the spirit ka of king
to milk jar / heart love give youth house (satisfied) life sweet peace content woman,woman to give milk jar youth life love peace / content (satisfied) sweet house heart,woman to give milk jar youth life love peace / content (satisfied) sweet house heart
grain and field plows man with becomes master of hoe,man with hoe plows field and becomes master of grain,man with hoe plows field and becomes master of grain
bird and of stay head ox altar head on of,head of bird and head of ox stay on altar,head of bird and head of ox stay on altar
make seat use to throne chisel the and man adze,man use adze and chisel to make the seat throne,man use adze and chisel to make the seat throne
drink speak eat throne chick listen hear / / / stability / feather power (truth/maat) people king (djed) authority he quail,quail chick hear / listen people eat / drink / speak feather (truth/maat) authority power stability (djed) he / king throne,quail chick hear / listen people eat / drink / speak feather (truth/maat) authority power stability (djed) he / king
cut grain great in sickle field to the use man,man use sickle to cut grain in the great field,man use sickle to cut grain in the great field
the stay and chisel in adze handle the with basket,chisel and adze stay in the basket with the handle,chisel and adze stay in the basket with the handle
the adze mountain stone use man the to of shape,man use adze to shape the stone of the mountain,man use adze to shape the stone of the mountain
sky star wonder night life thousand beauty,night sky star thousand beauty wonder life,night sky star thousand beauty wonder life
throne do on and king truth hear writing for scribe,scribe hear truth and do writing for king on throne,scribe hear truth and do writing for king on throne
/ deity / life emerges great horizon power sky god (ankh) big,god / deity emerges horizon sky life (ankh) power great / big,god / deity emerges horizon sky life (ankh) power great / big
belly side stay basket rib in animal handle the and,animal belly and side rib stay in the basket handle,animal belly and side rib stay in the basket handle
riverbank people heart / sees ripple / life river satisfy beautiful sweet good peace water,river riverbank people sees life water ripple peace / satisfy heart beautiful / good sweet,river riverbank people sees life water ripple peace / satisfy heart beautiful / good sweet
house to on power king god give in throne seated,seated god on throne give power to king in house,seated god on throne give power to king in house
loaf heart / of bread peace strength water / ripple force life / / speak eat satisfy drink man,man eat / drink / speak loaf of bread water ripple life strength / force heart peace / satisfy,man eat / drink / speak loaf of bread water ripple life strength / force heart peace / satisfy
king stone altar offering the on servant do of the,servant of the king do offering on the stone altar,servant of the king do offering on the stone altar
papyrus power authority leaf scribe / book knowledge writing scroll scribe reed,scribe writing / scribe book papyrus scroll reed leaf knowledge power authority,papyrus scroll writing / scribe book knowledge authority power
young woman loves youth seated beautiful face the the of,seated woman loves the beautiful face of the young youth,seated woman loves the beautiful face of the young youth
milk sweet jar the animal in belly to strength give,sweet milk in jar give strength to the animal belly,sweet milk in jar give strength to the animal belly
writing papyrus scribe scroll the thing the do on of,scribe do writing of the thing on the papyrus scroll,scribe do writing of the thing on the papyrus scroll
shelter old woman the man in house reed stay and,old man and woman stay in the reed shelter house,old man and woman stay in the reed shelter house
like to sky people ba the fly of bird soul,soul ba of people fly to the sky like bird,soul ba of the people fly like bird to sky
of on ox animal and rib stay belly side altar,animal belly and side rib of ox stay on altar,animal belly and side rib of ox stay on altar
the placenta reed through youth mother door see shelter of,mother see placenta of youth through the reed shelter door,mother see placenta of youth through the reed shelter door
to loaf of strength heart give sweet the bread people,sweet loaf of bread give strength to the heart people,sweet loaf of bread give strength to the heart people
opens the authority mighty lord exists of in the city,mighty authority of the lord opens exists in the city,mighty authority of the lord opens exists in the city
stone chisel and field in stay brick on the adze,chisel and adze stay on the stone brick in field,chisel and adze stay on the stone brick in field
of god milk offering servant on of jar do altar,servant of god do offering of milk jar on altar,servant of god do offering of milk jar on altar
exists is / / he peace / house opens great authority gate found) life (or / content mighty king people (satisfied) power,he / king opens / exists (or is found) gate house people peace / content (satisfied) authority power life great / mighty,he / king opens / exists (or is found) gate house people peace / content (satisfied) authority power life great / mighty
wall the hide behind stone brick cobra horned viper and,horned viper and cobra hide behind the stone brick wall,horned viper and cobra hide behind the stone brick wall
throne king give the on town the great power to,king on the throne give power to the great town,king on the throne give power to the great town
see youth mother the the in the heart house of,mother see the heart of the youth in the house,mother see the heart of the youth in the house
/ grain people riverbank harvest field pellet abundance life,riverbank field grain / pellet harvest abundance life people,riverbank field grain / pellet harvest abundance life people
sky birth the star under gives to youth the mother,mother gives birth to the youth under the sky star,mother gives birth to the youth under the sky star
for of the god the opens seated horizon great gate,gate of the horizon opens for the great seated god,gate of the horizon opens for the great seated god
and man chisel work with the on throne adze seat,man with adze and chisel work on the seat throne,man with adze and chisel work on the seat throne
of in spirit ka sky king above become horizon star,spirit ka of king become star in sky above horizon,spirit ka of king become star in sky above horizon
use and gate chisel temple the stone to make scribe,scribe use chisel and stone to make the temple gate,scribe use chisel and stone to make the temple gate
belly of hand altar animal carry servant the great to,hand of servant carry animal belly to the great altar,hand of servant carry animal belly to the great altar
bread of do offering on king of altar stone hand,hand of king do offering of bread on stone altar,hand of king do offering of bread on stone altar
on stone near and chisel the the temple stay adze,chisel and adze stay on the stone near the temple,chisel and adze stay on the stone near the temple
head authority of the of mighty bird lord stay with,mighty authority of lord stay with the head of bird,mighty authority of lord stay with the head of bird
town to people give lord of the peace content every,lord of every town give peace content to the people,lord of every town give peace content to the people
peace great house in fire give in hearth to people,great fire in hearth give peace to people in house,great fire in hearth give peace to people in house
do for lord peace content altar on of life offering,lord of life do offering on altar for peace content,lord of life do offering on altar for peace content
gate horizon of the for opens seated the great god,gate of the horizon opens for the great seated god,gate of the horizon opens for the great seated god
authority king river above mighty of great mountain become like,mighty authority of king become great like mountain above river,mighty authority of king become great like mountain above river
grain loaf with and handle people every hold basket for,basket with handle hold grain and loaf for every people,basket with handle hold grain and loaf for every people
man fear snake / heart force protection strength sees,man sees snake fear heart strength / force protection,man sees snake fear heart strength / force protection
milk servant sweet jar master all of the give to,servant give sweet milk jar to the master of all,servant give sweet milk jar to the master of all
viper handle near in horned hide with brick basket the,horned viper hide in the basket with handle near brick,horned viper hide in the basket with handle near brick
head ox bird and of of head altar on stay,head of ox and head of bird stay on altar,head of bird and head of ox stay on altar
of above the fly father ba soul great mountain the,soul ba of the father fly above the great mountain,soul ba of the father fly above the great mountain
the no hide can water negation papyrus in clump snake,negation no snake can hide in the papyrus clump water,negation no snake can hide in the papyrus clump water
father soul above ba great mountain the of the fly,soul ba of the father fly above the great mountain,soul ba of the father fly above the great mountain
father bread eat reed loaf of shelter near venerated the,venerated father eat loaf of bread near the reed shelter,venerated father eat loaf of bread near the reed shelter
handle adze chisel in basket and the with the stay,chisel and adze stay in the basket with the handle,chisel and adze stay in the basket with the handle
lake the beautiful grow clump papyrus lotus and near plant,beautiful lotus plant and papyrus clump grow near the lake,beautiful lotus plant and papyrus clump grow near the lake
the drink man sweet from jar old temple milk in,old man drink sweet milk from the jar in temple,old man drink sweet milk from the jar in temple
hide basket in with and horned the viper cobra handle,cobra and horned viper hide in the basket with handle,cobra and horned viper hide in the basket with handle
temple loaf carry altar stone servant conical the to the,servant carry the conical loaf to the stone temple altar,servant carry the conical loaf to the stone temple altar
animal on of belly and rib stay altar ox side,animal belly and side rib of ox stay on altar,animal belly and side rib of ox stay on altar
strong man with near field the hoe plows the lake,strong man with the hoe plows the field near lake,strong man with the hoe plows the field near lake
the brick stay adze and the chisel on near horizon,chisel and adze stay on the brick near the horizon,chisel and adze stay on the brick near the horizon
/ good sees ripple beautiful riverbank river sweet peace satisfy heart people life water /,river riverbank people sees life water ripple peace / satisfy heart beautiful / good sweet,river riverbank people sees life water ripple peace / satisfy heart beautiful / good sweet
venerated seat throne the lord above stay city in the,venerated lord stay in the seat throne above the city,venerated lord stay in the seat throne above the city
and fly quail papyrus chick the bird to swallow clump,quail chick and swallow bird fly to the papyrus clump,swallow bird and quail chick fly to the papyrus clump
for temple of the opens door of god soul bolt,door bolt of temple opens for the soul of god,door bolt of temple opens for the soul of god
(djed) truth people authority law stability speak king hears,king hears people speak truth authority law stability (djed),king hears people speak truth authority law stability (djed)
gather peace temple offering people god blessing,people gather temple offering peace god blessing,people gather temple offering peace god blessing
desert the stay power lord of mighty slope hill above,mighty power of lord stay above the desert hill slope,mighty power of lord stay above the desert hill slope
in town writing do the book of of scribe grain,scribe of town do writing of grain in the book,scribe of town do writing of grain in the book
great mighty city power seat authority throne sedge / people life (djed) throne town / stability (king) /,sedge (king) authority power throne seat / throne people city / town stability (djed) great / mighty life,sedge (king) authority power throne seat / throne people city / town stability (djed) great / mighty life
face star soul sky (ba) emerge body / west upon from,soul (ba) emerge from body face / upon sky star west,soul (ba) emerge from body face / upon sky star west
master city the play with the senet lord of board,lord of the city play the senet board with master,lord of the city play the senet board with master
the see the in placenta of house the mother youth,mother see the placenta of the youth in the house,mother see the placenta of the youth in the house
milk sweet jar belly the to strength animal give in,sweet milk in jar give strength to the animal belly,sweet milk in jar give strength to the animal belly
pillar of ka the backbone master spirit stay in of,spirit ka of master stay in the backbone of pillar,spirit ka of master stay in the backbone of pillar
basket the viper handle horned cobra and in with hide,cobra and horned viper hide in the basket with handle,horned viper and cobra hide in the basket with handle
the stone servant conical loaf the to altar temple carry,servant carry the conical loaf to the stone temple altar,servant carry the conical loaf to the stone temple altar
of man ba behind hears god soul mountain great old,old man hears soul ba of great god behind mountain,old man hears soul ba of great god behind mountain
(djed) people big old throne authority heart grandfather life pillar / stability man great / power,old man pillar / grandfather authority people life heart power great / big stability (djed) throne,old man pillar / grandfather authority people life heart power great / big stability (djed) throne
above the desert mighty of god hill stay authority the,mighty authority of the god stay above the desert hill,mighty authority of the god stay above the desert hill
fear become man / strength storm power life great heart / force to fire big,heart fear storm fire strength / force man life to become power great / big,heart fear storm fire strength / force man life to become power great / big
content town / authority deity peace gives (ankh) (satisfied) great / begets power life / birth / / city mighty temple people god,god / deity gives birth / begets life (ankh) people city / town temple authority power great / mighty peace / content (satisfied,god / deity gives birth / begets life (ankh) people city / town temple authority power great / mighty peace / content (satisf
town the lord content give people peace every of to,lord of every town give peace content to the people,lord of every town give peace content to the people
the the vessel on to city carry water great grain,vessel on the water carry grain to the great city,vessel on the water carry grain to the great city
the bird father like horizon ba of fly above soul,soul ba of father fly above the horizon like bird,soul ba of father fly above the horizon like bird
near and adze chisel horizon the stay on the brick,chisel and adze stay on the brick near the horizon,chisel and adze stay on the brick near the horizon
fly to the of ba like king star soul swallow,soul ba of king fly like swallow to the star,soul ba of king fly like swallow to the star
storm fear sky crosses power destruction fire,storm crosses sky fire power fear destruction,storm crosses sky fire power fear destruction
lord mighty the riverbank stay above of road authority the,mighty authority of the lord stay above the riverbank road,mighty authority of the lord stay above the riverbank road
horizon life west to star become underground ka soul (spirit) (ba) sky power,ka (spirit) soul (ba) life to become west underground star sky horizon power,ka (spirit) soul (ba) life to become west underground star sky horizon power
spirit youth loves beautiful ka the of the young mother,spirit ka of the mother loves the beautiful young youth,spirit ka of the mother loves the beautiful young youth
town gate of near hold rope vessel the tethering the,tethering rope hold the vessel near the gate of town,tethering rope hold the vessel near the gate of town
the road man strong the field with repeated plows hoe,strong man with the hoe plows repeated the field road,strong man with the hoe plows repeated the field road
clump birth mother near youth great gives papyrus the to,mother gives birth to youth near the great papyrus clump,mother gives birth to youth near the great papyrus clump
adze chisel side and stay of the on rib animal,chisel and adze stay on the side rib of animal,chisel and adze stay on the side rib of animal
play board great every of the town senet lord game,great lord of every town play the senet board game,great lord of every town play the senet board game
offering authority altar of temple force life ox power / peace head strength / god,head of ox strength / force power god temple offering peace / altar life authority,head of ox strength / force power god temple offering peace / altar life authority
sweet / birth house love begets gives mother youth peace woman life,mother woman gives birth / begets youth life house love peace sweet,mother woman gives birth / begets youth life house love peace sweet
to the use throne chisel on do scribe stone writing,scribe use chisel to do writing on the stone throne,scribe use chisel to do writing on the stone throne
man star face sky / eye sweet sees love life upon heart,man sees eye face / upon sky star sweet life heart love,man sees eye face / upon sky star sweet life heart love
scroll writes scribe book papyrus authority power knowledge,scribe writes book papyrus scroll knowledge power authority,scribe writes book papyrus scroll knowledge power authority
desert master hill great above stay ka spirit of the,spirit ka of master stay above the great desert hill,spirit ka of master stay above the great desert hill
sky peace temple grandfather life stability / (djed) god mighty great power authority / pillar,temple pillar / grandfather god authority power stability (djed) peace life great / mighty sky,temple pillar / grandfather god authority power stability (djed) peace life great / mighty sky
fly and quail swallow clump to the bird papyrus chick,quail chick and swallow bird fly to the papyrus clump,quail chick and swallow bird fly to the papyrus clump
king of near gate city the board play senet great,great king of city play senet board near the gate,great king of city play senet board near the gate
of write town on brick the of god name scribe,scribe of town write the name of god on brick,scribe of town write the name of god on brick
offering animal belly stay on altar the rib side and,animal belly and side rib stay on the offering altar,side rib and animal belly stay on the offering altar
become every great throne on scarab king seated above power,scarab become great power on throne above every seated king,scarab become great power on throne above every seated king
the young youth the hear of beautiful venerated father heart,venerated father hear the heart of the beautiful young youth,venerated father hear the heart of the beautiful young youth
stay on stool chisel temple adze the mat in and,chisel and adze stay on the stool mat in temple,chisel and adze stay on the stool mat in temple
lotus and near the clump lake grow papyrus plant beautiful,beautiful lotus plant and papyrus clump grow near the lake,beautiful lotus plant and papyrus clump grow near the lake
woman the young seated the beautiful loves of face youth,seated woman loves the beautiful face of the young youth,seated woman loves the beautiful face of the young youth
the hold to twisted flax servant of hand field measure,hand of servant hold twisted flax to measure the field,hand of servant hold twisted flax to measure the field
power (djed) stability control tethering rope animal strength belly force rope /,rope tethering rope animal belly control power strength / force stability (djed),rope tethering rope animal belly control power strength / force stability (djed)
man seat use king of adze the to throne make,man use adze to make the seat throne of king,man use adze to make the seat throne of king
spirit of venerated father ka the birth youth to gives,venerated father gives birth to the spirit ka of youth,venerated father gives birth to the spirit ka of youth
(satisfied) god deity town / people / (ankh) peace begets / / content gives / birth mighty city power temple life great authority,god / deity gives birth / begets life (ankh) people city / town temple authority power great / mighty peace / content (satisfied,god / deity gives birth / begets life (ankh) people city / town temple authority power great / mighty peace / content (satisf
lake the grow plant the near of beautiful water lotus,beautiful lotus plant grow near the water of the lake,beautiful lotus plant grow near the water of the lake
gate to flax twisted bind temple use great man the,man use twisted flax to bind the great temple gate,man use twisted flax to bind the great temple gate
of father ba fly riverbank great road the soul above,soul ba of father fly above the great riverbank road,soul ba of father fly above the great riverbank road
and horned wall cobra behind brick viper the stone hide,horned viper and cobra hide behind the stone brick wall,horned viper and cobra hide behind the stone brick wall
carry vessel papyrus to river on house scribe scroll the,vessel on river carry papyrus scroll to the scribe house,vessel on river carry papyrus scroll to the scribe house
writing and do scribe temple truth for god in hear,scribe hear truth and do writing for god in temple,scribe hear truth and do writing for god in temple
stay stone the adze near chisel on stool and mat,chisel and adze stay on the stool mat near stone,chisel and adze stay on the stool mat near stone
horizon in great become very fire red desert the make,great fire in desert make the horizon become very red,great fire in desert make the horizon become very red
plows strong lake the hoe with the near field man,strong man with the hoe plows the field near lake,strong man with the hoe plows the field near lake
the horizon opens the gate for spirit of of king,gate of the horizon opens for the spirit of king,gate of the horizon opens for the spirit of king
of god offering with life every lord handle temple / power bread authority basket altar peace / loaf,basket with handle lord / every offering loaf of bread temple god peace / altar life power authority,basket with handle lord / every offering loaf of bread temple god peace / altar life power authority
to the life river sweet give the from plant water,sweet water from the river give life to the plant,sweet water from the river give life to the plant
peace house / good / people reed clump heart big life beautiful shelter / content papyrus sweet (satisfied) great,papyrus clump reed shelter house people life peace / content (satisfied) sweet beautiful / good heart great / big,papyrus clump reed shelter house people life peace / content (satisfied) sweet beautiful / good heart great / big
the temple servant the to conical carry altar stone loaf,servant carry the conical loaf to the stone temple altar,servant carry the conical loaf to the stone temple altar
negation peace / fear life (satisfied) beautiful satisfy heart sweet / woman good peace (no/not) / man content,negation (no/not) fear heart peace / satisfy life sweet beautiful / good peace / content (satisfied) man woman,negation (no/not) fear heart peace / satisfy life sweet beautiful / good peace / content (satisfied) man woman
old of man ka beautiful become spirit youth with power,beautiful youth become old man with power of spirit ka,beautiful youth become old man with power of spirit ka
behind the the brick stay big gate city wall of,gate of the city stay behind the big brick wall,gate of the city stay behind the big brick wall
on vessel scribe house scroll river the carry to papyrus,vessel on river carry papyrus scroll to the scribe house,vessel on river carry papyrus scroll to the scribe house
basket and with in adze the handle chisel stay the,chisel and adze stay in the basket with the handle,chisel and adze stay in the basket with the handle
with scribe and on chisel writing stone great hand do,great scribe do writing on stone with chisel and hand,great scribe do writing on stone with chisel and hand
the senet board use folded cover to man beautiful cloth,man use folded cloth to cover the beautiful senet board,man use folded cloth to cover the beautiful senet board
of djed mighty king backbone to give land the stability,mighty backbone of king give stability djed to the land,mighty backbone of king give stability djed to the land
birth on king law gives throne to sedge the the,sedge king on the throne gives birth to the law,sedge king on the throne gives birth to the law
west underground life star to soul (ba) horizon mountain sky power become,west underground mountain soul (ba) life star sky to become horizon power,west underground mountain soul (ba) life star sky to become horizon power
peace temple force head life of god power / / authority altar ox offering strength,head of ox strength / force power god temple offering peace / altar life authority,head of ox strength / force power god temple offering peace / altar life authority
on side adze of rib stay and animal chisel the,chisel and adze stay on the side rib of animal,chisel and adze stay on the side rib of animal
of the gate god horizon the opens great for seated,gate of the horizon opens for the great seated god,gate of the horizon opens for the great seated god
the god above desert mighty of hill authority great stay,mighty authority of god stay above the great desert hill,mighty authority of god stay above the great desert hill
lake hoe tills the near the plows with man field,man with the hoe plows tills the field near lake,man with the hoe plows tills the field near lake
the light great to give fire god temple in seated,great fire in temple give light to the seated god,great fire in temple give light to the seated god
father the desert hill soul ba to the fly of,soul ba of the father fly to the desert hill,soul ba of the father fly to the desert hill
the of mother door see youth reed placenta shelter through,mother see placenta of youth through the reed shelter door,mother see placenta of youth through the reed shelter door
on of scribe papyrus the scroll thing writing the do,scribe do writing of the thing on the papyrus scroll,scribe do writing of the thing on the papyrus scroll
on the servant king of fire do of altar offering,servant of king do offering of fire on the altar,servant of king do offering of fire on the altar
lake beauty calm star reflects peace sky,lake reflects sky star beauty calm peace,lake reflects sky star beauty calm peace
man the old jar drink and woman from milk milk,old man and woman drink milk from the milk jar,old man and woman drink milk from the milk jar
snake emerge near road and cobra from the the field,snake and cobra emerge from the field near the road,snake and cobra emerge from the field near the road
mighty djed king land backbone to of the give stability,mighty backbone of king give stability djed to the land,mighty backbone of king give stability djed to the land
god the give venerated to life the seated ankh father,venerated father give the life ankh to the seated god,venerated father give the life ankh to the seated god
the voice of papyrus of town on people scribe write,scribe of town write the voice of people on papyrus,scribe of town write the voice of people on papyrus
board play bread of eat senet man loaf while he,man play senet board while he eat loaf of bread,man play senet board while he eat loaf of bread
law authority hears stability truth people (djed) king speak,king hears people speak truth authority law stability (djed),king hears people speak truth authority law stability (djed)
beautiful mother spirit the give youth to ka love of,spirit ka of mother give love to the beautiful youth,spirit ka of mother give love to the beautiful youth
venerated star father the sees slope the above desert hill,venerated father sees the star above the desert hill slope,venerated father sees the star above the desert hill slope
tills plows with man strong the field the hoe lake,strong man with the hoe plows tills the field lake,strong man with the hoe plows tills the field lake
stay three with in fox handle the skins basket the,three fox skins stay in the basket with the handle,three fox skins stay in the basket with the handle
youth ka man become beautiful with power of spirit old,beautiful youth become old man with power of spirit ka,beautiful youth become old man with power of spirit ka
king of heart the speak of god to the mouth,mouth of god speak to the heart of the king,mouth of god speak to the heart of the king
writing the grain of town in book do of scribe,scribe of town do writing of grain in the book,scribe of town do writing of grain in the book
and clump chick fly lake quail papyrus above the swallow,quail chick and swallow fly above the papyrus clump lake,quail chick and swallow fly above the papyrus clump lake
desert of master the above stay spirit ka hill great,spirit ka of master stay above the great desert hill,spirit ka of master stay above the great desert hill
stay desert mighty of above hill master authority the strong,mighty authority of master stay strong above the desert hill,mighty authority of master stay strong above the desert hill
backbone strength plows with the of man old great field,old man with backbone of strength plows the great field,old man with backbone of strength plows the great field
/ hill star force mountain fear horizon strength desert power sky,mountain desert hill horizon sky star fear power strength / force,mountain desert hill horizon sky star fear power strength / force
board senet in play stone the house king the great,great king play the senet board in the stone house,great king play the senet board in the stone house
to star horizon bird life sky sees soul of head become (ba),head of bird sees sky horizon star life soul (ba) to become,head of bird sees sky horizon star life soul (ba) to become
great mountain of in storm above fear man make heart,great storm above mountain make fear in heart of man,great storm above mountain make fear in heart of man
all lord every becomes great of king of basket city,great king of city becomes lord of every basket all,great king of city becomes lord of every basket all
the of man eye no authority can hide from negation,negation no man can hide from the eye of authority,negation no man can hide from the eye of authority
milk jar and old woman man house the drink from,old man and woman drink from the milk jar house,old man and woman drink from the milk jar house
with hoe field plows the man strong the road riverbank,strong man with the hoe plows the riverbank field road,strong man with the hoe plows the riverbank field road
seat adze the to beautiful for use god man make,man use adze to make the beautiful seat for god,man use adze to make the beautiful seat for god
people seated authority city temple / throne king holds town power,seated king holds authority power throne temple people city / town,seated king holds authority power throne temple people city / town
eat he board bread of while loaf play senet man,man play senet board while he eat loaf of bread,man play senet board while he eat loaf of bread
sees ka temple spirit eye father of of truth in,spirit ka of father sees eye of truth in temple,spirit ka of father sees eye of truth in temple
jar the milk drink old man sweet in from temple,old man drink sweet milk from the jar in temple,old man drink sweet milk from the jar in temple
on strength of use adze stone with the man backbone,man with backbone of strength use adze on the stone,man with backbone of strength use adze on the stone
jars in house rack of in stay scribe the the,jars in rack stay in the house of the scribe,jars in rack stay in the house of the scribe
writing do master thing of scribe of mouth hear and,scribe hear mouth of master and do writing of thing,scribe hear mouth of master and do writing of thing
peace people blessing offering temple god gather,people gather temple offering peace god blessing,people gather temple offering peace god blessing
skins with the three shelter reed man stay behind fox,man with three fox skins stay behind the reed shelter,man with three fox skins stay behind the reed shelter
king djed the give lord of stability all to seated,lord of all give stability djed to the seated king,lord of all give stability djed to the seated king
leaf writing hold of thing do hand reed to scribe,hand of scribe hold reed leaf to do writing thing,hand of scribe hold reed leaf to do writing thing
hoe river strong field the with the plows near man,strong man with the hoe plows the field near river,strong man with the hoe plows the field near river
of mother ka beautiful heart youth spirit loves the of,spirit ka of mother loves the heart of beautiful youth,spirit ka of mother loves the heart of beautiful youth
lotus plant loves milk and seated the the woman beautiful,seated woman loves the beautiful lotus plant and the milk,seated woman loves the beautiful lotus plant and the milk
the djed mighty of backbone land king stability to give,mighty backbone of king give stability djed to the land,mighty backbone of king give stability djed to the land
strong hoe riverbank plows with tills man field the the,strong man with the hoe plows tills the field riverbank,strong man with the hoe plows tills the field riverbank
in on seated throne to god give power king house,seated god on throne give power to king in house,seated god on throne give power to king in house
horizon of become spirit ka king above star sky in,spirit ka of king become star in sky above horizon,spirit ka of king become star in sky above horizon
night wonder beauty life thousand star sky,night sky star thousand beauty wonder life,night sky star thousand beauty wonder life
great on fox the skins wear king three throne seat,great king wear three fox skins on the seat throne,great king wear three fox skins on the seat throne
chisel and great writing with hand stone do on scribe,great scribe do writing on stone with chisel and hand,great scribe do writing on stone with chisel and hand
near horned door viper brick hide bolt the in the,horned viper hide in the brick near the door bolt,horned viper hide in the brick near the door bolt
voice man the star no negation hear can the of,negation no man can hear the voice of the star,negation no man can hear the voice of the star
star bird horizon to like soul fly above become swallow,swallow bird fly above horizon like soul to become star,swallow bird fly above horizon like soul to become star
stay the bolt behind door the of wall city strong,door bolt of the city stay strong behind the wall,door bolt of the city stay strong behind the wall
peace begets house love heart / life placenta gives woman birth mother sweet,placenta gives birth / begets life mother woman house love peace sweet heart,placenta gives birth / begets life mother woman house love peace sweet heart
the god of the hold great authority of hand king,hand of king hold the authority of the great god,hand of king hold the authority of the great god
board senet play the stone top king great upon mountain,great king play senet board upon the mountain top stone,great king play senet board upon the mountain top stone
near in viper horned the basket brick handle with hide,horned viper hide in the basket with handle near brick,horned viper hide in the basket with handle near brick
and for town of hand great thing do king city,hand of king do great thing for city and town,hand of king do great thing for city and town
beautiful chick plant and swallow quail the lotus fly above,quail chick and swallow fly above the beautiful lotus plant,quail chick and swallow fly above the beautiful lotus plant
make storm great above heart mountain man of in fear,great storm above mountain make fear in heart of man,great storm above mountain make fear in heart of man
gate bolt child mother content peace / (satisfied) father door love life house,father mother love child life house gate door bolt peace / content (satisfied),father mother love child life house gate door bolt peace / content (satisfied)
mighty of authority desert above the hill god stay the,mighty authority of the god stay above the desert hill,mighty authority of the god stay above the desert hill
shelter and carry reed loaf the the servant to jar,servant carry the jar and loaf to the reed shelter,servant carry the jar and loaf to the reed shelter
of the skins father stay three back fox the on,three fox skins stay on the back of the father,three fox skins stay on the back of the father
in temple grow water gate plant beautiful of lotus near,beautiful lotus plant grow in water near gate of temple,beautiful lotus plant grow in water near gate of temple
eye the hide no can snake from king of negation,negation no snake can hide from the eye of king,negation no snake can hide from the eye of king
power people make mighty on fear storm of sky riverbank,mighty storm on riverbank make people fear power of sky,mighty storm on riverbank make people fear power of sky
statue stay the on bird chisel adze and soul ba,chisel and adze stay on the soul ba bird statue,chisel and adze stay on the soul ba bird statue
in to give house fire in people great peace hearth,great fire in hearth give peace to people in house,great fire in hearth give peace to people in house
can stay behind ka no the spirit gate negation forever,negation no spirit ka can stay behind the gate forever,negation no spirit ka can stay behind the gate forever
do strength stone / big hand authority cut power force great / cross chisel,cross cut stone chisel do hand strength / force power great / big authority,cross cut stone chisel do hand strength / force power great / big authority
the seated voice quail of house chick hear in woman,seated woman in house hear voice of the quail chick,seated woman in house hear voice of the quail chick
house in the the great board senet play king stone,great king play the senet board in the stone house,great king play the senet board in the stone house
place in mother placenta the temple of youth house great,mother place placenta of youth in the great temple house,mother place placenta of youth in the great temple house
above mountain king become great of river mighty authority like,mighty authority of king become great like mountain above river,mighty authority of king become great like mountain above river
on make fear power the storm the people riverbank strong,strong storm on the riverbank make the people fear power,strong storm on the riverbank make the people fear power
pillar stay of backbone the in master ka spirit djed,spirit ka of master stay in the backbone djed pillar,spirit ka of master stay in the backbone djed pillar
of fox servant place hand skins under stool the three,hand of servant place three fox skins under the stool,hand of servant place three fox skins under the stool
sweet lake the in spirit beautiful plant become to lotus,beautiful lotus plant in lake become sweet to the spirit,beautiful lotus plant in lake become sweet to the spirit
and jar house in from man senet drink play board,man play senet board and drink from jar in house,man play senet board and drink from jar in house
man senet master board king the play sedge with old,sedge king play senet board with the old man master,sedge king play senet board with the old man master
gate of great board senet city near play the king,great king of city play senet board near the gate,great king of city play senet board near the gate
youth placenta shelter door mother through reed see the of,mother see placenta of youth through the reed shelter door,mother see placenta of youth through the reed shelter door
he king birth horizon sky life life begets / above gives / (ankh),he / king gives birth / begets life life (ankh) above horizon sky,he / king gives birth / begets life life (ankh) above horizon sky
fire peace house hearth great in people give to in,great fire in hearth give peace to people in house,great fire in hearth give peace to people in house
soul bolt of of door opens for temple god the,door bolt of temple opens for the soul of god,door bolt of temple opens for the soul of god
hill desert the ka stay of master great above spirit,spirit ka of master stay above the great desert hill,spirit ka of master stay above the great desert hill
make storm desert mountain great dark the the hill above,great storm above the mountain make the desert hill dark,great storm above the mountain make the desert hill dark
becomes great city the the of lord road king of,great king of the city becomes lord of the road,great king of the city becomes lord of the road
people give loaf to strength heart the sweet bread of,sweet loaf of bread give strength to the heart people,sweet loaf of bread give strength to the heart people
the youth the placenta mother the of in house see,mother see the placenta of the youth in the house,mother see the placenta of the youth in the house
peace / field river abundance riverbank people / pellet life satisfy grain,river riverbank field grain / pellet people life abundance peace / satisfy,river riverbank field grain / pellet people life abundance peace / satisfy
mountain father of slope above ba great soul fly the,soul ba of father fly above the great mountain slope,soul ba of father fly above the great mountain slope
chisel scribe use temple the stone to make gate and,scribe use chisel and stone to make the temple gate,scribe use chisel and stone to make the temple gate
rib belly side on the and altar great stay animal,animal belly and side rib stay on the great altar,animal belly and side rib stay on the great altar
servant the stone do the offering king altar on of,servant of the king do offering on the stone altar,servant of the king do offering on the stone altar
of god soul man great mountain ba behind old hears,old man hears soul ba of great god behind mountain,old man hears soul ba of great god behind mountain
do god hear and truth of of scribe mouth writing,scribe hear mouth of god and do writing of truth,scribe hear mouth of god and do writing of truth
heart the mother beautiful loves gold the with youth of,mother loves the beautiful youth with the heart of gold,mother loves the beautiful youth with the heart of gold
on the skins back vessel the of stay fox three,three fox skins stay on the back of the vessel,three fox skins stay on the back of the vessel
authority (djed) town fear stability / club great force mighty / power strength city people / strong,club fear people city / town power authority strength / force strong great / mighty stability (djed),club fear people city / town power authority strength / force strong great / mighty stability (djed)
bread of hand offering king do altar on of stone,hand of king do offering of bread on stone altar,hand of king do offering of bread on stone altar
town every ankh to of the life people give lord,lord of every town give life ankh to the people,lord of every town give life ankh to the people
ba of voice the father soul venerated bird the hear,venerated father hear the voice of the soul ba bird,venerated father hear the voice of the soul ba bird
bread board of eat loaf play while man he senet,man play senet board while he eat loaf of bread,man play senet board while he eat loaf of bread
the hold riverbank the near road vessel rope tethering great,tethering rope hold the vessel near the great riverbank road,tethering rope hold the vessel near the great riverbank road
to great mighty underground star scarab become west sky / horizon become / soul (ba) life,scarab / become to become life soul (ba) west underground star sky horizon great / mighty,scarab / become to become life soul (ba) west underground star sky horizon great / mighty
king / / mighty life exists (or house gate power content peace authority he / people (satisfied) opens great / is found),he / king opens / exists (or is found) gate house people peace / content (satisfied) authority power life great / mighty,he / king opens / exists (or is found) gate house people peace / content (satisfied) authority power life great / mighty
ka spirit stay city of the above strong master the,spirit ka of the master stay strong above the city,spirit ka of the master stay strong above the city
hand tie servant three fox skins flax twisted of with,hand of servant tie three fox skins with twisted flax,hand of servant tie three fox skins with twisted flax
hand of horizon life give ankh of god lord to,hand of god give life ankh to lord of horizon,hand of god give life ankh to lord of horizon
ka loaf life bread spirit sweet give the to of,sweet loaf of bread give life to the spirit ka,sweet loaf of bread give life to the spirit ka
rope rope hand man coil hold of of tethering and,hand of man hold coil of rope and tethering rope,hand of man hold coil of rope and tethering rope
chick river and in papyrus quail lake near clump hide,quail chick hide in papyrus clump near river and lake,quail chick hide in papyrus clump near river and lake
is road gate peace authority exists life power people / found) do town (or opens,gate opens / exists (or is found) road town people do life peace authority power,gate opens / exists (or is found) road town people do life peace authority power
heart house youth mother the the see in of the,mother see the heart of the youth in the house,mother see the heart of the youth in the house
ankh god the to father life seated venerated the give,venerated father give the life ankh to the seated god,venerated father give the life ankh to the seated god
people hear / listen sees fear law king authority power,king sees people hear / listen fear power authority law,king sees people hear / listen fear power authority law
god the desert stay great above mighty authority of hill,mighty authority of god stay above the great desert hill,mighty authority of god stay above the great desert hill
swallow quail the chick fly clump papyrus water and above,quail chick and swallow fly above the papyrus clump water,quail chick and swallow fly above the papyrus clump water
plant the lotus seated the star woman and beautiful loves,seated woman loves the beautiful lotus plant and the star,seated woman loves the beautiful lotus plant and the star
work force strength life power hand forearm / do people,forearm hand power strength / force work do life people,forearm hand power strength / force work do life people
mountain (ba) star to power life west horizon sky underground soul become,west underground mountain soul (ba) life star sky to become horizon power,west underground mountain soul (ba) life star sky to become horizon power
of in negation king heart the stay the fear no,negation no fear stay in the heart of the king,negation no fear stay in the heart of the king
great mountain life hill lake river big water slope sweet / peace sky content ripple (satisfied) /,mountain hill slope river lake water ripple life peace / content (satisfied) sweet sky great / big,mountain hill slope river lake water ripple life peace / content (satisfied) sweet sky great / big
venerated shelter father near bread the reed eat of loaf,venerated father eat loaf of bread near the reed shelter,venerated father eat loaf of bread near the reed shelter
ka man no spirit the in house can negation see,negation no man can see the spirit ka in house,negation no man can see the spirit ka in house
the to give near the placenta road earth riverbank mother,mother give placenta to the earth near the riverbank road,mother give placenta to the earth near the riverbank road
mighty temple town / stability city throne power / god (djed) great deity /,god / deity great / mighty power stability (djed) throne temple city / town,god / deity great / mighty power stability (djed) throne temple city / town
power hear king people listen fear / authority law sees,king sees people hear / listen fear power authority law,king sees people hear / listen fear power authority law
beautiful lotus the chick above quail and plant fly swallow,quail chick and swallow fly above the beautiful lotus plant,quail chick and swallow fly above the beautiful lotus plant
altar for life peace lord on of offering content do,lord of life do offering on altar for peace content,lord of life do offering on altar for peace content
big (tills) peace heart / / great life field plows people / force grain strength power pellet,plows (tills) field grain / pellet people life strength / force peace great / big heart power,plows (tills) field grain / pellet people life strength / force peace great / big heart power
mighty power of of the authority life stay lord with,mighty power of authority stay with the lord of life,mighty power of authority stay with the lord of life
star negation voice man no the can of the hear,negation no man can hear the voice of the star,negation no man can hear the voice of the star
the lotus the woman loves in plant seated beautiful water,seated woman loves the beautiful lotus plant in the water,seated woman loves the beautiful lotus plant in the water
milk man ripple speak loaf / drink bread eat of peace / / jar water satisfy,man eat / drink / speak loaf of bread milk jar water ripple peace / satisfy,man eat / drink / speak loaf of bread milk jar water ripple peace / satisfy
strong plows repeated man the the great river near field,strong man plows repeated the field near the great river,strong man plows repeated the field near the great river
stay rib altar offering belly on the animal side and,animal belly and side rib stay on the offering altar,animal belly and side rib stay on the offering altar
power rope animal belly / stability rope force control (djed) tethering strength,rope tethering rope animal belly control power strength / force stability (djed),rope tethering rope animal belly control power strength / force stability (djed)
lord ka heart of of temple in god sees spirit,spirit ka of god sees heart of lord in temple,spirit ka of god sees heart of lord in temple
seated woman in lake plant loves the lotus the beautiful,seated woman loves the beautiful lotus plant in the lake,seated woman loves the beautiful lotus plant in the lake
field tills the the field plows man strong with hoe,strong man with the hoe plows tills the field field,strong man with the hoe plows tills the field field
road tills field hoe man the with strong plows the,strong man with the hoe plows tills the field road,strong man with the hoe plows tills the field road
offering enters temple god gate peace opens altar,temple gate opens god enters peace altar offering,temple gate opens god enters peace altar offering
king on house to god seated give throne in power,seated god on throne give power to king in house,seated god on throne give power to king in house
(satisfied) house woman love content woman seated life peace / bolt gate door,woman seated woman house gate door bolt life love peace / content (satisfied),woman seated woman house gate door bolt life love peace / content (satisfied)
drink woman the house and milk old jar man from,old man and woman drink from the milk jar house,old man and woman drink from the milk jar house
writing scribe of truth the king of do hand for,hand of scribe do writing of truth for the king,hand of scribe do writing of truth for the king
exists gate / is house people opens found) enter peace (or,house gate opens / exists (or is found) people enter peace,house gate opens / exists (or is found) people enter peace
great ba father above the soul the of fly mountain,soul ba of the father fly above the great mountain,soul ba of the father fly above the great mountain
god bread vessel / give power to life peace altar jar of temple offering loaf,offering to give loaf of bread jar vessel god temple peace / altar life power,offering to give loaf of bread jar vessel god temple peace / altar life power
life youth give people to great like to father king,great king give life to people like father to youth,great king give life to people like father to youth
servant jar and carry the bread to milk old man,servant carry milk jar and bread to the old man,servant carry milk jar and bread to the old man
/ (ba) face body soul west from star emerge sky upon,soul (ba) emerge from body face / upon sky star west,soul (ba) emerge from body face / upon sky star west
people house do hand authority big / great servant peace life power,servant people house do hand life power authority peace great / big,servant people house do hand life power authority peace great / big
riverbank hill mountain behind great stay the and desert slope,great mountain and desert hill slope stay behind the riverbank,great mountain and desert hill slope stay behind the riverbank
in brick near with hide the viper horned basket handle,horned viper hide in the basket with handle near brick,horned viper hide in the basket with handle near brick
the great dark sky the storm desert make hill above,great storm above the desert hill make the sky dark,great storm above the desert hill make the sky dark
the servant sweet of to all master jar give milk,servant give sweet milk jar to the master of all,servant give sweet milk jar to the master of all
the heart seated of sees every truth person and god,seated god sees the heart and truth of every person,seated god sees the heart and truth of every person
no can hear man the star negation voice the of,negation no man can hear the voice of the star,negation no man can hear the voice of the star
hoe of becomes master field with grain and man plows,man with hoe plows field and becomes master of grain,man with hoe plows field and becomes master of grain
truth face sees heart upon eye beauty (truth/maat) peace / life feather,eye sees face / upon beauty truth feather (truth/maat) heart peace life,eye sees face / upon beauty truth feather (truth/maat) heart peace life
and milk the drink man old woman jar from house,old man and woman drink from the milk jar house,old man and woman drink from the milk jar house
/ peace people authority / great king / life power exists found) (satisfied) (or / opens he mighty content gate is house,he / king opens / exists (or is found) gate house people peace / content (satisfied) authority power life great / mighty,he / king opens / exists (or is found) gate house people peace / content (satisfied) authority power life great / mighty
clump near birth to gives papyrus youth great mother the,mother gives birth to youth near the great papyrus clump,mother gives birth to youth near the great papyrus clump
/ begets love gives child youth woman life house birth,woman gives birth / begets child youth life house love,woman gives birth / begets child youth life house love
scribe mouth the of king the town of hear great,scribe of town hear the mouth of the great king,scribe of town hear the mouth of the great king
to the youth beautiful mother thing and young father give,father and mother give beautiful thing to the young youth,father and mother give beautiful thing to the young youth
venerated / man (djed) life great marrow authority / old people temple mighty stability power heart,venerated / marrow old man authority heart life power stability (djed) great / mighty people temple,venerated / marrow old man authority heart life power stability (djed) great / mighty people temple
placenta the place reed in mother the of youth shelter,mother place placenta of the youth in the reed shelter,mother place placenta of the youth in the reed shelter
becomes road the king of city great lord the of,great king of the city becomes lord of the road,great king of the city becomes lord of the road
loves seated under woman sky light beautiful star and life,seated woman loves beautiful life under sky and star light,seated woman loves beautiful life under sky and star light
horned hide bolt viper gate cobra door behind the and,horned viper and cobra hide behind the door bolt gate,horned viper and cobra hide behind the door bolt gate
the tills lake field hoe the plows near man with,man with the hoe plows tills the field near lake,man with the hoe plows tills the field near lake
god ankh ka the spirit of give life to people,spirit ka of god give life ankh to the people,spirit ka of god give life ankh to the people
on mat and temple in the chisel stool stay adze,chisel and adze stay on the stool mat in temple,chisel and adze stay on the stool mat in temple
the hand conical mat stool servant on of loaf place,hand of servant place the conical loaf on stool mat,hand of servant place the conical loaf on stool mat
hoe tills man the plows lake with near field the,man with the hoe plows tills the field near lake,man with the hoe plows tills the field near lake
papyrus scribe writing thing power authority scroll scribe / book reed leaf,scribe writing / scribe papyrus scroll reed leaf book authority power thing,papyrus scroll writing / scribe book thing authority power life
no stay bolt behind negation spirit can door the gate,negation no spirit can stay behind the door bolt gate,negation no spirit can stay behind the door bolt gate
leaf shelter reed reed hold hand the youth of in,hand of youth hold reed leaf in the reed shelter,hand of youth hold reed leaf in the reed shelter
strong the above master desert mighty stay authority of hill,mighty authority of master stay strong above the desert hill,mighty authority of master stay strong above the desert hill
authority force house life bolt strength content fear peace people door / (satisfied) gate / power,door bolt gate house fear people authority power strength / force life peace / content (satisfied),door bolt gate house fear people authority power strength / force life peace / content (satisfied)
father mother peace woman house love life people man,father mother man woman people house life love peace,father mother man woman people house life love peace
of beautiful ka youth of face spirit heart sees mother,spirit ka of mother sees beautiful face of youth heart,spirit ka of mother sees beautiful face of youth heart
strength city the whole king give mighty backbone to of,mighty backbone of king give strength to the whole city,mighty backbone of king give strength to the whole city
in house the master the ka of stay spirit stone,spirit ka of the master stay in the stone house,spirit ka of the master stay in the stone house
stay chisel basket the adze in the handle and with,chisel and adze stay in the basket with the handle,chisel and adze stay in the basket with the handle
to thing of reed use leaf do town writing scribe,scribe of town use reed leaf to do writing thing,scribe of town use reed leaf to do writing thing
stay of fox the on three the father back skins,three fox skins stay on the back of the father,three fox skins stay on the back of the father
field plows hoe mountain old with near the the man,old man with hoe plows the field near the mountain,old man with hoe plows the field near the mountain
scroll writing scribe reed power papyrus / knowledge book authority leaf,reed leaf writing / scribe papyrus scroll book knowledge authority power,papyrus scroll writing / scribe book knowledge authority power
in beautiful woman loves the plant the lotus seated lake,seated woman loves the beautiful lotus plant in the lake,seated woman loves the beautiful lotus plant in the lake
to give the animal sweet milk belly in jar strength,sweet milk in jar give strength to the animal belly,sweet milk in jar give strength to the animal belly
of the to lord give city djed every town stability,lord of every town give stability djed to the city,lord of every town give stability djed to the city
chisel on adze and do with man work brick stone,man with chisel and adze do work on stone brick,man with chisel and adze do work on stone brick
plant loves lotus the the water woman in beautiful seated,seated woman loves the beautiful lotus plant in the water,seated woman loves the beautiful lotus plant in the water
swallow fly soul king to of like ba bird horizon,soul ba of king fly like swallow bird to horizon,soul ba of king fly like swallow bird to horizon
the king carry to the conical seated great servant loaf,servant carry the conical loaf to the great seated king,servant carry the conical loaf to the great seated king
stay city above the throne venerated lord in seat the,venerated lord stay in the seat throne above the city,venerated lord stay in the seat throne above the city
of no can the eye hide from negation god man,negation no man can hide from the eye of god,negation no man can hide from the eye of god
hear truth writing of god mouth of do scribe and,scribe hear mouth of god and do writing of truth,scribe hear mouth of god and do writing of truth
hear no voice man the can the star negation of,negation no man can hear the voice of the star,negation no man can hear the voice of the star
jar offering / loaf peace bread vessel conical loaf god altar (give) of temple,offering loaf of bread conical loaf (give) jar vessel temple god peace / altar,offering loaf of bread conical loaf (give) jar vessel temple god peace / altar
sweet lake the ripple seated of woman loves water the,seated woman loves the sweet water of the lake ripple,seated woman loves the sweet water of the lake ripple
stay the master of house stone the ka spirit in,spirit ka of the master stay in the stone house,spirit ka of the master stay in the stone house
the twisted use for vessel to rope flax man make,man use twisted flax to make rope for the vessel,man use twisted flax to make rope for the vessel
feather balance judgment (truth/maat) heart soul (ba) truth,heart truth feather (truth/maat) balance judgment soul (ba),heart truth feather (truth/maat) balance judgment soul (ba)
of do god of writing hear scribe truth and mouth,scribe hear mouth of god and do writing of truth,scribe hear mouth of god and do writing of truth
for every people hold handle grain and loaf with basket,basket with handle hold grain and loaf for every people,basket with handle hold grain and loaf for every people
/ lord altar basket god temple every to give all) / authority peace power life (lord offering /,basket (lord / all) lord / every offering to give temple god peace / altar life power authority,basket (lord / all) lord / every offering to give temple god peace / altar life power authority
master every the of venerated woman hear man heart and,venerated master hear the heart of every man and woman,venerated master hear the heart of every man and woman
life love bolt peace woman content / woman gate (satisfied) house seated door,woman seated woman house gate door bolt life love peace / content (satisfied),woman seated woman house gate door bolt life love peace / content (satisfied)
while loaf bread senet he play eat of man board,man play senet board while he eat loaf of bread,man play senet board while he eat loaf of bread
hand near house hold fox three servant the skins of,hand of servant hold three fox skins near the house,hand of servant hold three fox skins near the house
content of seated peace to the heart give people god,seated god give peace content to the heart of people,seated god give peace content to the heart of people
wonder life thousand sky beauty night star,night sky star thousand beauty wonder life,night sky star thousand beauty wonder life
stone place dead placenta the house in mother of the,mother place placenta in the stone house of the dead,mother place placenta in the stone house of the dead
rope coil of hold and hand tethering rope of man,hand of man hold coil of rope and tethering rope,hand of man hold coil of rope and tethering rope
gate of god great opens seated the horizon the for,gate of the horizon opens for the great seated god,gate of the horizon opens for the great seated god
house master spirit stay of in stone the ka the,spirit ka of the master stay in the stone house,spirit ka of the master stay in the stone house
/ river pellet grain field satisfy life peace / riverbank people abundance,river riverbank field grain / pellet people life abundance peace / satisfy,river riverbank field grain / pellet people life abundance peace / satisfy
stay negation the bolt can no gate door spirit behind,negation no spirit can stay behind the door bolt gate,negation no spirit can stay behind the door bolt gate
all do on for writing scroll scribe papyrus of master,scribe do writing on papyrus scroll for master of all,scribe do writing on papyrus scroll for master of all
quail bird chick swallow fly above slope and hill desert,quail chick and swallow bird fly above desert hill slope,quail chick and swallow bird fly above desert hill slope
stay of youth house in mother the beautiful of placenta,placenta of mother stay in the house of beautiful youth,placenta of mother stay in the house of beautiful youth
song of loves swallow the the bird seated beautiful woman,seated woman loves the beautiful song of the swallow bird,seated woman loves the beautiful song of the swallow bird
vessel of the tethering of the hand hold servant rope,hand of servant hold the tethering rope of the vessel,hand of the servant hold the tethering rope of vessel
the viper handle cobra with in hide horned basket and,horned viper and cobra hide in the basket with handle,horned viper and cobra hide in the basket with handle
behind rope in cloth basket stay bolt door folded and,folded cloth and rope stay in basket behind door bolt,folded cloth and rope stay in basket behind door bolt
quail and fly bird above swallow desert chick slope hill,quail chick and swallow bird fly above desert hill slope,quail chick and swallow bird fly above desert hill slope
fly the great soul father the mountain ba of above,soul ba of the father fly above the great mountain,soul ba of the father fly above the great mountain
chisel use stone temple make to scribe the and gate,scribe use chisel and stone to make the temple gate,scribe use chisel and stone to make the temple gate
use master road of power become to great the king,great king use power to become master of the road,great king use power to become master of the road
in the gate temple pillar stay the strong grandfather of,pillar grandfather stay strong in the gate of the temple,pillar grandfather stay strong in the gate of the temple
pillar heart people / / throne great life old grandfather power big (djed) man authority stability,old man pillar / grandfather authority people life heart power great / big stability (djed) throne,old man pillar / grandfather authority people life heart power great / big stability (djed) throne
water give from life the sweet river to plant the,sweet water from the river give life to the plant,sweet water from the river give life to the plant
gate authority of power above the horizon mighty mountain stay,mighty power of authority stay above the mountain gate horizon,mighty power of authority stay above the mountain gate horizon
life star become power underground ka sky (spirit) west to soul (ba) horizon,ka (spirit) soul (ba) life to become west underground star sky horizon power,ka (spirit) soul (ba) life to become west underground star sky horizon power
and quail fly above chick plant swallow lotus beautiful the,quail chick and swallow fly above the beautiful lotus plant,quail chick and swallow fly above the beautiful lotus plant
and the town grain vessel river loaf carry to on,vessel on river carry grain and loaf to the town,vessel on river carry grain and loaf to the town
the people stability of town every lord give to djed,lord of every town give stability djed to the people,lord of every town give stability djed to the people
above authority lord riverbank the road mighty stay the of,mighty authority of the lord stay above the riverbank road,mighty authority of the lord stay above the riverbank road
ripple water the plant give from to river sweet life,sweet water from river ripple give life to the plant,sweet water from river ripple give life to the plant
house in of stay scribe rack jars the in the,jars in rack stay in the house of the scribe,jars in rack stay in the house of the scribe
make mighty riverbank sky people fear on of storm power,mighty storm on riverbank make people fear power of sky,mighty storm on riverbank make people fear power of sky
man and old in woman the star see the sky,old man and woman see the star in the sky,old man and woman see the star in the sky
snake rope coil fear power protection god of,snake coil of rope fear power protection god,snake coil of rope fear power protection god
give beautiful in venerated father life house child to ankh,venerated father give life ankh to beautiful child in house,venerated father give life ankh to beautiful child in house
law gives the to sedge on king throne birth the,sedge king on the throne gives birth to the law,sedge king on the throne gives birth to the law
ba like bird above of horizon fly soul the father,soul ba of father fly above the horizon like bird,soul ba of father fly above the horizon like bird
the of plant lord offering life lotus do of altar,lord of life do offering of the lotus plant altar,lord of life do offering of the lotus plant altar
play the of senet master lord with board the city,lord of the city play the senet board with master,lord of the city play the senet board with master
and quail chick to clump swallow the fly lake papyrus,quail chick and swallow fly to the papyrus clump lake,quail chick and swallow fly to the papyrus clump lake
servant lord to use lock of bolt the door house,servant use door bolt to lock the house of lord,servant use door bolt to lock the house of lord
the on scribe writing papyrus of scroll do truth book,scribe do writing of truth on the papyrus scroll book,scribe do writing of truth on the papyrus scroll book
fear strong people storm riverbank make power the the on,strong storm on the riverbank make the people fear power,strong storm on the riverbank make the people fear power
adze field in chisel stone stay and the brick on,chisel and adze stay on the stone brick in field,chisel and adze stay on the stone brick in field
do altar life offering lord plant of lotus the of,lord of life do offering of the lotus plant altar,lord of life do offering of the lotus plant altar
man play house senet from drink in board and jar,man play senet board and drink from jar in house,man play senet board and drink from jar in house
/ become / horizon west sky star great scarab life to mighty soul become underground (ba),scarab / become to become life soul (ba) west underground star sky horizon great / mighty,scarab / become to become life soul (ba) west underground star sky horizon great / mighty
drink heart / life / ripple of / / eat water strength satisfy bread force loaf man peace speak,man eat / drink / speak loaf of bread water ripple life strength / force heart peace / satisfy,man eat / drink / speak loaf of bread water ripple life strength / force heart peace / satisfy
scribe of on of truth town scroll papyrus do writing,scribe of town do writing of truth on papyrus scroll,scribe of town do writing of truth on papyrus scroll
and horned the under stone brick cobra wall viper hide,horned viper and cobra hide under the brick wall stone,horned viper and cobra hide under the brick wall stone
the the adze man shape use to vessel wood of,man use adze to shape the wood of the vessel,man use adze to shape the wood of the vessel
and the of the scribe papyrus hold leaf scroll hand,hand of the scribe hold the papyrus scroll and leaf,hand of the scribe hold the papyrus scroll and leaf
clump in negation can papyrus water hide snake the no,negation no snake can hide in the papyrus clump water,negation no snake can hide in the papyrus clump water
lotus swallow and above plant the fly chick beautiful quail,quail chick and swallow fly above the beautiful lotus plant,quail chick and swallow fly above the beautiful lotus plant
jar from the temple old man sweet in milk drink,old man drink sweet milk from the jar in temple,old man drink sweet milk from the jar in temple
