Input,Target,Prediction
hill slope path,hill slope path,hill slope path
above sky town,sky above town,sky above town
grain vessel fills,grain fills vessel,grain fills vessel
woman hears storm,woman hears storm,woman hears storm
fills (spirit) life ka,life fills ka (spirit),life fills ka (spirit)
hears scribe king,king hears scribe,king hears scribe
coils rope snake,rope coils snake,rope coils snake
lake river near,lake near river,river near lake
gate city protects,gate protects city,gate protects city
/ all (every) master (lord),master (lord) / all (every),master (lord) / all (every)
makes man vessel,man makes vessel,man makes vessel
sees servant desert hill,servant sees desert hill,servant sees desert hill
behind river town,town behind river,town behind river
ripple plant water lotus,lotus plant water ripple,lotus plant water ripple
ripple water upon stone,water ripple upon stone,water ripple upon stone
life to become,to become life,to become life
youth drinks milk jar,youth drinks milk jar,youth drinks milk jar
sees animal man belly,man sees animal belly,man sees animal belly
in star sky,star in sky,star in sky
heart has man,man has heart,man has heart
scribe records writing /,writing / scribe records,writing / scribe records
wears crown king,king wears crown,king wears crown
sky meets horizon,horizon meets sky,horizon meets sky
grain youth eats,youth eats grain,youth eats grain
loves truth heart,heart loves truth,heart loves truth
king gives ring,king gives ring,king gives ring
people hear / listen,hear / listen people,hear / listen people
hears youth authority,youth hears authority,youth hears authority
jar father makes,father makes jar,father makes jar
ka spirit god,ka spirit god,ka spirit god
people house contains,house contains people,house contains people
lake underground above,lake above underground,lake above underground
hand lifts loaf,hand lifts loaf,hand lifts loaf
sees (great) youth swallow,youth sees swallow (great),youth sees swallow (great)
speaks woman seated,seated woman speaks,seated woman speaks
youth man becomes,youth becomes man,youth becomes man
makes fire woman,woman makes fire,woman makes fire
temple truth preserves,temple preserves truth,temple preserves truth
gives jar father,father gives jar,father gives jar
sees woman eye,woman sees eye,woman sees eye
(ankh) upon road life,life (ankh) upon road,life (ankh) upon road
face upon man,man face upon,man face upon
/ side rib backbone,side / rib backbone,side / rib backbone
truth loves god,god loves truth,god loves truth
plant sickle cuts,sickle cuts plant,sickle cuts plant
brick snake behind,snake behind brick,snake behind brick
city has temple,city has temple,city has temple
people protects power,power protects people,power protects people
door bolt gate has,gate has door bolt,gate has door bolt
grows grain field,field grows grain,field grows grain
mighty great / king,great / mighty king,great / mighty king
truth heart loves,heart loves truth,heart loves truth
fear authority respects,fear respects authority,fear respects authority
all) gives / god (lord basket,god gives basket (lord / all),god gives basket (lord / all)
he king gives,he king gives,he king gives
sees papyrus clump scribe,scribe sees papyrus clump,scribe sees papyrus clump
flax twisted man sees,man sees twisted flax,man sees twisted flax
riverbank grain field,riverbank field grain,riverbank field grain
sees book mother,mother sees book,mother sees book
vessel in offering,offering in vessel,offering in vessel
king backbone strong,king strong backbone,king strong backbone
hears youth authority,youth hears authority,youth hears authority
grows field grain,field grows grain,field grows grain
sky above hill,sky above hill,sky above hill
burns fire offering,fire burns offering,fire burns offering
road crosses river,road crosses river,road crosses river
heart life love,heart love life,heart love life
temple / grandfather pillar,pillar / grandfather temple,pillar / grandfather temple
pellet / youth eats grain,youth eats grain / pellet,youth eats grain / pellet
temple horizon faces,temple faces horizon,temple faces horizon
sees night owl,owl sees night,owl sees night
with sees handle servant basket,servant sees basket with handle,servant sees basket with handle
youth seeks strength,youth seeks strength,youth seeks strength
riverbank sees servant,servant sees riverbank,servant sees riverbank
god king becomes,king becomes god,king becomes god
sky eye sees,eye sees sky,eye sees sky
loves authority scribe,scribe loves authority,scribe loves authority
fears youth storm,youth fears storm,youth fears storm
swallow star great,swallow great star,swallow great star
holds jar grain,jar holds grain,jar holds grain
soul hears (ba) mother,mother hears soul (ba),mother hears soul (ba)
foot desert road,foot road desert,foot road desert
to god become,to become god,to become god
offering handle basket with,basket with handle offering,basket with handle offering
sees throne man seated,seated man sees throne,seated man sees throne
holds jar grain,jar holds grain,jar holds grain
town city house,city town house,city town house
scribe sees scroll,scribe sees scroll,scribe sees scroll
with basket gives king handle,king gives basket with handle,king gives basket with handle
to west return,to return west,to return west
creates becoming life,becoming creates life,becoming renews life
father all) makes / (lord basket,father makes basket (lord / all),father makes basket (lord / all)
lake water ripple,lake water ripple,lake water ripple
loaf gives god conical (give),god gives conical loaf (give),god gives conical loaf (give)
youth becomes child,child becomes youth,child becomes youth
sees coil man rope of,man sees coil of rope,man sees coil of rope
milk child drinks,child drinks milk,child drinks milk
board senet played,senet board played,senet board played
temple gives peace,temple gives peace,temple gives peace
handle offering with basket,basket with handle offering,basket with handle offering
youth sees lake,youth sees lake,youth sees lake
opens horizon god,god opens horizon,god opens horizon
strength backbone gives,backbone gives strength,backbone gives strength
old brick makes man,old man makes brick,old man makes brick
deity god great,god deity great,god deity great
man opens door,man opens door,man opens door
horizon face upon /,horizon face / upon,horizon face / upon
renews scarab life,scarab renews life,scarab renews life
power god of,power of god,power of god
senet played board,senet board played,senet board played
/ eats man grain pellet old,old man eats grain / pellet,old man eats grain / pellet
great god mighty,great god mighty,great mighty god
to work do,to do work,to do work
backbone man strong,strong backbone man,strong backbone man
father man loves old,father loves old man,father loves old man
river behind town,town behind river,town behind river
book sees mother,mother sees book,mother sees book
venerated strength marrow /,venerated / marrow strength,venerated / marrow strength
grain jar fills,grain fills jar,grain fills jar
of youth bird head sees,youth sees head of bird,youth sees head of bird
behind wall gate,gate behind wall,gate behind wall
rack in jars jar,jar jars in rack,jar jars in rack
river town beside,river beside town,river beside town
soul ba life,soul ba life,soul ba life
hill path slope,hill slope path,hill slope path
give to life,to give life,to give life
near road house,house near road,house near road
king strong power,strong king power,strong king power
cobra guards king,cobra guards king,cobra guards king
holds book wisdom,book holds wisdom,book holds wisdom
wise old man,old man wise,old man wise
god near temple,god near temple,god near temple
spirit ka god,ka spirit god,god ka spirit
vessel water holds,vessel holds water,vessel holds water
fear people authority,people fear authority,people authority fear
scribe hears god,scribe hears god,scribe hears god
soul ba god,soul ba god,soul ba god
heart peace satisfy /,heart peace / satisfy,heart peace / satisfy
sees mother star,mother sees star,mother sees star
god sees heart,god sees heart,god sees heart
sees chick quail youth,youth sees quail chick,youth sees quail chick
power world shapes,power shapes world,power shapes world
loves life sedge (king) (ankh),sedge (king) loves life (ankh),sedge (king) loves life (ankh)
god protects people,god protects people,god protects people
servant gate makes,servant makes gate,servant makes gate
he / king power,he / king power,he / king power
god hears / father deity,father hears god / deity,father hears god / deity
ancestors underground holds,underground holds ancestors,underground holds ancestors
lake scribe sees,scribe sees lake,scribe sees lake
sees chisel man,man sees chisel,man sees chisel
foot scribe sees,scribe sees foot,scribe sees foot
city town / great big becomes /,city / town becomes great / big,city / town becomes great / big
maintains power order,power maintains order,power maintains order
cobra sees king,king sees cobra,king sees cobra
temple god holds,temple holds god,temple holds god
youth loves sweet,youth loves sweet,youth loves sweet
road behind house,road behind house,road behind house
god hears prayer,god hears prayer,god hears prayer
temple near palace,palace near temple,palace near temple
behind town house,house behind town,house behind town
gate opens town,gate opens town,gate opens town
writing / records life scribe,writing / scribe records life,writing / scribe records life
tethering rope king gives,king gives tethering rope,king gives tethering rope
plant lotus sees scribe,scribe sees lotus plant,scribe sees lotus plant
man pellet grain old / eats,old man eats grain / pellet,old man eats grain / pellet
peace god satisfy /,peace / satisfy god,peace / satisfy god
ankh life plant,plant life ankh,plant life ankh
of king throne,throne of king,throne of king
town behind river,town behind river,town behind river
records life / writing scribe,writing / scribe records life,writing / scribe records life
king cobra crowns,cobra crowns king,cobra crowns king
face god upon,face upon god,god face upon
west holds dead,west holds dead,west holds dead
supports man backbone,backbone supports man,backbone supports man
sky star in,star in sky,star in sky
star sky holds,sky holds star,sky holds star
sees man underground,man sees underground,man sees underground
tethering rope rope,rope tethering rope,rope tethering rope
grandfather stone temple / pillar,stone temple pillar / grandfather,stone temple pillar / grandfather
servant sees folded cloth,servant sees folded cloth,servant sees folded cloth
eats grain youth,youth eats grain,youth eats grain
seated man listens,seated man listens,seated man listens
rope tethering father makes,father makes tethering rope,father makes tethering rope
god prayer hears,god hears prayer,god hears prayer
sees hoe man,man sees hoe,man sees hoe
king power authority,authority power king,authority power king
lives ka double) (the the / spirit,ka (the spirit / the double) lives,ka (the spirit / the double) lives
father sees west,father sees west,father sees west
sky mountain touches,mountain touches sky,mountain touches sky
water ripple man drinks,man drinks water ripple,man drinks water ripple
seated man listens,seated man listens,seated man listens
road star guides,star guides road,star guides road
touches mountain sky,mountain touches sky,mountain touches sky
father speaks truth,father speaks truth,father speaks truth
lotus eats plant man,man eats lotus plant,man eats lotus plant
sees twisted servant flax,servant sees twisted flax,servant sees twisted flax
horizon above sun,sun above horizon,sun above horizon
tills field hoe,hoe tills field,hoe tills field
eye of god,eye of god,eye of god
behind lake mountain,lake behind mountain,lake behind mountain
eye sees / upon face,eye sees face / upon,eye sees face / upon
father life gives,father gives life,father gives life
desert hill behind,hill behind desert,hill behind desert
conical scribe gives (give) loaf,scribe gives conical loaf (give),scribe gives conical loaf (give)
gives ring king,king gives ring,king gives ring
of god eye,eye of god,eye of god
desert surrounds town,desert surrounds town,desert surrounds town
sees scribe scroll papyrus,scribe sees papyrus scroll,scribe sees papyrus scroll
vessel water ripple,vessel water ripple,vessel water ripple
temple builds stone,stone builds temple,stone builds temple
peace gives altar,altar gives peace,altar gives peace
eats drink man,man eats drink,man eats drink
horned viper sees mother,mother sees horned viper,mother sees horned viper
life woman gives,woman gives life,woman gives life
storm of fear,fear of storm,fear of storm
youth pool sees,youth sees pool,youth sees pool
pellet / grain offering,grain / pellet offering,grain / pellet offering
(djed) stability endures,stability (djed) endures,stability (djed) endures
desert mountain behind,desert behind mountain,desert behind mountain
calms peace heart,peace calms heart,peace calms heart
of storm fear,fear of storm,fear of storm
woman cobra hears,woman hears cobra,woman hears cobra
soul hears god,god hears soul,god hears soul
god beautiful / loves good,god loves beautiful / good,god loves beautiful / good
pillar sees / grandfather father,father sees pillar / grandfather,father sees pillar / grandfather
owl hears man,man hears owl,man hears owl
place marks cross,cross marks place,cross marks place
temple found) opens exists / is (or,opens / exists (or is found) temple,opens / exists (or is found) temple
book life recorded,life recorded book,life recorded book
town live people,people live town,people live town
man hand forearm,hand forearm man,hand forearm man
king god becomes,king becomes god,king becomes god
/ great big becomes / town city,city / town becomes great / big,city / town becomes great / big
work do servant,servant do work,servant do work
people above god,god above people,god above people
god sees man,god sees man,god sees man
gives god power,god gives power,god gives power
crown wears king,king wears crown,king wears crown
strong king power,strong king power,strong king power
youth senet board sees,youth sees senet board,youth sees senet board
strong king rules,strong king rules,strong king rules
maat (truth/maat) feather,feather (truth/maat) maat,feather (truth/maat) maat
ring king gives,king gives ring,king gives ring
loves child father,father loves child,father loves child
riverbank king sees,king sees riverbank,king sees riverbank
youth gains strength,youth gains strength,youth gains strength
king loves satisfy peace /,king loves peace / satisfy,king loves peace / satisfy
jar youth sees,youth sees jar,youth sees jar
hill desert near,hill near desert,hill near desert
fire people fear,people fear fire,people fear fire
lake sky reflects,lake reflects sky,lake reflects sky
soul west (ba),soul (ba) west,soul (ba) west
river flows life,life flows river,life flows river
upon temple face,temple face upon,face upon temple
god fear power,fear power god,fear power god
river near riverbank,river near riverbank,river near riverbank
thousand gives god,god gives thousand,god gives thousand
sees youth underground,youth sees underground,youth sees underground
west underground behind,underground behind west,underground behind west
bolt door father makes,father makes door bolt,father makes door bolt
sees god man,god sees man,god sees man
house behind gate,house behind gate,house behind gate
power gives god,god gives power,god gives power
drinks man water,man drinks water,man drinks water
rope binds vessel,rope binds vessel,rope binds vessel
double) soul ka spirit (ba) / the (the,ka (the spirit / the double) soul (ba),ka (the spirit / the double) soul (ba)
sees fire father,father sees fire,father sees fire
makes bolt king door,king makes door bolt,king makes door bolt
soul ba god,soul ba god,soul ba god
temple deity god,temple god deity,temple god deity
stability maat gives,maat gives stability,maat gives stability
jar holds hand,hand holds jar,hand holds jar
sees man star old,old man sees star,old man sees star
near desert mountain,mountain near desert,mountain near desert
tills plows field,field plows tills,plows tills field
lord of town,lord of town,lord of town
town people city,city town people,city town people
of makes father rope coil,father makes coil of rope,father makes coil of rope
god thousand gives,god gives thousand,god gives thousand
cobra guards king,cobra guards king,cobra guards king
woman storm hears,woman hears storm,woman hears storm
becomes life great,life becomes great,life becomes great
youth seeks strength,youth seeks strength,youth seeks strength
life become scarab,scarab become life,scarab become life
bird of head sees man,man sees head of bird,man sees head of bird
sees scribe foot,scribe sees foot,scribe sees foot
mighty power great,power great mighty,power great mighty
exists / is (or temple opens found),opens / exists (or is found) temple,opens / exists (or is found) temple
near road house,house near road,house near road
authority obey people,people obey authority,people obey authority
man eats bread,man eats bread,man eats bread
stored grain jars,grain stored jars,grain stored jars
horned sees viper mother,mother sees horned viper,mother sees horned viper
old youth man,old man youth,old man youth
meets river lake,river meets lake,river meets lake
hill beyond desert,desert beyond hill,desert beyond hill
road crosses desert,road crosses desert,road crosses desert
king sees backbone,king sees backbone,king sees backbone
grain pellet mother sees /,mother sees grain / pellet,mother sees grain / pellet
beyond west underground,underground beyond west,underground beyond west
fire people fear,people fear fire,people fear fire
deity hears / scribe god,scribe hears god / deity,scribe hears god / deity
king order maintains,king maintains order,king maintains order
(truth/maat) feather heart,feather (truth/maat) heart,heart feather (truth/maat)
hears scribe (every) master (lord) all /,scribe hears master (lord) / all (every),scribe hears master (lord) / all (every)
recorded life book,life recorded book,life recorded book
youth loves man old,youth loves old man,youth loves old man
throne seat deity /,seat / throne deity,seat / throne deity
sees father viper horned,father sees horned viper,father sees horned viper
near riverbank road,road near riverbank,road near riverbank
judges heart truth,truth judges heart,truth judges heart
change brings time,time brings change,time brings change
loves father child,father loves child,father loves child
/ power king he,he / king power,he / king power
beauty heart loves,heart loves beauty,heart loves beauty
order power gives,power gives order,power gives order
mouth drink eats,mouth eats drink,mouth eats drink
river lake behind,river behind lake,river behind lake
power forearm hand,forearm hand power,forearm hand power
life becomes great,life becomes great,life becomes great
near desert mountain,mountain near desert,mountain near desert
snake sees man,man sees snake,man sees snake
coil of father rope makes,father makes coil of rope,father makes coil of rope
loves old man god,god loves old man,god loves old man
gives woman life,woman gives life,woman gives life
king gives ring,king gives ring,king gives ring
west man sees old,old man sees west,old man sees west
pleases god offering,offering pleases god,offering pleases god
sees chisel man,man sees chisel,man sees chisel
sees man snake,man sees snake,man sees snake
sky town above,sky above town,sky above town
gives god peace,god gives peace,god gives peace
face / upon horizon,horizon face / upon,horizon face / upon
gives man chisel,man gives chisel,man gives chisel
papyrus scroll records,papyrus scroll records,papyrus scroll records
sees jar scribe,scribe sees jar,scribe sees jar
near temple river,temple near river,temple near river
land above horizon,horizon above land,horizon above land
underground ancestors holds,underground holds ancestors,underground holds ancestors
(djed) stability god gives,god gives stability (djed),god gives stability (djed)
(or / is exists temple found) opens,opens / exists (or is found) temple,opens / exists (or is found) temple
storm fear sky,storm fear sky,storm sky fear
house man enters,man enters house,man enters house
seated king god,king seated god,king seated god
upon face house,house face upon,house face upon
above lake river,river above lake,river above lake
guards horned viper,horned viper guards,horned viper guards
fills people life,life fills people,life fills people
reed woman sees shelter,woman sees reed shelter,woman sees reed shelter
heart satisfy / peace,peace / satisfy heart,heart peace / satisfy
heart loves god,god loves heart,god loves heart
supports backbone strength,strength supports backbone,strength supports backbone
offering bread sweet,sweet bread offering,sweet bread offering
lotus man eats plant,man eats lotus plant,man eats lotus plant
near lake river,lake near river,lake near river
fears horned servant viper,servant fears horned viper,servant fears horned viper
calms heart peace,peace calms heart,peace calms heart
house gate behind,house behind gate,house behind gate
sees man hill desert,man sees desert hill,man sees desert hill
star sees eye,eye sees star,eye sees star
fire strength force power /,fire power strength / force,fire power strength / force
pillar djed stability,djed pillar stability,djed pillar stability
mother loves youth,mother loves youth,mother loves youth
vessel rope binds,rope binds vessel,rope binds vessel
power force strength,power strength force,power strength force
grain sees mother pellet /,mother sees grain / pellet,mother sees grain / pellet
gives ring king,king gives ring,king gives ring
soul (ba) god loves,god loves soul (ba),god loves soul (ba)
house road behind,road behind house,road behind house
servant fire makes,servant makes fire,servant makes fire
horizon sees youth,youth sees horizon,youth sees horizon
behind mountain city,city behind mountain,city behind mountain
youth man become,youth become man,youth become man
drink man eats,man eats drink,man eats drink
woman eye sees,woman sees eye,woman sees eye
cross place marks,cross marks place,cross marks place
heart peace fills,peace fills heart,peace fills heart
mother horizon sees,mother sees horizon,mother sees horizon
field servant plows,servant plows field,servant plows field
sees bolt door youth,youth sees door bolt,youth sees door bolt
hears owl man,man hears owl,man hears owl
power authority thing,thing power authority,thing power authority
house people holds,house holds people,house holds people
gate house opens,gate opens house,gate opens house
adze man sees,man sees adze,man sees adze
sickle servant sees,servant sees sickle,servant sees sickle
god horizon above,god above horizon,god above horizon
temple snake guards,snake guards temple,snake guards temple
riverbank field near,riverbank near field,riverbank near field
cuts grain sickle,sickle cuts grain,sickle cuts grain
god upon face,god face upon,god face upon
bread man eats,man eats bread,man eats bread
head sees of bird man,man sees head of bird,man sees head of bird
stone builds wall,stone builds wall,stone builds wall
cosmos god rules,god rules cosmos,god rules cosmos
king cobra sees,king sees cobra,king sees cobra
makes rope of father coil,father makes coil of rope,father makes coil of rope
desert above hill,above desert hill,above desert hill
eats man drink,man eats drink,man eats drink
plant man lotus loves,man loves lotus plant,man loves lotus plant
gives loaf of servant bread,servant gives loaf of bread,servant gives loaf of bread
/ peace altar temple,peace / altar temple,peace / altar temple
rope tethering king gives,king gives tethering rope,king gives tethering rope
river lake near,lake near river,river near lake
heart strong becomes,heart becomes strong,heart becomes strong
heart satisfy peace,peace satisfy heart,peace satisfy heart
big becomes town / great / city,city / town becomes great / big,city / town becomes great / big
god emerges horizon,god emerges horizon,god emerges horizon
mouth eats grain,mouth eats grain,mouth eats grain
west soul ba,soul ba west,soul ba west
king he great,he king great,he king great
river riverbank beside,river beside riverbank,river beside riverbank
gives king life,king gives life,king gives life
upon king face,king face upon,king face upon
upon face king,king face upon,king face upon
town road enters,road enters town,road enters town
sees viper man horned,man sees horned viper,man sees horned viper
love people king,people love king,people love king
peace heart content (satisfied) /,peace / content (satisfied) heart,peace / content (satisfied) heart
peace / altar temple,peace / altar temple,peace / altar temple
riverbank river beside,river beside riverbank,river beside riverbank
loves mother youth,mother loves youth,mother loves youth
town builds brick,brick builds town,brick builds town
sees (great) youth swallow,youth sees swallow (great),youth sees swallow (great)
sees eye face,eye sees face,eye sees face
strength backbone gives,backbone gives strength,backbone gives strength
begets god / gives birth,god gives birth / begets,god gives birth / begets
sickle servant sees,servant sees sickle,servant sees sickle
sits seat king,king sits seat,king sits seat
mother woman sees,mother sees woman,mother sees woman
hears backbone man,man hears backbone,man hears backbone
mountain hill near,hill near mountain,hill near mountain
god of power,power of god,power of god
tethering rope vessel,tethering rope vessel,tethering rope vessel
fire sees youth,youth sees fire,youth sees fire
house sees mother,mother sees house,mother sees house
memory place holds,place holds memory,place holds memory
power order gives,power gives order,power gives order
grandfather / temple pillar,pillar / grandfather temple,pillar / grandfather temple
book writing preserves,book preserves writing,book preserves writing
(spirit) ka life,ka (spirit) life,ka (spirit) life
old man youth,old man youth,old man youth
ankh gives god,god gives ankh,god gives ankh
man strong backbone,strong man backbone,strong backbone man
sees man hoe,man sees hoe,man sees hoe
makes father jar,father makes jar,father makes jar
youth mother hears,mother hears youth,mother hears youth
makes god mountain,god makes mountain,god makes mountain
youth hears authority,youth hears authority,youth hears authority
beyond west horizon,west beyond horizon,west beyond horizon
gives hand offering,hand gives offering,hand gives offering
pellet field grain,field grain pellet,field grain pellet
power gives strength,power gives strength,power gives strength
/ grandfather pillar stability,pillar / grandfather stability,pillar / grandfather stability
woman vessel sees,woman sees vessel,woman sees vessel
loves old god man,god loves old man,god loves old man
people grain feeds,grain feeds people,grain feeds people
power fire gives,fire gives power,fire gives power
door makes father bolt,father makes door bolt,father makes door bolt
holds world people,world holds people,world holds people
/ people city town,city / town people,city / town people
serve people king,people serve king,people serve king
(spirit) fills life ka,life fills ka (spirit),life fills ka (spirit)
strong king rules,strong king rules,strong king rules
maintains king order,king maintains order,king maintains order
leads road town,road leads town,road leads town
great god mighty,great god mighty,great mighty god
(lord / all) basket offering,basket (lord / all) offering,basket (lord / all) offering
adze sees man,man sees adze,man sees adze
hear god listen,hear listen god,hear listen god
(truth/maat) heart feather,feather (truth/maat) heart,heart feather (truth/maat)
truth scribe writes,scribe writes truth,scribe writes truth
judgment of heart,judgment of heart,judgment of heart
man house enters,man enters house,man enters house
hand work does,hand does work,hand does work
sees mother forearm,mother sees forearm,mother sees forearm
gives fire power,fire gives power,fire gives power
mother horizon sees,mother sees horizon,mother sees horizon
hears scribe god,scribe hears god,scribe hears god
love / peace people satisfy,people love peace / satisfy,people love peace / satisfy
king backbone strong,strong backbone king,king strong backbone
pellet / king eats grain,king eats grain / pellet,king eats grain / pellet
pellet grain field,field grain pellet,field grain pellet
ka spirit life,ka spirit life,ka spirit life
/ scribe records writing,writing / scribe records,writing / scribe records
storm sky crosses,storm crosses sky,storm crosses sky
coil of snake rope,snake coil of rope,snake coil of rope
belly eats animal,animal belly eats,animal belly eats
fear holds heart,heart holds fear,heart holds fear
gate makes man,man makes gate,man makes gate
sun sky rises,sun rises sky,sun rises sky
people play senet board,people play senet board,people play senet board
gives servant club,servant gives club,servant gives club
god field makes,god makes field,god makes field
heart loves god,god loves heart,god loves heart
house guard ancestors,ancestors guard house,ancestors guard house
scribe writing life / records,writing / scribe records life,writing / scribe records life
horizon above mountain,horizon above mountain,above mountain horizon
satisfy / peace heart,peace / satisfy heart,heart peace / satisfy
temple path leads,path leads temple,path leads temple
twisted servant flax sees,servant sees twisted flax,servant sees twisted flax
father sees hand,father sees hand,father sees hand
father makes (give) loaf conical,father makes conical loaf (give),father makes conical loaf (give)
offering (lord / all) basket,basket (lord / all) offering,basket (lord / all) offering
people plant feeds,plant feeds people,plant feeds people
swallow scribe hears,scribe hears swallow,scribe hears swallow
adze gives king,king gives adze,king gives adze
man hears / god deity,man hears god / deity,man hears god / deity
upon god face,face upon god,god face upon
power loves king,king loves power,king loves power
records scribe life / writing,writing / scribe records life,writing / scribe records life
youth hears club,youth hears club,youth hears club
sickle grain cuts pellet /,sickle cuts grain / pellet,sickle cuts grain / pellet
underground soul west,west underground soul,underground west soul
altar god before,altar before god,altar before god
hears woman god,woman hears god,woman hears god
slopes riverbank hill,riverbank slopes hill,riverbank slopes hill
feeds food family,food feeds family,food feeds family
bread king gives,king gives bread,king gives bread
truth heart weighs,truth weighs heart,truth weighs heart
lord every / authority,authority lord / every,lord / every authority
cobra king guards,cobra guards king,cobra guards king
upon horizon / face,horizon face / upon,horizon face / upon
face upon town /,town face / upon,town face / upon
deity seat throne /,seat / throne deity,seat / throne deity
father protects people,father protects people,father protects people
jar grain / pellet,grain / pellet jar,grain / pellet jar
strength seeks youth,youth seeks strength,youth seeks strength
(ankh) / life becomes great mighty,life (ankh) becomes great / mighty,life (ankh) becomes great / mighty
field holds land,land holds field,land holds field
foot road desert,foot road desert,foot road desert
loves sedge (king) life (ankh),sedge (king) loves life (ankh),sedge (king) loves life (ankh)
behind road town,road behind town,road behind town
old marrow man venerated /,old man venerated / marrow,old man venerated / marrow
god temple deity,temple god deity,temple god deity
milk mother gives jar,mother gives milk jar,mother gives milk jar
god hear listen /,hear / listen god,god hear / listen
god makes hill desert,god makes desert hill,god makes desert hill
handle cuts man with basket,man cuts basket with handle,man cuts basket with handle
fills peace heart,peace fills heart,peace fills heart
man walks road,man walks road,man walks road
man old scribe becomes,scribe becomes old man,scribe becomes old man
mouth / / drink speak eat,mouth eat / drink / speak,mouth eat / drink / speak
near house field,field near house,field near house
god swallow becomes,god becomes swallow,god becomes swallow
temple town behind,temple behind town,temple behind town
love woman man,man love woman,man love woman
house behind gate,house behind gate,house behind gate
soul west ba,west soul ba,soul ba west
loaf conical father (give) makes,father makes conical loaf (give),father makes conical loaf (give)
mountain horizon above,above mountain horizon,above mountain horizon
scribe records / writing,writing / scribe records,writing / scribe records
mother good / loves beauty,mother loves beauty / good,mother loves beauty / good
conical loaf eats woman (give),woman eats conical loaf (give),woman eats conical loaf (give)
road servant plows,servant plows road,servant plows road
man backbone hears,man hears backbone,man hears backbone
guards town wall,wall guards town,wall guards town
servant sees flax twisted,servant sees twisted flax,servant sees twisted flax
peace heart satisfy,peace satisfy heart,peace satisfy heart
woman sees plant lotus,woman sees lotus plant,woman sees lotus plant
(ankh) life gives god,god gives life (ankh),god gives life (ankh)
youth eats of bread loaf,youth eats loaf of bread,youth eats loaf of bread
life loves heart,heart loves life,heart loves life
horizon makes god,god makes horizon,god makes horizon
underground west dead,west underground dead,west underground dead
sickle plant cuts,sickle cuts plant,sickle cuts plant
fear storm people,people fear storm,people fear storm
maat (djed) stability,maat stability (djed),maat stability (djed)
town big great,great big town,great big town
youth adze sees,youth sees adze,youth sees adze
god swallow becomes,god becomes swallow,god becomes swallow
gives servant ring,servant gives ring,servant gives ring
hill desert behind,hill behind desert,hill behind desert
hill slope sees father,father sees hill slope,father sees hill slope
peace people love,people love peace,people love peace
backbone gives strength,backbone gives strength,backbone gives strength
people life fills,life fills people,life fills people
stability gives pillar,pillar gives stability,pillar gives stability
sees youth hill,youth sees hill,youth sees hill
people god hears,god hears people,god hears people
work do servant,servant do work,servant do work
throne seated god,god seated throne,seated god throne
he authority king,he king authority,he king authority
town behind house,house behind town,house behind town
scroll sees king papyrus,king sees papyrus scroll,king sees papyrus scroll
father sees fire,father sees fire,father sees fire
altar fire above,fire above altar,fire above altar
hears storm man,man hears storm,man hears storm
maat order brings,maat brings order,maat brings order
enters road town,road enters town,road enters town
vessel water holds,vessel holds water,vessel holds water
people life love,people love life,people love life
to become strong,to become strong,to become strong
authority fear people,people authority fear,people fear authority
sees youth swallow,youth sees swallow,youth sees swallow
people father protects,father protects people,father protects people
builds town brick,brick builds town,brick builds town
temple cobra guards,cobra guards temple,cobra guards temple
records scribe writing,writing scribe records,writing scribe records
behind mountain lake,lake behind mountain,lake behind mountain
jar sees scribe,scribe sees jar,scribe sees jar
stability gives maat,maat gives stability,maat gives stability
above sky horizon,above horizon sky,above horizon sky
god behind gate,god behind gate,god behind gate
sees servant adze,servant sees adze,servant sees adze
side rib / backbone,side / rib backbone,side / rib backbone
people listen / hear,hear / listen people,hear / listen people
youth loves / peace satisfy,youth loves peace / satisfy,youth loves peace / satisfy
scribe writes truth,scribe writes truth,scribe writes truth
god king become,god become king,king become god
/ side sees rib father,father sees side / rib,father sees side / rib
writing scribe / sees scribe,scribe sees writing / scribe,scribe sees writing / scribe
heart fills life,life fills heart,life fills heart
mountain lake behind,lake behind mountain,lake behind mountain
makes people god,god makes people,god makes people
hill beyond desert,desert beyond hill,desert beyond hill
sees viper horned man,man sees horned viper,man sees horned viper
eye sees god,eye sees god,eye sees god
faces sky temple,temple faces sky,temple faces sky
sickle holds hand,hand holds sickle,hand holds sickle
snake sees man,man sees snake,man sees snake
to do make,to do make,to do make
offering hears god,god hears offering,god hears offering
peace altar gives,altar gives peace,altar gives peace
double) spirit soul the (the / ka (ba),ka (the spirit / the double) soul (ba),ka (the spirit / the double) soul (ba)
god makes sky,god makes sky,god makes sky
eat people drink,people eat drink,people eat drink
sun above horizon,sun above horizon,sun above horizon
grain fills vessel,grain fills vessel,grain fills vessel
behind house gate,gate behind house,house behind gate
god emerges sky,god emerges sky,god emerges sky
master all (lord) / (every) servant obeys,servant obeys master (lord) / all (every),servant obeys master (lord) / all (every)
stability order brings,order brings stability,order brings stability
temple above star,star above temple,star above temple
king authority he,he king authority,he king authority
scribe hears god,scribe hears god,scribe hears god
in sees rack scribe jars,scribe sees jars in rack,scribe sees jars in rack
pillar stability djed,stability djed pillar,djed pillar stability
writes scribe truth,scribe writes truth,scribe writes truth
maat feather truth,feather truth maat,feather truth maat
book writing scribe /,writing / scribe book,book writing / scribe
behind west desert,west behind desert,west behind desert
people see throne,people see throne,people see throne
people god honor,people honor god,people honor god
man sees old / deity god,old man sees god / deity,old man sees god / deity
plows riverbank servant,servant plows riverbank,servant plows riverbank
ensures order maat,maat ensures order,maat ensures order
king truth hears,king hears truth,king hears truth
woman sees owl,woman sees owl,woman sees owl
senet sees board youth,youth sees senet board,youth sees senet board
rope tethering makes father,father makes tethering rope,father makes tethering rope
hears people woman,woman hears people,woman hears people
ka father (spirit) loves,father loves ka (spirit),father loves ka (spirit)
speaks mouth truth,mouth speaks truth,mouth speaks truth
town road foot,foot road town,foot road town
jar offering holds,jar holds offering,jar holds offering
life give to,to give life,to give life
gives stability pillar,pillar gives stability,pillar gives stability
world time endures,world endures time,world endures time
respects fear god,fear respects god,fear respects god
scribe hears god,scribe hears god,scribe hears god
of man rope sees coil,man sees coil of rope,man sees coil of rope
man hears owl,man hears owl,man hears owl
sky touches mountain,mountain touches sky,mountain touches sky
sky storm fear,storm sky fear,storm sky fear
father makes with basket handle,father makes basket with handle,father makes basket with handle
inside seat throne,seat inside throne,seat inside throne
retreat / west to return,to return / retreat west,to return / retreat west
servant rib / side sees,servant sees side / rib,servant sees side / rib
scarab life renews,scarab renews life,scarab renews life
power (djed) stability,stability (djed) power,stability (djed) power
wisdom old man,old man wisdom,old man wisdom
watches eye horizon,eye watches horizon,eye watches horizon
horizon above mountain,above mountain horizon,above mountain horizon
horizon god above,god above horizon,god above horizon
eats pellet / grain youth,youth eats grain / pellet,youth eats grain / pellet
town near desert,desert near town,desert near town
every thing lord,thing lord every,thing lord every
backbone king sees,king sees backbone,king sees backbone
lotus life plant,lotus plant life,lotus plant life
recorded book life,life recorded book,life recorded book
peace heart satisfy /,heart peace / satisfy,heart peace / satisfy
people holds city,city holds people,city holds people
child becomes youth,child becomes youth,child becomes youth
life (spirit) ka,ka (spirit) life,ka (spirit) life
see people king,people see king,people see king
lord authority every,authority lord every,authority lord every
offering fire burns,fire burns offering,fire burns offering
scribe book writing,book writing scribe,writing scribe book
pleases sweet heart,sweet pleases heart,sweet pleases heart
altar gives peace,altar gives peace,altar gives peace
makes scribe writing,scribe makes writing,scribe makes writing
above hill desert,above desert hill,above desert hill
god hears offering,god hears offering,god hears offering
life (ankh) sedge (king) loves,sedge (king) loves life (ankh),sedge (king) loves life (ankh)
reed shelter woman sees,woman sees reed shelter,woman sees reed shelter
road between towns,road between towns,road between towns
hears authority heart,heart hears authority,heart hears authority
he great king,he king great,he king great
god gives ankh,god gives ankh,god gives ankh
sees chisel man,man sees chisel,man sees chisel
heart feather (truth/maat),feather (truth/maat) heart,heart feather (truth/maat)
sweet heart pleases,sweet pleases heart,sweet pleases heart
/ upon face sky,sky face / upon,sky face / upon
lake ripple water,lake water ripple,water ripple lake
god become scarab,scarab become god,scarab become god
land above horizon,horizon above land,horizon above land
road walks man,man walks road,man walks road
hear people listen,hear listen people,hear listen people
boat crosses river,boat crosses river,boat crosses river
god life ankh,ankh life god,ankh life god
foot road desert,foot road desert,foot road desert
scribe makes writing,scribe makes writing,scribe makes writing
(spirit) underground ka,ka (spirit) underground,ka (spirit) underground
people holds house,house holds people,house holds people
seated man servant,servant seated man,servant seated man
maat brings order,maat brings order,maat brings order
makes lake king,king makes lake,king makes lake
river town behind,town behind river,town behind river
youth strong power,youth strong power,youth strong power
drink mouth eat speak,mouth eat drink speak,mouth eat drink speak
mountain above horizon,mountain above horizon,mountain above horizon
belly sees mother animal,mother sees animal belly,mother sees animal belly
behind city mountain,city behind mountain,city behind mountain
water drinks ripple man,man drinks water ripple,man drinks water ripple
leaf reed plant,reed leaf plant,reed leaf plant
gives king he,he king gives,he king gives
reed leaf plant,reed leaf plant,reed leaf plant
makes god sky,god makes sky,god makes sky
(ba) loves soul god,god loves soul (ba),god loves soul (ba)
hears woman cobra,woman hears cobra,woman hears cobra
force youth strength,youth strength force,youth strength force
he great king,he king great,he king great
sky storm in,storm in sky,storm in sky
plant field grows,plant grows field,plant grows field
king gives order,king gives order,king gives order
protects town king,king protects town,king protects town
sees forearm king,king sees forearm,king sees forearm
bird of youth head sees,youth sees head of bird,youth sees head of bird
god accepts offering,god accepts offering,god accepts offering
heart king hears,king hears heart,king hears heart
fear people god,people fear god,people fear god
cobra woman hears,woman hears cobra,woman hears cobra
house makes servant,servant makes house,servant makes house
life god ankh,life ankh god,life ankh god
stone cuts chisel,stone cuts chisel,stone cuts chisel
man brick makes old,old man makes brick,old man makes brick
behind gate god,god behind gate,god behind gate
peace seeks heart,heart seeks peace,heart seeks peace
of bread eats loaf youth,youth eats loaf of bread,youth eats loaf of bread
old loves man youth,youth loves old man,youth loves old man
become / scarab life,scarab / become life,scarab / become life
town lord of,lord of town,lord of town
inside palace throne,throne inside palace,throne inside palace
father man becomes,man becomes father,man becomes father
maat obeys heart,heart obeys maat,heart obeys maat
people hear king,people hear king,people hear king
endures world time,world endures time,world endures time
basket every lord,basket lord every,basket lord every
soul ba flies,ba soul flies,ba soul flies
gives stability (djed) god,god gives stability (djed),god gives stability (djed)
speaks seated woman,seated woman speaks,seated woman speaks
town live people,people live town,people live town
gives life god,god gives life,god gives life
lord every thing,thing lord every,lord every thing
order sustains world,order sustains world,order sustains world
servant power authority,servant power authority,servant power authority
people hear god,people hear god,people hear god
gives power stability,stability gives power,stability gives power
field plows tills,field plows tills,plows tills field
sky swallow star,sky star swallow,sky star swallow
brings stability order,order brings stability,order brings stability
love people life,people love life,people love life
heart old wisdom,wisdom heart old,wisdom heart old
sun horizon above,sun above horizon,sun above horizon
with makes mother basket handle,mother makes basket with handle,mother makes basket with handle
man of coil sees rope,man sees coil of rope,man sees coil of rope
great mighty god,great god mighty,great mighty god
hears mother heart,mother hears heart,mother hears heart
desert lives hare,desert hare lives,desert hare lives
sky night owl,owl night sky,owl night sky
sees star eye,eye sees star,eye sees star
sedge (king) throne,sedge (king) throne,sedge (king) throne
book kept temple,book kept temple,book kept temple
earth above sky,sky above earth,sky above earth
conical god loaf gives (give),god gives conical loaf (give),god gives conical loaf (give)
strength god gives,god gives strength,god gives strength
sees scribe book,scribe sees book,scribe sees book
plant mother lotus sees,mother sees lotus plant,mother sees lotus plant
loves (king) (ankh) sedge life,sedge (king) loves life (ankh),sedge (king) loves life (ankh)
king god becomes,king becomes god,king becomes god
throne (king) sedge,sedge (king) throne,sedge (king) throne
jars in rack,jars in rack,jars in rack
ba lives soul,soul ba lives,soul ba lives
star mother sees,mother sees star,mother sees star
deity god throne,throne god deity,throne god deity
lake behind temple,lake behind temple,lake behind temple
(give) loaf gives god conical,god gives conical loaf (give),god gives conical loaf (give)
peace loves / content god (satisfied),god loves peace / content (satisfied),god loves peace / content (satisfied)
/ offering peace altar,peace / altar offering,peace / altar offering
father offering makes,father makes offering,father makes offering
palace near temple,palace near temple,palace near temple
(satisfied) content / heart peace,peace / content (satisfied) heart,peace / content (satisfied) heart
bread of loaf eats man,man eats loaf of bread,man eats loaf of bread
life power ankh,life ankh power,life ankh power
strong king rules,strong king rules,strong king rules
temple god holds,temple holds god,temple holds god
ripple moves water,water ripple moves,water ripple moves
djed pillar stability,stability djed pillar,djed pillar stability
mother sees desert,mother sees desert,mother sees desert
content peace satisfied,peace content satisfied,peace content satisfied
youth gives birth,gives birth youth,gives birth youth
/ strength force / marrow venerated,venerated / marrow strength / force,venerated / marrow strength / force
star temple above,star above temple,star above temple
heart god fear,heart fear god,heart fear god
west town beyond,west beyond town,west beyond town
king backbone sees,king sees backbone,king sees backbone
/ authority lord every,authority lord / every,lord / every authority
hill god makes desert,god makes desert hill,god makes desert hill
mighty / king great,great / mighty king,great / mighty king
desert road town,road desert town,road desert town
fire woman makes,woman makes fire,woman makes fire
sees in jars scribe rack,scribe sees jars in rack,scribe sees jars in rack
scribe water hears ripple,scribe hears water ripple,scribe hears water ripple
people hear listen /,hear / listen people,hear / listen people
youth of head bird sees,youth sees head of bird,youth sees head of bird
soul ba west,west soul ba,soul ba west
sedge king symbol,sedge king symbol,sedge king symbol
(every) master obeys all / servant (lord),servant obeys master (lord) / all (every),servant obeys master (lord) / all (every)
sees mountain father,father sees mountain,father sees mountain
god throne seat,seat throne god,throne seat god
soul returns life,soul returns life,soul returns life
memory holds place,place holds memory,place holds memory
throne god deity,throne god deity,throne god deity
road enters town,road enters town,road enters town
beauty good youth loves /,youth loves beauty / good,youth loves beauty / good
grandfather old pillar man,pillar grandfather old man,pillar grandfather old man
gives jar servant,servant gives jar,servant gives jar
god hears scribe,scribe hears god,scribe hears god
god great power,great god power,great god power
marks place cross,cross marks place,cross marks place
man city people,city people man,city people man
man speaks seated,seated man speaks,seated man speaks
old man remembers,old man remembers,old man remembers
youth becomes god,youth becomes god,youth becomes god
gives father ring,father gives ring,father gives ring
horned viper servant fears,servant fears horned viper,servant fears horned viper
temple sky above,sky above temple,sky above temple
woman eats conical (give) loaf,woman eats conical loaf (give),woman eats conical loaf (give)
book writing scribe,book writing scribe,book writing scribe
land life fills,life fills land,life fills land
water lake holds,lake holds water,lake holds water
love heart life,heart love life,heart love life
authority hears heart,heart hears authority,heart hears authority
protects family father,father protects family,father protects family
plows hill slope servant,servant plows hill slope,servant plows hill slope
mountain behind hill,mountain behind hill,hill behind mountain
man walks road,man walks road,man walks road
makes brick servant,servant makes brick,servant makes brick
father woman mother,woman mother father,woman mother father
kept book temple,book kept temple,book kept temple
god strength of,strength of god,strength of god
snake horned viper,horned viper snake,horned viper snake
strength king force,strength force king,strength force king
foot sees scribe,scribe sees foot,scribe sees foot
handle basket man cuts with,man cuts basket with handle,man cuts basket with handle
behind river city,city behind river,city behind river
mighty great god,great mighty god,great god mighty
sees man owl,man sees owl,man sees owl
/ face upon town,town face / upon,town face / upon
exists thing,thing exists,thing exists
temple house god,temple house god,temple house god
man sees seated throne,seated man sees throne,seated man sees throne
fire strength / force power,fire power strength / force,fire power strength / force
makes offering woman,woman makes offering,woman makes offering
(spirit) ka father loves,father loves ka (spirit),father loves ka (spirit)
sky faces temple,temple faces sky,temple faces sky
writing makes scribe,scribe makes writing,scribe makes writing
scribe writes thing,scribe writes thing,scribe writes thing
hears people woman,woman hears people,woman hears people
built house stone,house built stone,house built stone
king become god,king become god,king become god
holds book wisdom,book holds wisdom,book holds wisdom
gives (ankh) life god,god gives life (ankh),god gives life (ankh)
every lord basket,basket lord every,basket lord every
papyrus scroll writing,papyrus scroll writing,papyrus scroll writing
thing power authority,thing power authority,thing power authority
behind god gate,god behind gate,god behind gate
favor life brings,favor brings life,favor brings life
man sees throne seated,seated man sees throne,seated man sees throne
field grain grows,field grows grain,field grows grain
loves god (ba) soul,god loves soul (ba),god loves soul (ba)
basket handle with,basket with handle,basket with handle
underground west dead,west underground dead,west underground dead
king sees people,king sees people,king sees people
scribe book writing,writing scribe book,writing scribe book
house near road,house near road,house near road
become scarab life,scarab become life,scarab become life
king power strengthens,power strengthens king,power strengthens king
on offering altar,offering on altar,offering on altar
near temple river,temple near river,temple near river
woman loves good beauty /,woman loves beauty / good,woman loves beauty / good
god deity temple,temple god deity,temple god deity
offering holds jar,jar holds offering,jar holds offering
gives tethering rope king,king gives tethering rope,king gives tethering rope
eye god sees,eye sees god,eye sees god
father child mother,father mother child,father mother child
sees horned man viper,man sees horned viper,man sees horned viper
throne sits king,king sits throne,king sits throne
side rib backbone /,side / rib backbone,side / rib backbone
pillar old man grandfather,pillar grandfather old man,pillar grandfather old man
field grain gives,field gives grain,field gives grain
field (tills) plows,plows (tills) field,plows (tills) field
underground (ba) soul,soul (ba) underground,soul (ba) underground
lights star sky,star lights sky,star lights sky
temple face upon,face upon temple,temple face upon
mother plant lotus sees,mother sees lotus plant,mother sees lotus plant
near river lake,river near lake,river near lake
temple gives peace,temple gives peace,temple gives peace
hears god prayer,god hears prayer,god hears prayer
lake river near,river near lake,river near lake
sees star youth,youth sees star,youth sees star
hears man storm,man hears storm,man hears storm
temple people near,people near temple,people near temple
plant lotus life,lotus plant life,lotus plant life
behind desert west,west behind desert,west behind desert
house town brick,brick house town,brick town house
father protects people,father protects people,father protects people
gate has town,town has gate,town has gate
hears youth authority,youth hears authority,youth hears authority
god throne seated,god seated throne,seated god throne
authority king power,authority power king,authority power king
house shelter reed,reed shelter house,reed shelter house
youth sees underground,youth sees underground,youth sees underground
speaks king beauty good /,king speaks beauty / good,king speaks beauty / good
hears mother storm,mother hears storm,mother hears storm
writing scroll papyrus,papyrus scroll writing,papyrus scroll writing
servant / sees side rib,servant sees side / rib,servant sees side / rib
above town star,star above town,star above town
man belly animal sees,man sees animal belly,man sees animal belly
near town river,town near river,town near river
sees horizon youth,youth sees horizon,youth sees horizon
(ba) god soul sees,god sees soul (ba),god sees soul (ba)
peace satisfy love / people,people love peace / satisfy,people love peace / satisfy
hears man owl,man hears owl,man hears owl
power forearm hand,forearm hand power,forearm hand power
upon / sees youth face,youth sees face / upon,youth sees face / upon
sees placenta youth,youth sees placenta,youth sees placenta
loaf hand lifts,hand lifts loaf,hand lifts loaf
servant plows road,servant plows road,servant plows road
king loves authority,king loves authority,king loves authority
god protects people,god protects people,god protects people
field tills plows,plows tills field,plows tills field
people every lord /,lord / every people,lord / every people
in sky star,star in sky,star in sky
town great big,great big town,great big town
shapes power world,power shapes world,power shapes world
temple near river,temple near river,temple near river
jars stored grain,grain stored jars,grain stored jars
temple preserves truth,temple preserves truth,temple preserves truth
gives peace altar,altar gives peace,altar gives peace
vessel holds water,vessel holds water,vessel holds water
vessel holds water,vessel holds water,vessel holds water
conical (give) gives loaf god,god gives conical loaf (give),god gives conical loaf (give)
lord thing every,lord every thing,lord every thing
beautiful town city,beautiful city town,beautiful city town
side / rib backbone,side / rib backbone,side / rib backbone
horizon god makes,god makes horizon,god makes horizon
life (ankh) gives power,life (ankh) gives power,life (ankh) gives power
temple peace / altar,peace / altar temple,peace / altar temple
temple star above,star above temple,star above temple
truth scribe writes,scribe writes truth,scribe writes truth
milk jar drinks youth,youth drinks milk jar,youth drinks milk jar
town road enters,road enters town,road enters town
behind lake mountain,lake behind mountain,lake behind mountain
hand sickle holds,hand holds sickle,hand holds sickle
mountain king sees,king sees mountain,king sees mountain
venerated strength marrow /,venerated / marrow strength,venerated / marrow strength
seated god throne,seated god throne,god seated throne
order maat brings,maat brings order,maat brings order
fire youth sees,youth sees fire,youth sees fire
change brings time,time brings change,time brings change
town beyond west,west beyond town,west beyond town
god emerges horizon,god emerges horizon,god emerges horizon
order stability brings,order brings stability,order brings stability
man seated servant,servant seated man,servant seated man
hears servant master,servant hears master,servant hears master
ankh god gives,god gives ankh,god gives ankh
/ town people city,city / town people,city / town people
people holds house,house holds people,house holds people
temple sky faces,temple faces sky,temple faces sky
servant adze gives,servant gives adze,servant gives adze
man plant cuts,man cuts plant,man cuts plant
drink speak mouth eat,mouth eat drink speak,mouth eat drink speak
eye god sees,eye sees god,eye sees god
father hears servant,father hears servant,father hears servant
beside river road,road beside river,road beside river
/ pillar grandfather temple stone,stone temple pillar / grandfather,stone temple pillar / grandfather
force / fire power strength,fire power strength / force,fire power strength / force
spirit ka / (ba) the soul (the double),ka (the spirit / the double) soul (ba),ka (the spirit / the double) soul (ba)
makes fire woman,woman makes fire,woman makes fire
mother child feeds,mother feeds child,mother feeds child
/ writing scribe records life,writing / scribe records life,writing / scribe records life
/ force / strength venerated marrow,venerated / marrow strength / force,venerated / marrow strength / force
every lord authority,authority lord every,authority lord every
woman owl sees,woman sees owl,woman sees owl
fire god makes,god makes fire,god makes fire
house behind gate,house behind gate,house behind gate
hill sees youth,youth sees hill,youth sees hill
old youth man hears,old man hears youth,old man hears youth
mouth eat drink speak,mouth eat drink speak,mouth eat drink speak
fear feels heart,heart feels fear,heart feels fear
strong become to,to become strong,to become strong
crowns cobra king,cobra crowns king,cobra crowns king
good / woman loves beauty,woman loves beauty / good,woman loves beauty / good
servant lord master,master lord servant,master lord servant
gives he king,he king gives,he king gives
guards throne cobra,cobra guards throne,cobra guards throne
water floats vessel,vessel floats water,vessel floats water
sees slope hill youth,youth sees hill slope,youth sees hill slope
loves beautiful god / good,god loves beautiful / good,god loves beautiful / good
west to return,to return west,to return west
house build people,people build house,people build house
behind riverbank field,riverbank behind field,riverbank behind field
man head sees ox of,man sees head of ox,man sees head of ox
snake temple guards,snake guards temple,snake guards temple
to work do,to do work,to do work
reed shelter sees servant,servant sees reed shelter,servant sees reed shelter
sickle makes father,father makes sickle,father makes sickle
king become god,king become god,king become god
father head sees ox of,father sees head of ox,father sees head of ox
behind mountain sky,mountain behind sky,mountain behind sky
between towns road,road between towns,road between towns
jars sees scribe in rack,scribe sees jars in rack,scribe sees jars in rack
near field river,river near field,river near field
power great god,great god power,great god power
foot road desert,foot road desert,foot road desert
opens man door,man opens door,man opens door
truth maat feather,feather truth maat,feather truth maat
scribe records writing life /,writing / scribe records life,writing / scribe records life
god man old loves,god loves old man,god loves old man
owl sees woman,woman sees owl,woman sees owl
has door gate bolt,gate has door bolt,gate has door bolt
house opens door,door opens house,door opens house
great city becomes,city becomes great,city becomes great
lord / authority every,lord / every authority,lord / every authority
gate town guards,gate guards town,gate guards town
man hears old youth,old man hears youth,old man hears youth
west (ba) seeks soul,soul (ba) seeks west,soul (ba) seeks west
drinks milk man jar,man drinks milk jar,man drinks milk jar
sees scribe leaf reed,scribe sees reed leaf,scribe sees reed leaf
flows river life,life flows river,life flows river
deity offering god /,offering god / deity,offering god / deity
sweet bread offering,sweet bread offering,sweet bread offering
every people / lord,lord / every people,lord / every people
great god king,great god king,great god king
plant clump papyrus,papyrus clump plant,papyrus clump plant
scarab god become,scarab become god,scarab become god
/ rib side servant sees,servant sees side / rib,servant sees side / rib
boat river crosses,boat crosses river,boat crosses river
town city house,city town house,city town house
underground (spirit) ka,ka (spirit) underground,ka (spirit) underground
servant / all (every) sees master (lord),servant sees master (lord) / all (every),servant sees master (lord) / all (every)
placenta sees king,king sees placenta,king sees placenta
writes book scribe,scribe writes book,scribe writes book
future strength builds,strength builds future,strength builds future
work does hand,hand does work,hand does work
youth bread eats,youth eats bread,youth eats bread
placed offering altar,offering placed altar,offering placed altar
throne temple in,throne in temple,throne in temple
drinks child milk,child drinks milk,child drinks milk
stability power gives,stability gives power,stability gives power
woman seated woman,woman seated woman,woman seated woman
door opens bolt,door bolt opens,door bolt opens
sees lotus plant woman,woman sees lotus plant,woman sees lotus plant
sees servant gate,servant sees gate,servant sees gate
offering give to,to give offering,to give offering
(ba) seeks west soul,soul (ba) seeks west,soul (ba) seeks west
plant field grows,field grows plant,plant grows field
ripple river water,river water ripple,water ripple river
truth weighs heart,truth weighs heart,heart weighs truth
servant viper fears horned,servant fears horned viper,servant fears horned viper
god become to,to become god,to become god
behind mountain sky,mountain behind sky,mountain behind sky
god respects fear,fear respects god,fear respects god
all) king (lord / gives basket,king gives basket (lord / all),king gives basket (lord / all)
grain jar / pellet,grain / pellet jar,grain / pellet jar
offering placed altar,offering placed altar,offering placed altar
scroll papyrus writing,papyrus scroll writing,papyrus scroll writing
holds water jar,jar holds water,jar holds water
silence desert holds,desert holds silence,desert holds silence
gate youth sees,youth sees gate,youth sees gate
face eye upon,eye face upon,eye face upon
adze sees man,man sees adze,man sees adze
plows field tills,plows tills field,plows tills field
horned viper man sees,man sees horned viper,man sees horned viper
jar gives mother milk,mother gives milk jar,mother gives milk jar
bird of mother head sees,mother sees head of bird,mother sees head of bird
power shapes world,power shapes world,power shapes world
/ beauty loves mother good,mother loves beauty / good,mother loves beauty / good
speak / mouth eat drink /,mouth eat / drink / speak,mouth eat / drink / speak
handle sees servant basket with,servant sees basket with handle,servant sees basket with handle
scroll papyrus book,book papyrus scroll,book papyrus scroll
people hears scribe,scribe hears people,scribe hears people
power shapes world,power shapes world,power shapes world
life spirit ka,ka spirit life,ka spirit life
gives life father,father gives life,father gives life
pillar djed stability,stability djed pillar,djed pillar stability
grain gives field,field gives grain,field gives grain
grows field grain,field grows grain,field grows grain
scribe scribe writing / writes,scribe writes writing / scribe,scribe writes writing / scribe
eats grain youth / pellet,youth eats grain / pellet,youth eats grain / pellet
woman sees eye,woman sees eye,woman sees eye
mountain desert behind,desert behind mountain,desert behind mountain
bread servant of gives loaf,servant gives loaf of bread,servant gives loaf of bread
servant offering brings,servant brings offering,servant brings offering
water ripple lake,water ripple lake,water ripple lake
life ankh power,life ankh power,life ankh power
hill god makes slope,god makes hill slope,god makes hill slope
temple god house,temple house god,temple house god
heart peace satisfies,peace satisfies heart,peace satisfies heart
road slope hill,hill slope road,hill slope road
make to do,to do make,to do make
water ripple lake,lake water ripple,water ripple lake
fear storm people,people fear storm,people fear storm
god man hears / deity,man hears god / deity,man hears god / deity
desert hill beyond,desert beyond hill,desert beyond hill
mother horizon sees,mother sees horizon,mother sees horizon
becomes life great,life becomes great,life becomes great
order djed gives,djed gives order,djed gives order
scribe loves authority,scribe loves authority,scribe loves authority
wall guards town,wall guards town,wall guards town
gate cobra guards,cobra guards gate,cobra guards gate
altar / offering peace,peace / altar offering,offering peace / altar
vessel jar milk,milk jar vessel,milk jar vessel
cuts papyrus clump father,father cuts papyrus clump,father cuts papyrus clump
sees hill servant desert,servant sees desert hill,servant sees desert hill
rules town king,king rules town,king rules town
horned father sees viper,father sees horned viper,father sees horned viper
of mother bread eats loaf,mother eats loaf of bread,mother eats loaf of bread
maat (djed) stability,maat stability (djed),maat stability (djed)
soul joins ka,ka joins soul,ka joins soul
path hill slope,hill slope path,hill slope path
becoming life creates,becoming creates life,becoming creates life
house behind gate,gate behind house,house behind gate
to do make,to do make,to do make
mother field sees,mother sees field,mother sees field
god respects fear,fear respects god,fear respects god
power gives authority,authority gives power,authority gives power
man forearm hand,hand forearm man,hand forearm man
authority order gives,authority gives order,authority gives order
sees adze man,man sees adze,man sees adze
change becoming brings,change brings becoming,change brings becoming
father people protects,father protects people,father protects people
man old wisdom,old man wisdom,old man wisdom
papyrus clump cuts father,father cuts papyrus clump,father cuts papyrus clump
sees youth father,father sees youth,father sees youth
heart peace satisfy,peace satisfy heart,peace satisfy heart
god throne seated,god seated throne,seated god throne
hears god soul,god hears soul,god hears soul
loaf makes father conical (give),father makes conical loaf (give),father makes conical loaf (give)
life great becomes,life becomes great,life becomes great
rope of man sees coil,man sees coil of rope,man sees coil of rope
leads town road,road leads town,road leads town
mountain behind town,mountain behind town,mountain behind town
woman seated listens,seated woman listens,seated woman listens
life fills land,life fills land,life fills land
jars in rack house,jars in rack house,jars in rack house
king force strength,strength force king,strength force king
old wise man,old man wise,old man wise
hill slope road,hill slope road,hill slope road
father loves king,father loves king,father loves king
riverbank near field,riverbank near field,riverbank near field
loves authority king,king loves authority,king loves authority
near mountain temple,temple near mountain,temple near mountain
upon face gate /,gate face / upon,gate face / upon
above desert hill,above desert hill,above desert hill
place marks cross,cross marks place,cross marks place
temple face upon,temple face upon,temple face upon
above earth sky,sky above earth,sky above earth
old man youth,old man youth,old man youth
deity god man / hears,man hears god / deity,man hears god / deity
work servant does,servant does work,servant does work
scribe sees chisel,scribe sees chisel,scribe sees chisel
drinks milk jar youth,youth drinks milk jar,youth drinks milk jar
holds water jar,jar holds water,jar holds water
stored jars grain,grain stored jars,grain stored jars
pillar / stability grandfather (djed),stability (djed) pillar / grandfather,stability (djed) pillar / grandfather
man snake sees,man sees snake,man sees snake
sees youth senet board,youth sees senet board,youth sees senet board
holds house people,house holds people,house holds people
writing life records,writing records life,writing records life
mother youth loves,mother loves youth,mother loves youth
heart (truth/maat) feather,feather (truth/maat) heart,heart feather (truth/maat)
ripple lake water,lake water ripple,lake water ripple
gives life ankh,life ankh gives,ankh gives life
offering altar peace,offering peace altar,offering peace altar
(spirit) underground ka,ka (spirit) underground,ka (spirit) underground
west behind desert,west behind desert,west behind desert
god gives strength,god gives strength,god gives strength
/ writing scribe book,book writing / scribe,book writing / scribe
/ grain field yields pellet,field yields grain / pellet,field yields grain / pellet
underground soul (ba),soul (ba) underground,soul (ba) underground
upon life road (ankh),life (ankh) upon road,life (ankh) upon road
meets lake river,river meets lake,river meets lake
/ / mouth drink speak eat,mouth eat / drink / speak,mouth eat / drink / speak
book life recorded,life recorded book,life recorded book
river flows life,life flows river,life flows river
house brick town,brick house town,brick town house
strength strong makes,strength makes strong,strength makes strong
gate servant sees,servant sees gate,servant sees gate
youth hears backbone,youth hears backbone,youth hears backbone
throne sedge (king),sedge (king) throne,sedge (king) throne
mat / scribe hears stool,scribe hears stool / mat,scribe hears stool / mat
life heart fills,life fills heart,life fills heart
west beyond underground,underground beyond west,underground beyond west
house town city,city town house,city town house
offering vessel holds,vessel holds offering,vessel holds offering
king sees animal belly,king sees animal belly,king sees animal belly
boat river crosses,boat crosses river,boat crosses river
mother gives birth,mother gives birth,mother gives birth
king loves throne,king loves throne,king loves throne
above river town,town above river,town above river
slope hill desert,hill slope desert,hill slope desert
above star mountain,star above mountain,star above mountain
judgment of heart,judgment of heart,judgment of heart
makes brick servant,servant makes brick,servant makes brick
scribe bird sees of head,scribe sees head of bird,scribe sees head of bird
(truth/maat) maat feather,feather (truth/maat) maat,feather (truth/maat) maat
fear storm people,people fear storm,people fear storm
listen god hear /,hear / listen god,hear / listen god
sees scroll scribe,scribe sees scroll,scribe sees scroll
sees father west,father sees west,father sees west
desert sees servant hill,servant sees desert hill,servant sees desert hill
/ loves peace satisfy god,god loves peace / satisfy,god loves peace / satisfy
of bread eats loaf mother,mother eats loaf of bread,mother eats loaf of bread
servant flax twisted sees,servant sees twisted flax,servant sees twisted flax
mountain above horizon,horizon above mountain,mountain above horizon
peace youth / satisfy loves,youth loves peace / satisfy,youth loves peace / satisfy
creates life becoming,becoming creates life,becoming renews life
build house people,people build house,people build house
/ good beauty loves mother,mother loves beauty / good,mother loves beauty / good
swallow star sky,sky star swallow,star sky swallow
near field river,river near field,river near field
king sedge power,sedge king power,sedge king power
pleases god offering,offering pleases god,offering pleases god
man sees cobra,man sees cobra,man sees cobra
grain vessel fills,grain fills vessel,grain fills vessel
hears god man,man hears god,man hears god
meets river lake,river meets lake,river meets lake
scribe reed sees leaf,scribe sees reed leaf,scribe sees reed leaf
sees scribe lake,scribe sees lake,scribe sees lake
milk offering jar,milk jar offering,milk jar offering
grain gives life,grain gives life,grain gives life
fear people storm,people fear storm,people fear storm
water gives life,water gives life,water gives life
book writes scribe,scribe writes book,scribe writes book
peace love people,people love peace,people love peace
river water ripple,water ripple river,river water ripple
servant gives ring,servant gives ring,servant gives ring
above star mountain,star above mountain,star above mountain
temple town behind,temple behind town,temple behind town
strong man backbone,strong man backbone,strong backbone man
door opens bolt,door bolt opens,door bolt opens
love people king,people love king,people love king
sweet life becomes,life becomes sweet,life becomes sweet
stability (djed) gives god,god gives stability (djed),god gives stability (djed)
pool youth sees,youth sees pool,youth sees pool
god behind temple,god behind temple,god behind temple
loves mother father,mother loves father,father loves mother
offering god accepts,god accepts offering,god accepts offering
people cobra fear,people fear cobra,people fear cobra
ba soul west,soul ba west,soul ba west
woman storm hears,woman hears storm,woman hears storm
jar offering milk,milk jar offering,milk jar offering
sees old star man,old man sees star,old man sees star
underground sees youth,youth sees underground,youth sees underground
prayer hears god,god hears prayer,god hears prayer
house man makes,man makes house,man makes house
in jars rack sees scribe,scribe sees jars in rack,scribe sees jars in rack
force / / strength venerated marrow,venerated / marrow strength / force,venerated / marrow strength / force
judged heart maat,heart judged maat,heart judged maat
star above mountain,star above mountain,star above mountain
path leads temple,path leads temple,path leads temple
road behind house,road behind house,road behind house
/ altar mother loves peace,mother loves peace / altar,mother loves peace / altar
throne seat king /,seat / throne king,seat / throne king
/ side plows rib servant,servant plows side / rib,servant plows side / rib
peace loves god satisfy /,god loves peace / satisfy,god loves peace / satisfy
hears youth authority,youth hears authority,youth hears authority
god face (upon) on /,face / on (upon) god,face / on (upon) god
youth sees swallow (great),youth sees swallow (great),youth sees swallow (great)
king lake loves,king loves lake,king loves lake
power world shapes,power shapes world,power shapes world
offering temple placed,offering placed temple,offering placed temple
water vessel floats,vessel floats water,vessel floats water
stone / pillar grandfather,stone pillar / grandfather,stone pillar / grandfather
desert sees hill man,man sees desert hill,man sees desert hill
snake man sees,man sees snake,man sees snake
peace order gives,order gives peace,order gives peace
ankh life ka,life ankh ka,life ankh ka
stability / pillar grandfather,pillar / grandfather stability,pillar / grandfather stability
adze gives servant,servant gives adze,servant gives adze
/ king throne seat,seat / throne king,seat / throne king
fear of god,fear of god,fear of god
power strength gives,power gives strength,power gives strength
god temple holds,temple holds god,temple holds god
sees eye woman,woman sees eye,woman sees eye
ka holds heart,heart holds ka,heart holds ka
fear power people,people fear power,people fear power
father viper sees horned,father sees horned viper,father sees horned viper
woman hears god,woman hears god,woman hears god
(ba) west soul,soul (ba) west,soul (ba) west
ba soul life,soul ba life,soul ba life
peace / satisfy god,peace / satisfy god,peace / satisfy god
hears night owl,owl hears night,owl hears night
judges (truth/maat) heart feather,feather (truth/maat) judges heart,feather (truth/maat) judges heart
senet board sees youth,youth sees senet board,youth sees senet board
near hill desert,hill near desert,hill near desert
city river behind,city behind river,city behind river
rib / side sees servant,servant sees side / rib,servant sees side / rib
power great king,great king power,great king power
gives plant grain,plant gives grain,plant gives grain
ankh god gives,god gives ankh,god gives ankh
rope snake coils,snake coils rope,rope coils snake
behind lake mountain,lake behind mountain,lake behind mountain
god life ankh,ankh life god,ankh life god
underground holds west,west holds underground,west holds underground
life road (ankh) upon,life (ankh) upon road,life (ankh) upon road
cobra people fear,people fear cobra,people fear cobra
city big great,great big city,great big city
mother sees forearm,mother sees forearm,mother sees forearm
king seated god,king seated god,king seated god
gives storm fear,storm gives fear,storm gives fear
fear authority god,fear god authority,fear god authority
father loves child,father loves child,father loves child
strength force youth,youth strength force,youth strength force
temple pillar stone,temple stone pillar,temple stone pillar
stone builds temple,stone builds temple,stone builds temple
holds writing book,book holds writing,book holds writing
king sees town,king sees town,king sees town
city town people,city town people,city town people
house people build,people build house,people build house
behind river lake,river behind lake,river behind lake
gate man makes,man makes gate,man makes gate
behind wall gate,gate behind wall,gate behind wall
writes authority scribe,scribe writes authority,scribe writes authority
west soul underground,underground west soul,underground west soul
fear god people,people fear god,people fear god
writing book preserves,book preserves writing,book preserves writing
words mouth speaks,mouth speaks words,mouth speaks words
offering bring people,people bring offering,people bring offering
/ throne seat king,seat / throne king,seat / throne king
makes king temple,king makes temple,king makes temple
plows riverbank man,man plows riverbank,man plows riverbank
(truth/maat) feather heart,heart feather (truth/maat),heart feather (truth/maat)
pellet jar grain / fills,grain / pellet fills jar,grain / pellet fills jar
throne / deity seat,seat / throne deity,seat / throne deity
holds heart ka,heart holds ka,heart holds ka
father offering makes,father makes offering,father makes offering
pilgrims hears god,god hears pilgrims,god hears pilgrims
hoe sees man,man sees hoe,man sees hoe
town guards wall,wall guards town,wall guards town
drink mouth eats,mouth eats drink,mouth eats drink
god grants favor,god grants favor,god grants favor
underground (spirit) ka,ka (spirit) underground,ka (spirit) underground
face eye sees,eye sees face,eye sees face
river feeds field,river feeds field,river feeds field
mountain sky above,sky above mountain,sky above mountain
people seated man,people seated man,people seated man
seated king god /,seated god / king,seated god / king
upon temple face,temple face upon,face upon temple
he authority king,he king authority,he king authority
god hear listen /,god hear / listen,god hear / listen
of strength god,strength of god,strength of god
book kept temple,book kept temple,book kept temple
old / man marrow venerated,old man venerated / marrow,old man venerated / marrow
(ba) soul west,soul (ba) west,soul (ba) west
door opens bolt,door bolt opens,door bolt opens
king throne sedge,throne king sedge,throne king sedge
water vessel ripple,vessel water ripple,vessel water ripple
rack in house,rack in house,rack in house
becomes heart strong,heart becomes strong,heart becomes strong
eats man loaf bread of,man eats loaf of bread,man eats loaf of bread
hoe tills field,hoe tills field,hoe tills field
boat crosses river,boat crosses river,boat crosses river
soul lives ba,soul ba lives,soul ba lives
senet sees servant board,servant sees senet board,servant sees senet board
god sky makes,god makes sky,god makes sky
life (ankh) gives god,god gives life (ankh),god gives life (ankh)
god become to,to become god,to become god
papyrus father clump cuts,father cuts papyrus clump,father cuts papyrus clump
sees skins three fox scribe,scribe sees three fox skins,scribe sees three fox skins
king mountain sees,king sees mountain,king sees mountain
youth drinks ripple water,youth drinks water ripple,youth drinks water ripple
above altar fire,fire above altar,fire above altar
water ripple moves,water ripple moves,water ripple moves
sees adze servant,servant sees adze,servant sees adze
sky behind mountain,mountain behind sky,mountain behind sky
reed servant sees shelter,servant sees reed shelter,servant sees reed shelter
face man sees upon /,man sees face / upon,man sees face / upon
/ grain king pellet eats,king eats grain / pellet,king eats grain / pellet
jar woman makes milk,woman makes milk jar,woman makes milk jar
king bolt door makes,king makes door bolt,king makes door bolt
jars king rack in sees,king sees jars in rack,king sees jars in rack
beyond town west,west beyond town,west beyond town
power force strength,power strength force,power strength force
gate behind wall,gate behind wall,gate behind wall
leads road town,road leads town,road leads town
gives ancestor wisdom,ancestor gives wisdom,ancestor gives wisdom
deity old god sees / man,old man sees god / deity,old man sees god / deity
gives king life,king gives life,king gives life
temple altar peace,peace altar temple,peace altar temple
seat sits king,king sits seat,king sits seat
heart fear feels,heart feels fear,heart feels fear
plows road servant,servant plows road,servant plows road
grain pellet jar,grain pellet jar,grain pellet jar
god scribe hears,scribe hears god,scribe hears god
eats bread man of loaf,man eats loaf of bread,man eats loaf of bread
fear sky storm,storm fear sky,storm sky fear
old youth man hears,old man hears youth,old man hears youth
plows man field,man plows field,man plows field
people hears god,god hears people,god hears people
feather truth measures,feather measures truth,feather measures truth
star sky above,star above sky,star above sky
god adze gives,god gives adze,god gives adze
king sees belly animal,king sees animal belly,king sees animal belly
people throne see,people see throne,people see throne
town has gate,town has gate,town has gate
snake rope of coil rope,snake rope coil of rope,snake rope coil of rope
god fear of,fear of god,fear of god
king gives life,king gives life,king gives life
old wisdom man,old man wisdom,old man wisdom
leaf woman sees reed,woman sees reed leaf,woman sees reed leaf
man eats grain,man eats grain,man eats grain
star temple above,star above temple,star above temple
desert hill slope,desert hill slope,desert hill slope
man mat sees stool /,man sees stool / mat,man sees stool / mat
water ripple drinks man,man drinks water ripple,man drinks water ripple
bread gives king,king gives bread,king gives bread
god flows power,power flows god,power flows god
desert road town,road desert town,road desert town
satisfy / peace gives god,god gives peace / satisfy,god gives peace / satisfy
heart fear feels,heart feels fear,heart feels fear
father papyrus clump cuts,father cuts papyrus clump,father cuts papyrus clump
sky above horizon,above horizon sky,horizon above sky
rack jars sees mother in,mother sees jars in rack,mother sees jars in rack
voice hear listen,hear listen voice,hear listen voice
loaf gives conical (give) king,king gives conical loaf (give),king gives conical loaf (give)
heart (truth/maat) feather,heart feather (truth/maat),heart feather (truth/maat)
world holds people,world holds people,world holds people
(the spirit loves god the / double) ka,god loves ka (the spirit / the double),god loves ka (the spirit / the double)
bread of loaf eats youth,youth eats loaf of bread,youth eats loaf of bread
fear people storm,people fear storm,people fear storm
god seat throne,throne seat god,throne seat god
brings storm fear,storm brings fear,storm brings fear
gives (djed) stability king,king gives stability (djed),king gives stability (djed)
speaks good king / beauty,king speaks beauty / good,king speaks beauty / good
scribe eye sees,scribe sees eye,scribe sees eye
city people town,city town people,city town people
river town beside,river beside town,river beside town
loves father king,father loves king,father loves king
scribe authority writes,scribe writes authority,scribe writes authority
sits woman stool,woman sits stool,woman sits stool
fears storm youth,youth fears storm,youth fears storm
drink people eat,people eat drink,people eat drink
memory holds place,place holds memory,place holds memory
(ankh) soul life (ba),life (ankh) soul (ba),life (ankh) soul (ba)
water floats vessel,vessel floats water,vessel floats water
mother sees scribe,mother sees scribe,mother sees scribe
stone pillar / grandfather,stone pillar / grandfather,stone pillar / grandfather
near road gate,gate near road,gate near road
god upon face,god face upon,god face upon
great power mighty,great mighty power,power great mighty
mountain behind hill,mountain behind hill,hill behind mountain
gate town has,town has gate,town has gate
change time brings,time brings change,time brings change
peace gives altar,altar gives peace,altar gives peace
god power flows,power flows god,power flows god
heart of judgment,judgment of heart,judgment of heart
god becomes swallow,god becomes swallow,god becomes swallow
/ upon town face,town face / upon,town face / upon
rises sun sky,sun rises sky,sun rises sky
storm fear of,fear of storm,fear of storm
youth man becomes,youth becomes man,youth becomes man
rules town king,king rules town,king rules town
becomes great city,city becomes great,city becomes great
senet board servant sees,servant sees senet board,servant sees senet board
authority god commands,god commands authority,god commands authority
king sees placenta,king sees placenta,king sees placenta
water ripple lake,water ripple lake,water ripple lake
servant sees desert hill,servant sees desert hill,servant sees desert hill
writing / records scribe,writing / scribe records,writing / scribe records
foot scribe sees,scribe sees foot,scribe sees foot
city town near / road,road near city / town,road near city / town
brick builds house,brick builds house,brick builds house
sees forearm mother,mother sees forearm,mother sees forearm
behind brick snake,snake behind brick,snake behind brick
scribe sees mother,mother sees scribe,mother sees scribe
west old man sees,old man sees west,old man sees west
plant youth cuts,youth cuts plant,youth cuts plant
force strength youth,youth strength force,youth strength force
/ speak eat / drink man,man eat / drink / speak,man eat / drink / speak
ka spirit god,ka spirit god,ka spirit god
with makes father handle basket,father makes basket with handle,father makes basket with handle
(satisfied) heart peace / content,peace / content (satisfied) heart,peace / content (satisfied) heart
horizon emerges god,god emerges horizon,god emerges horizon
horizon mountain above,above mountain horizon,mountain above horizon
force strength youth,youth strength force,youth strength force
man eats grain,man eats grain,man eats grain
eats youth grain,youth eats grain,youth eats grain
leads road town,road leads town,road leads town
desert town surrounds,desert surrounds town,desert surrounds town
jars in rack,jars in rack,jars in rack
drink eat people,people eat drink,people eat drink
ka soul joins,ka joins soul,ka joins soul
(spirit) ka loves father,father loves ka (spirit),father loves ka (spirit)
strong he king,he king strong,he king strong
gives order king,king gives order,king gives order
god double) / loves (the ka the spirit,god loves ka (the spirit / the double),god loves ka (the spirit / the double)
man scribe writing,writing scribe man,writing scribe man
offering fire burns,fire burns offering,fire burns offering
bird scribe sees of head,scribe sees head of bird,scribe sees head of bird
fears storm servant,servant fears storm,servant fears storm
beneath god sky,god beneath sky,god beneath sky
hears deity scribe / god,scribe hears god / deity,scribe hears god / deity
before god altar,altar before god,altar before god
town behind city,town behind city,town behind city
sickle father makes,father makes sickle,father makes sickle
crosses road desert,road crosses desert,road crosses desert
road town desert,road desert town,road desert town
scribe king hears,king hears scribe,king hears scribe
plant ripple water lotus,lotus plant water ripple,lotus plant water ripple
mother (ba) hears soul,mother hears soul (ba),mother hears soul (ba)
stone strength gives,stone gives strength,stone gives strength
youth sees of head bird,youth sees head of bird,youth sees head of bird
/ the double) ka (ba) soul (the spirit,ka (the spirit / the double) soul (ba),ka (the spirit / the double) soul (ba)
content peace satisfied,peace content satisfied,peace content satisfied
upon sees eye / face,eye sees face / upon,eye sees face / upon
double) the (the god ka spirit loves /,god loves ka (the spirit / the double),god loves ka (the spirit / the double)
night hears owl,owl hears night,owl hears night
loaf woman conical (give) eats,woman eats conical loaf (give),woman eats conical loaf (give)
mighty great king,king great mighty,king great mighty
adze god gives,god gives adze,god gives adze
sees people god,god sees people,god sees people
gives offering hand,hand gives offering,hand gives offering
vessel rope binds,rope binds vessel,rope binds vessel
holds water vessel,vessel holds water,vessel holds water
field river near,river near field,river near field
love people life,people love life,people love life
jar milk youth drinks,youth drinks milk jar,youth drinks milk jar
mother (youth) child loves,mother loves child (youth),mother loves child (youth)
renews scarab life,scarab renews life,scarab renews life
youth birth gives,gives birth youth,gives birth youth
sky mountain above,sky above mountain,sky above mountain
power people fear,people fear power,people fear power
god temple in,god in temple,god in temple
ankh power life,life ankh power,life ankh power
father pellet / grain eats,father eats grain / pellet,father eats grain / pellet
/ deity throne god,throne god / deity,throne god / deity
venerated marrow / / force strength,venerated / marrow strength / force,venerated / marrow strength / force
west return to,to return west,to return west
god gives conical loaf (give),god gives conical loaf (give),god gives conical loaf (give)
town city road,road town city,road town city
riverbank river behind,river behind riverbank,river behind riverbank
soul seeks west,soul seeks west,soul seeks west
scribe sees lake,scribe sees lake,scribe sees lake
god woman hears,woman hears god,woman hears god
(ba) god sees soul,god sees soul (ba),god sees soul (ba)
temple god near,god near temple,god near temple
ancestor pillar grandfather,pillar grandfather ancestor,pillar grandfather ancestor
(ba) soul underground,soul (ba) underground,soul (ba) underground
king symbol sedge,sedge king symbol,sedge king symbol
family house lives,family lives house,family lives house
plows servant riverbank,servant plows riverbank,servant plows riverbank
returns life soul,soul returns life,soul returns life
sees star youth,youth sees star,youth sees star
makes cross god,god makes cross,god makes cross
temple / altar peace,peace / altar temple,peace / altar temple
deity great god,god deity great,god deity great
offering brings servant,servant brings offering,servant brings offering
fear respects authority,fear respects authority,fear respects authority
pillar temple stone,temple stone pillar,temple stone pillar
sky in storm,storm in sky,storm in sky
plant sickle cuts,sickle cuts plant,sickle cuts plant
soul ba lives,soul ba lives,soul ba lives
god power great,great god power,great god power
star above mountain,star above mountain,star above mountain
sky sees eye,eye sees sky,eye sees sky
road enters town,road enters town,road enters town
king loves power,king loves power,king loves power
sees chisel man,man sees chisel,man sees chisel
makes brick servant,servant makes brick,servant makes brick
inside throne palace,throne inside palace,throne inside palace
hears king people,king hears people,king hears people
becomes man father old,father becomes old man,father becomes old man
fire people fear,people fear fire,people fear fire
do make to,to do make,to do make
power gives life,life gives power,life gives power
truth seeks heart,heart seeks truth,heart seeks truth
seat throne king /,seat / throne king,seat / throne king
child milk drinks,child drinks milk,child drinks milk
do to work,to do work,to do work
loves mother child (youth),mother loves child (youth),mother loves child (youth)
king god becomes,king becomes god,king becomes god
order gives djed,djed gives order,djed gives order
does work hand,hand does work,hand does work
woman sees reed leaf,woman sees reed leaf,woman sees reed leaf
throne see people,people see throne,people see throne
town river beside,river beside town,river beside town
riverbank river behind,river behind riverbank,river behind riverbank
land grain grows,land grows grain,land grows grain
gives basket king with handle,king gives basket with handle,king gives basket with handle
road river crosses,road crosses river,road crosses river
cobra man sees,man sees cobra,man sees cobra
cuts youth plant,youth cuts plant,youth cuts plant
becoming creates life,becoming creates life,becoming creates life
king makes gate,king makes gate,king makes gate
god life ankh,life ankh god,ankh life god
underground west soul,west underground soul,underground west soul
hill desert near,hill near desert,hill near desert
life gives woman,woman gives life,woman gives life
temple dwells god,god dwells temple,god dwells temple
hears scribe swallow,scribe hears swallow,scribe hears swallow
river water ripple,river water ripple,river water ripple
king sees people,king sees people,king sees people
town mountain above,mountain above town,mountain above town
horned father viper sees,father sees horned viper,father sees horned viper
woman love man,man love woman,man love woman
youth birth mother gives,mother gives birth youth,mother gives birth youth
holds world people,world holds people,world holds people
servant sees gate,servant sees gate,servant sees gate
sedge king power,sedge king power,sedge king power
/ every thing lord,lord / every thing,lord / every thing
grain field riverbank,riverbank field grain,riverbank field grain
servant sees sickle,servant sees sickle,servant sees sickle
night owl sees,owl sees night,owl sees night
fear god power,fear power god,fear power god
field grain / pellet,field grain / pellet,field grain / pellet
fills grain jar,grain fills jar,grain fills jar
sees scribe eye,scribe sees eye,scribe sees eye
cross makes god,god makes cross,god makes cross
town of lord,lord of town,lord of town
ka god spirit,god ka spirit,ka spirit god
strength force king,strength force king,strength force king
field near river,river near field,river near field
opens found) / is temple (or exists,opens / exists (or is found) temple,opens / exists (or is found) temple
servant bird of head gives,servant gives head of bird,servant gives head of bird
river feeds field,river feeds field,river feeds field
flies soul ba,ba soul flies,ba soul flies
town river above,town above river,town above river
near field house,field near house,field near house
gate house near,house near gate,house near gate
town house brick,brick town house,brick town house
life becomes great,life becomes great,life becomes great
scribe backbone sees,scribe sees backbone,scribe sees backbone
gives servant vessel,servant gives vessel,servant gives vessel
king of authority,authority of king,authority of king
father loves mother,mother loves father,father loves mother
ankh god gives,god gives ankh,god gives ankh
peace heart fills,peace fills heart,peace fills heart
sweet tastes mouth,mouth tastes sweet,mouth tastes sweet
memory lives soul,memory lives soul,memory lives soul
pillar man grandfather old,pillar grandfather old man,pillar grandfather old man
horned servant viper fears,servant fears horned viper,servant fears horned viper
change becoming brings,change brings becoming,change brings becoming
bring people offering,people bring offering,people bring offering
jar grain fills,grain fills jar,grain fills jar
jars rack jar in,jar jars in rack,jar jars in rack
rack in house jars,jars in rack house,jars in rack house
servant chisel gives,servant gives chisel,servant gives chisel
field feeds river,river feeds field,river feeds field
writing book scribe,writing scribe book,writing scribe book
lord master people,master lord people,master lord people
youth learns writing,youth learns writing,youth learns writing
(truth/maat) heart judges feather,feather (truth/maat) judges heart,feather (truth/maat) judges heart
life gives plant,plant gives life,plant gives life
sky storm fear,storm fear sky,storm sky fear
god above people,god above people,god above people
youth sees lake,youth sees lake,youth sees lake
soul ba west,soul ba west,soul ba west
eats mouth grain,mouth eats grain,mouth eats grain
temple in altar,altar in temple,altar in temple
hill behind field,field behind hill,field behind hill
god power of,power of god,power of god
build house people,people build house,people build house
of head youth sees bird,youth sees head of bird,youth sees head of bird
king mighty great,king great mighty,king great mighty
gives (truth/maat) feather god,god gives feather (truth/maat),god gives feather (truth/maat)
grows grain land,land grows grain,land grows grain
peace temple gives,temple gives peace,temple gives peace
throne king seat,seat throne king,throne seat king
(ba) underground soul,soul (ba) underground,soul (ba) underground
face sees eye / upon,eye sees face / upon,eye sees face / upon
ankh plant life,plant life ankh,plant life ankh
riverbank river near,river near riverbank,river near riverbank
god fear people,people fear god,people fear god
above desert horizon,horizon above desert,horizon above desert
king throne seat,seat throne king,throne seat king
pellet sickle / cuts grain,sickle cuts grain / pellet,sickle cuts grain / pellet
owl sees man,man sees owl,man sees owl
(lord all) / basket offering,basket (lord / all) offering,basket (lord / all) offering
handle with basket,basket with handle,basket with handle
master all sees servant (every) (lord) /,servant sees master (lord) / all (every),servant sees master (lord) / all (every)
king people hears,king hears people,king hears people
rules cosmos god,god rules cosmos,god rules cosmos
loves mother scribe,mother loves scribe,mother loves scribe
gives god strength,god gives strength,god gives strength
people listen hear,hear listen people,hear listen people
lake scribe sees,scribe sees lake,scribe sees lake
people makes god,god makes people,god makes people
authority lord every,authority lord every,authority lord every
father makes sickle,father makes sickle,father makes sickle
king makes offering,king makes offering,king makes offering
storm fears youth,youth fears storm,youth fears storm
scribe papyrus clump sees,scribe sees papyrus clump,scribe sees papyrus clump
lotus plant makes god,god makes lotus plant,god makes lotus plant
plows servant rib side /,servant plows side / rib,servant plows side / rib
offering before god,offering before god,offering before god
loaf man eats bread of,man eats loaf of bread,man eats loaf of bread
papyrus clump plant,papyrus clump plant,papyrus clump plant
field hill behind,field behind hill,field behind hill
placed altar offering,offering placed altar,offering placed altar
snake brick behind,snake behind brick,snake behind brick
the god double) / spirit loves (the ka,god loves ka (the spirit / the double),god loves ka (the spirit / the double)
eats man drink,man eats drink,man eats drink
mountain horizon above,horizon above mountain,above mountain horizon
hill slope path,hill slope path,hill slope path
grain riverbank field,riverbank field grain,riverbank field grain
/ loves youth (the double) ka spirit the,youth loves ka (the spirit / the double),youth loves ka (the spirit / the double)
writing scribe book,writing scribe book,writing scribe book
god altar before,altar before god,altar before god
people master lord,master lord people,master lord people
milk jar holds,jar holds milk,jar holds milk
people hear / listen,hear / listen people,hear / listen people
door opens man,man opens door,man opens door
servant master lord,master lord servant,master lord servant
boat river crosses,boat crosses river,boat crosses river
brick town builds,brick builds town,brick builds town
slope desert hill,hill slope desert,hill slope desert
old marrow man / venerated,old man venerated / marrow,old man venerated / marrow
offering altar peace /,offering peace / altar,peace / altar offering
becomes great life,life becomes great,life becomes great
god field makes,god makes field,god makes field
king great mighty,great mighty king,king great mighty
people board play senet,people play senet board,people play senet board
gives father jar,father gives jar,father gives jar
beyond hill desert,desert beyond hill,desert beyond hill
backbone strong king,king strong backbone,king strong backbone
of gives servant bread loaf,servant gives loaf of bread,servant gives loaf of bread
town big great,great big town,great big town
ripple vessel water,vessel water ripple,vessel water ripple
/ every lord people,lord / every people,lord / every people
power king authority,authority power king,authority power king
life records writing,writing records life,writing records life
god gives basket with handle,god gives basket with handle,god gives basket with handle
lord town of,lord of town,lord of town
brings prayer peace,prayer brings peace,prayer brings peace
youth sees underground,youth sees underground,youth sees underground
brings fear silence,silence brings fear,silence brings fear
grain grows land,land grows grain,land grows grain
drinks jar man,man drinks jar,man drinks jar
youth pool sees,youth sees pool,youth sees pool
hill slope desert,desert hill slope,desert hill slope
father mountain sees,father sees mountain,father sees mountain
god king become,god become king,king become god
youth storm fears,youth fears storm,youth fears storm
god / offering deity,offering god / deity,offering god / deity
lake river meets,river meets lake,river meets lake
field (tills) plows,plows (tills) field,plows (tills) field
offering deity god /,offering god / deity,offering god / deity
eats bread youth,youth eats bread,youth eats bread
speaks mouth truth,mouth speaks truth,mouth speaks truth
town city people,city town people,city town people
storm people fear,people fear storm,people fear storm
scribe sees placenta,scribe sees placenta,scribe sees placenta
writing temple holds,temple holds writing,temple holds writing
loves heart truth,heart loves truth,heart loves truth
temple behind town,temple behind town,temple behind town
brings storm fear,storm brings fear,storm brings fear
hill youth sees,youth sees hill,youth sees hill
in jars rack,jars in rack,jars in rack
cobra father hears,father hears cobra,father hears cobra
basket king gives (lord all) /,king gives basket (lord / all),king gives basket (lord / all)
drink people eat,people eat drink,people eat drink
beyond gate town,town beyond gate,town beyond gate
protects gate city,gate protects city,gate protects city
rises sky sun,sun rises sky,sun rises sky
fear power people,people fear power,people fear power
seated woman speaks,seated woman speaks,seated woman speaks
upon face youth / sees,youth sees face / upon,youth sees face / upon
sees scribe foot,scribe sees foot,scribe sees foot
cobra guards temple,cobra guards temple,cobra guards temple
authority lord every /,authority lord / every,authority lord / every
quail chick sees youth,youth sees quail chick,youth sees quail chick
desert road foot,foot road desert,foot road desert
papyrus father cuts clump,father cuts papyrus clump,father cuts papyrus clump
behind road town,road behind town,road behind town
in temple god,god in temple,god in temple
temple behind town,temple behind town,temple behind town
father makes jar,father makes jar,father makes jar
gives ankh life,life ankh gives,life ankh gives
words speaks mouth,mouth speaks words,mouth speaks words
god sees father,father sees god,father sees god
city house town,city town house,city town house
gives fear fire,fire gives fear,fire gives fear
peace satisfies heart,peace satisfies heart,peace satisfies heart
mother beauty / good loves,mother loves beauty / good,mother loves beauty / good
handle basket gives with king,king gives basket with handle,king gives basket with handle
(truth/maat) god feather gives,god gives feather (truth/maat),god gives feather (truth/maat)
king throne of,throne of king,throne of king
town city beautiful,beautiful city town,beautiful city town
god offering before,offering before god,offering before god
viper horned cobra,cobra horned viper,cobra horned viper
side rib sees father /,father sees side / rib,father sees side / rib
man rib side,side rib man,side rib man
supports backbone strength,strength supports backbone,strength supports backbone
sweet life becomes,life becomes sweet,life becomes sweet
/ sickle grain cuts pellet,sickle cuts grain / pellet,sickle cuts grain / pellet
above temple star,star above temple,star above temple
milk servant jar gives,servant gives milk jar,servant gives milk jar
of power king,power of king,power of king
underground youth sees,youth sees underground,youth sees underground
god adze gives,god gives adze,god gives adze
/ altar offering peace,offering peace / altar,offering peace / altar
rope tethering vessel,tethering rope vessel,tethering rope vessel
mother feeds child,mother feeds child,mother feeds child
mighty god great,god great mighty,great mighty god
makes people god,god makes people,god makes people
house gate behind,house behind gate,house behind gate
mountain sees father,father sees mountain,father sees mountain
power sedge (king),sedge (king) power,sedge (king) power
youth sees swallow,youth sees swallow,youth sees swallow
people field plow,people plow field,people plow field
man cuts plant,man cuts plant,man cuts plant
basket all) offering / (lord,basket (lord / all) offering,basket (lord / all) offering
writing / scribe book,book writing / scribe,book writing / scribe
above mountain sky,sky above mountain,sky above mountain
authority god fear,fear god authority,fear god authority
gate house behind,house behind gate,house behind gate
makes god field,god makes field,god makes field
mother sees field,mother sees field,mother sees field
game senet board,senet board game,senet board game
above sky hill,sky above hill,sky above hill
town city people,city town people,city town people
house city town,city town house,city town house
scribe sees cloth folded,scribe sees folded cloth,scribe sees folded cloth
throne god seat,throne seat god,throne seat god
authority hears king,king hears authority,king hears authority
/ king seated god,seated god / king,seated god / king
scroll papyrus records,papyrus scroll records,papyrus scroll records
bread eats youth,youth eats bread,youth eats bread
/ eat drink mouth speak /,mouth eat / drink / speak,mouth eat / drink / speak
offering jar holds,jar holds offering,jar holds offering
town river flows,river flows town,river flows town
god authority commands,god commands authority,god commands authority
holds city people,city holds people,city holds people
road riverbank near,road near riverbank,road near riverbank
head sees scribe of bird,scribe sees head of bird,scribe sees head of bird
sky temple above,sky above temple,sky above temple
papyrus sees scribe scroll,scribe sees papyrus scroll,scribe sees papyrus scroll
work does hand,hand does work,hand does work
king sees riverbank,king sees riverbank,king sees riverbank
face god upon,face upon god,god face upon
life gives ankh,ankh gives life,life ankh gives
god ka spirit,god ka spirit,ka spirit god
peace fills heart,peace fills heart,peace fills heart
scarab become life,scarab become life,scarab become life
speaks father truth,father speaks truth,father speaks truth
(upon) / god face on,face / on (upon) god,face / on (upon) god
bird of man sees head,man sees head of bird,man sees head of bird
scribe writing makes,scribe makes writing,scribe makes writing
scribe book writes,scribe writes book,scribe writes book
pellet / grain field,field grain / pellet,field grain / pellet
god offering vessel,vessel offering god,vessel offering god
life people fills,life fills people,life fills people
life creates becoming,becoming creates life,becoming creates life
adze sees man,man sees adze,man sees adze
foot scribe sees,scribe sees foot,scribe sees foot
heart feather (truth/maat),feather (truth/maat) heart,heart feather (truth/maat)
/ scribe writes scribe writing,scribe writes writing / scribe,scribe writes writing / scribe
above land horizon,horizon above land,horizon above land
master all (every) (lord) /,master (lord) / all (every),master (lord) / all (every)
sees animal king belly,king sees animal belly,king sees animal belly
king loves lake,king loves lake,king loves lake
food family feeds,food feeds family,food feeds family
loves authority king,king loves authority,king loves authority
placed temple offering,offering placed temple,offering placed temple
floats water vessel,vessel floats water,vessel floats water
servant adze gives,servant gives adze,servant gives adze
servant hill sees desert,servant sees desert hill,servant sees desert hill
backbone man strong,strong backbone man,strong backbone man
scribe scroll sees papyrus,scribe sees papyrus scroll,scribe sees papyrus scroll
gives servant vessel,servant gives vessel,servant gives vessel
life gives god,god gives life,god gives life
fire gives fear,fire gives fear,fire gives fear
pillar ancestor grandfather,pillar grandfather ancestor,pillar grandfather ancestor
deity throne god,throne god deity,throne god deity
reed house shelter,reed shelter house,reed shelter house
fire fear gives,fire gives fear,fire gives fear
stone grandfather pillar,stone pillar grandfather,stone pillar grandfather
sees woman shelter reed,woman sees reed shelter,woman sees reed shelter
river road beside,road beside river,road beside river
servant does work,servant does work,servant does work
measures truth feather,feather measures truth,feather measures truth
near river temple,temple near river,temple near river
city man people,city people man,city people man
great mighty king,great mighty king,king great mighty
door opens house,door opens house,door opens house
king sees mountain,king sees mountain,king sees mountain
writing book preserves,book preserves writing,book preserves writing
face upon god,god face upon,face upon god
respects fear god,fear respects god,fear respects god
cobra king guards,cobra guards king,cobra guards king
city man people,city people man,city people man
scribe stool / hears mat,scribe hears stool / mat,scribe hears stool / mat
hears god voice,god hears voice,god hears voice
opens door man,man opens door,man opens door
sees god father,father sees god,father sees god
altar above fire,fire above altar,fire above altar
lives spirit ka,ka spirit lives,ka spirit lives
hears authority king,king hears authority,king hears authority
world shapes power,power shapes world,power shapes world
gives servant chisel,servant gives chisel,servant gives chisel
soul life ba,soul ba life,soul ba life
soul ka (ba) joins (spirit),ka (spirit) joins soul (ba),ka (spirit) joins soul (ba)
people drink eat,people eat drink,people eat drink
all (lord) hears scribe / master (every),scribe hears master (lord) / all (every),scribe hears master (lord) / all (every)
plant clump papyrus,papyrus clump plant,papyrus clump plant
great big god,god great big,god great big
scribe all / (every) (lord) hears master,scribe hears master (lord) / all (every),scribe hears master (lord) / all (every)
board game senet,senet board game,senet board game
swallow sees youth,youth sees swallow,youth sees swallow
heart holds fear,heart holds fear,heart holds fear
pilgrims temple enter,pilgrims enter temple,pilgrims enter temple
woman seated listens,seated woman listens,seated woman listens
wisdom ancestor gives,ancestor gives wisdom,ancestor gives wisdom
stability gives djed,djed gives stability,djed gives stability
listens man seated,seated man listens,seated man listens
life returns soul,soul returns life,soul returns life
mother bread eats of loaf,mother eats loaf of bread,mother eats loaf of bread
altar offering placed,offering placed altar,offering placed altar
city town road near /,road near city / town,road near city / town
strength seeks youth,youth seeks strength,youth seeks strength
forearm sees mother,mother sees forearm,mother sees forearm
spirit god ka,ka spirit god,god ka spirit
great mighty god,god great mighty,great mighty god
/ ka the god (the double) spirit loves,god loves ka (the spirit / the double),god loves ka (the spirit / the double)
old man wisdom,old man wisdom,old man wisdom
power strong backbone,strong backbone power,strong backbone power
cuts plant youth,youth cuts plant,youth cuts plant
jars rack in,jars in rack,jars in rack
ankh life god,ankh life god,life ankh god
underground sees man,man sees underground,man sees underground
heart fear holds,heart holds fear,heart holds fear
king throne loves,king loves throne,king loves throne
feather (truth/maat) judges heart,feather (truth/maat) judges heart,feather (truth/maat) judges heart
(ba) (spirit) soul ka joins,ka (spirit) joins soul (ba),ka (spirit) joins soul (ba)
horned snake viper,horned viper snake,horned viper snake
of town lord,lord of town,lord of town
gives storm fear,storm gives fear,storm gives fear
peace temple altar,peace altar temple,peace altar temple
mighty great king,great mighty king,king great mighty
plant water lotus ripple,lotus plant water ripple,lotus plant water ripple
conical scribe loaf (give) gives,scribe gives conical loaf (give),scribe gives conical loaf (give)
temple altar peace,peace altar temple,peace altar temple
makes god field,god makes field,god makes field
people god honor,people honor god,people honor god
king throne sedge,throne king sedge,throne king sedge
god sees / old man deity,old man sees god / deity,old man sees god / deity
eye sees horizon,eye sees horizon,eye sees horizon
behind desert west,west behind desert,west behind desert
scribe hears people,scribe hears people,scribe hears people
desert mother sees,mother sees desert,mother sees desert
loves scribe authority,scribe loves authority,scribe loves authority
seeks strength youth,youth seeks strength,youth seeks strength
gives chisel servant,servant gives chisel,servant gives chisel
holds water jar,jar holds water,jar holds water
star mother sees,mother sees star,mother sees star
authority comes law,law comes authority,law comes authority
town sky above,sky above town,sky above town
stability djed power,stability djed power,stability djed power
in rack house,rack in house,rack in house
drink eats mouth,mouth eats drink,mouth eats drink
birth / begets gives god,god gives birth / begets,god gives birth / begets
slope sees man hill,man sees hill slope,man sees hill slope
god ka spirit,god ka spirit,ka spirit god
lake ripple water,lake water ripple,water ripple lake
prayer brings peace,prayer brings peace,prayer brings peace
dead underground west,west underground dead,west underground dead
grain / pellet yields field,field yields grain / pellet,field yields grain / pellet
becomes heart peace,heart becomes peace,heart becomes peace
fear authority god,fear god authority,fear god authority
gives strength backbone,backbone gives strength,backbone gives strength
road town foot,foot road town,foot road town
house man makes,man makes house,man makes house
servant road plows,servant plows road,servant plows road
mouth words speaks,mouth speaks words,mouth speaks words
he authority king,he king authority,he king authority
offering in vessel,offering in vessel,offering in vessel
plows road servant,servant plows road,servant plows road
authority of king,authority of king,authority of king
city town people,city town people,city town people
basket lord every,basket lord every,basket lord every
fear heart holds,heart holds fear,heart holds fear
sees man cobra,man sees cobra,man sees cobra
/ deity god offering,offering god / deity,offering god / deity
man marrow old venerated /,old man venerated / marrow,old man venerated / marrow
(great) youth sees swallow,youth sees swallow (great),youth sees swallow (great)
life ankh god,life ankh god,life ankh god
king mountain sees,king sees mountain,king sees mountain
brick servant makes,servant makes brick,servant makes brick
power maintains order,power maintains order,power maintains order
temple deity god,temple god deity,temple god deity
the loves youth / (the spirit ka double),youth loves ka (the spirit / the double),youth loves ka (the spirit / the double)
makes slope hill god,god makes hill slope,god makes hill slope
placenta sees mother,mother sees placenta,mother sees placenta
god people hear,people hear god,people hear god
of strength god,strength of god,strength of god
gives bird head servant of,servant gives head of bird,servant gives head of bird
strength power gives,power gives strength,power gives strength
holds vessel water,vessel holds water,vessel holds water
writes scribe authority,scribe writes authority,scribe writes authority
judged maat heart,heart judged maat,heart judged maat
father offering makes,father makes offering,father makes offering
fills life land,life fills land,life fills land
deity scribe hears god /,scribe hears god / deity,scribe hears god / deity
/ man / speak drink eat,man eat / drink / speak,man eat / drink / speak
throne king sits,king sits throne,king sits throne
father ring gives,father gives ring,father gives ring
bring people offering,people bring offering,people bring offering
mother jar sees milk,mother sees milk jar,mother sees milk jar
god people see deity /,people see god / deity,people see god / deity
road town foot,foot road town,foot road town
feather heart (truth/maat),feather (truth/maat) heart,truth/maat) heart
god gives peace,god gives peace,god gives peace
book writes scribe,scribe writes book,scribe writes book
god desert hill makes,god makes desert hill,god makes desert hill
god ka spirit,ka spirit god,ka spirit god
hear listen / god,god hear / listen,god hear / listen
servant work do,servant do work,servant do work
face woman upon,woman face upon,woman face upon
mouth sweet tastes,mouth tastes sweet,mouth tastes sweet
old / eats man pellet grain,old man eats grain / pellet,old man eats grain / pellet
of authority king,authority of king,authority of king
face upon eye,eye face upon,eye face upon
makes single scribe stroke,scribe makes single stroke,scribe makes single stroke
near river temple,temple near river,temple near river
truth measures feather,feather measures truth,feather measures truth
authority power king,authority power king,authority power king
father loves king,father loves king,father loves king
makes handle basket mother with,mother makes basket with handle,mother makes basket with handle
/ scribe writing book,writing / scribe book,writing / scribe book
life ankh plant,plant life ankh,plant life ankh
gives god / great mighty,god gives great / mighty,god gives great / mighty
old wisdom heart,wisdom heart old,wisdom heart old
youth star sees,youth sees star,youth sees star
youth force strength,youth strength force,youth strength force
forearm man hand,hand forearm man,hand forearm man
sky reflects lake,lake reflects sky,lake reflects sky
protects people god,god protects people,god protects people
order ensures maat,maat ensures order,maat ensures order
water jar holds,jar holds water,jar holds water
ripple water lake,water ripple lake,water ripple lake
/ peace loves satisfy king,king loves peace / satisfy,king loves peace / satisfy
heart hears god,god hears heart,god hears heart
life father gives,father gives life,father gives life
field grows plant,field grows plant,plant grows field
life ankh gives,ankh gives life,life ankh gives
jar offering milk,milk jar offering,milk jar offering
life spirit ka,ka spirit life,ka spirit life
heart peace seeks,heart seeks peace,heart seeks peace
drinks water ripple youth,youth drinks water ripple,youth drinks water ripple
god sees people,god sees people,god sees people
sees woman owl,woman sees owl,woman sees owl
touches sky mountain,mountain touches sky,mountain touches sky
pillar supports grandfather house /,pillar / grandfather supports house,pillar / grandfather supports house
/ god strength gives force,god gives strength / force,god gives strength / force
becomes god king,king becomes god,king becomes god
strong king rules,strong king rules,strong king rules
love king people,people love king,people love king
stability gives maat,maat gives stability,maat gives stability
strength gains youth,youth gains strength,youth gains strength
gains youth strength,youth gains strength,youth gains strength
book scroll papyrus,book papyrus scroll,papyrus scroll book
road follow people,people follow road,people follow road
face god upon,face upon god,god face upon
sees soul god (ba),god sees soul (ba),god sees soul (ba)
behind west underground,underground behind west,underground behind west
city beautiful town,beautiful city town,beautiful city town
desert surrounds town,desert surrounds town,desert surrounds town
in rack jars house,jars in rack house,jars in rack house
sees father head ox of,father sees head of ox,father sees head of ox
above star sky,star above sky,star above sky
king people see,people see king,people see king
makes sky god,god makes sky,god makes sky
gives power life,life gives power,life gives power
sees lake youth,youth sees lake,youth sees lake
town house behind,house behind town,house behind town
field near river,river near field,river near field
desert surrounds town,desert surrounds town,desert surrounds town
people god hears,god hears people,god hears people
hears king truth,king hears truth,king hears truth
river city behind,city behind river,city behind river
wall gate behind,gate behind wall,gate behind wall
hand mother sees,mother sees hand,mother sees hand
sees gate youth,youth sees gate,youth sees gate
god listen hear /,hear / listen god,god hear / listen
god deity / offering,offering god / deity,offering god / deity
woman listens seated,seated woman listens,seated woman listens
sees scribe eye,scribe sees eye,scribe sees eye
pillar stone temple / grandfather,stone temple pillar / grandfather,stone temple pillar / grandfather
towns between road,road between towns,road between towns
life god gives,god gives life,god gives life
town near desert,desert near town,desert near town
(lord) (every) master all /,master (lord) / all (every),master (lord) / all (every)
life give to,to give life,to give life
king makes temple,king makes temple,king makes temple
holds hand rope,hand holds rope,hand holds rope
great god king,great god king,great god king
great god mighty,great mighty god,great mighty god
town road desert,road desert town,road desert town
mountain behind city,city behind mountain,city behind mountain
of servant head bird sees,servant sees head of bird,servant sees head of bird
(djed) / pillar stability grandfather,stability (djed) pillar / grandfather,stability (djed) pillar / grandfather
town desert road,road desert town,road desert town
fire fear people,people fear fire,people fear fire
god pilgrims hears,god hears pilgrims,god hears pilgrims
sees owl woman,woman sees owl,woman sees owl
silence fear brings,silence brings fear,silence brings fear
gives man chisel,man gives chisel,man gives chisel
leaf sees reed mother,mother sees reed leaf,mother sees reed leaf
king throne loves,king loves throne,king loves throne
riverbank hill slopes,riverbank slopes hill,riverbank slopes hill
makes sky god,god makes sky,god makes sky
cobra throne guards,cobra guards throne,cobra guards throne
sees king town,king sees town,king sees town
listen people hear,hear listen people,hear listen people
eats grain youth,youth eats grain,youth eats grain
scribe / scribe sees writing,scribe sees writing / scribe,scribe sees writing / scribe
night owl hears,owl hears night,owl hears night
grows field grain,field grows grain,field grows grain
papyrus sees scribe clump,scribe sees papyrus clump,scribe sees papyrus clump
walks road foot,foot walks road,foot walks road
servant road plows,servant plows road,servant plows road
mother woman becomes,woman becomes mother,woman becomes mother
twisted servant flax sees,servant sees twisted flax,servant sees twisted flax
town builds brick,brick builds town,brick builds town
hears mother youth,mother hears youth,mother hears youth
bird head watches,bird head watches,bird head watches
opens house gate,gate opens house,gate opens house
obeys maat heart,heart obeys maat,heart obeys maat
eats grain mouth,mouth eats grain,mouth eats grain
serve king people,people serve king,people serve king
city big great,great big city,great big city
near town river,town near river,town near river
(upon) god on / face,face / on (upon) god,face / on (upon) god
woman listens seated,seated woman listens,seated woman listens
door king bolt makes,king makes door bolt,king makes door bolt
lake temple behind,lake behind temple,lake behind temple
weighs truth heart,truth weighs heart,heart weighs truth
west soul ba,soul ba west,soul ba west
hears youth old man,old man hears youth,old man hears youth
god soul hears,god hears soul,god hears soul
youth old loves man,youth loves old man,youth loves old man
field near river,river near field,river near field
djed stability power,stability djed power,stability djed power
temple upon face /,temple face / upon,temple face / upon
strength gives god,god gives strength,god gives strength
boat crosses river,boat crosses river,boat crosses river
gives joy life,life gives joy,life gives joy
sees writing / scribe scribe,scribe sees writing / scribe,scribe sees scribe / writing
bread loaf man of eats,man eats loaf of bread,man eats loaf of bread
hear people king,people hear king,people hear king
vessel servant gives,servant gives vessel,servant gives vessel
heart becomes peace,heart becomes peace,heart becomes peace
opens gate town,gate opens town,gate opens town
foot road walks,foot walks road,foot walks road
/ upon face sky,sky face / upon,sky face / upon
has man heart,man has heart,man has heart
loaf youth eats bread of,youth eats loaf of bread,youth eats loaf of bread
to return west,to return west,to return west
desert behind hill,hill behind desert,hill behind desert
forearm king sees,king sees forearm,king sees forearm
king makes offering,king makes offering,king makes offering
gives king life,king gives life,king gives life
satisfy / youth loves peace,youth loves peace / satisfy,youth loves peace / satisfy
temple has city,city has temple,city has temple
follow people road,people follow road,people follow road
town near desert,desert near town,desert near town
people town city,city town people,city town people
beneath god sky,god beneath sky,god beneath sky
god all) basket gives / (lord,god gives basket (lord / all),god gives basket (lord / all)
behind mountain sky,mountain behind sky,mountain behind sky
gate has town,town has gate,town has gate
god / peace satisfy,peace / satisfy god,peace / satisfy god
(ba) underground soul,soul (ba) underground,soul (ba) underground
sweet becomes life,life becomes sweet,life becomes sweet
scribe makes stroke single,scribe makes single stroke,scribe makes single stroke
gate town has,town has gate,town has gate
head ox sees youth of,youth sees head of ox,youth sees head of ox
strength makes strong,strength makes strong,strength makes strong
pillar djed stability,djed pillar stability,djed pillar stability
(lord) all master / (every),master (lord) / all (every),master (lord) / all (every)
bread loaf of,loaf of bread,loaf of bread
heart man has,man has heart,man has heart
writing youth learns,youth learns writing,youth learns writing
mother loves father,mother loves father,father loves mother
god mighty great,great god mighty,great mighty god
sees ox of father head,father sees head of ox,father sees head of ox
life scarab become,scarab become life,scarab become life
king scroll papyrus sees,king sees papyrus scroll,king sees papyrus scroll
sees youth sky,youth sees sky,youth sees sky
truth measures feather,feather measures truth,feather measures truth
(great) hears swallow mother,mother hears swallow (great),mother hears swallow (great)
field plows tills,field plows tills,plows tills field
loves authority scribe,scribe loves authority,scribe loves authority
desert road crosses,road crosses desert,road crosses desert
face sees eye,eye sees face,eye sees face
road river crosses,road crosses river,road crosses river
sees father youth,father sees youth,father sees youth
conical (give) god loaf gives,god gives conical loaf (give),god gives conical loaf (give)
altar peace / temple,peace / altar temple,peace / altar temple
storm fears servant,servant fears storm,servant fears storm
life gives ankh,ankh gives life,life ankh gives
palace near temple,palace near temple,palace near temple
man plant eats lotus,man eats lotus plant,man eats lotus plant
people obey authority,people obey authority,people obey authority
seeks peace heart,heart seeks peace,heart seeks peace
city road town,road town city,road town city
(king) sedge life (ankh) loves,sedge (king) loves life (ankh),sedge (king) loves life (ankh)
city near / town road,road near city / town,road near city / town
chisel cuts stone,chisel cuts stone,chisel cuts stone
sees underground man,man sees underground,man sees underground
house reed shelter,reed shelter house,reed shelter house
servant makes gate,servant makes gate,servant makes gate
city man people,city people man,city people man
town face upon /,town face / upon,town face / upon
papyrus writing scroll,papyrus scroll writing,papyrus scroll writing
town city road,road town city,road town city
drinks ripple man water,man drinks water ripple,man drinks water ripple
sees / beauty good youth,youth sees beauty / good,youth sees beauty / good
builds temple stone,stone builds temple,stone builds temple
hears god people,god hears people,god hears people
speaks truth mouth,mouth speaks truth,mouth speaks truth
field holds land,land holds field,land holds field
lake river behind,river behind lake,river behind lake
water vessel ripple,vessel water ripple,vessel water ripple
sees hoe man,man sees hoe,man sees hoe
desert sees man hill,man sees desert hill,man sees desert hill
sees mother eye,mother sees eye,mother sees eye
maat stability (djed),maat stability (djed),maat stability (djed)
order peace gives,order gives peace,order gives peace
god mighty great,god great mighty,great mighty god
behind gate house,gate behind house,house behind gate
heart becomes peace,heart becomes peace,heart becomes peace
house people contains,house contains people,house contains people
king gives bread,king gives bread,king gives bread
sedge power (king),sedge (king) power,sedge (king) power
gives chisel servant,servant gives chisel,servant gives chisel
god honor people,people honor god,people honor god
scribe hears god,scribe hears god,scribe hears god
speak mouth drink eat,mouth eat drink speak,mouth eat drink speak
fills peace heart,peace fills heart,peace fills heart
sees lake youth,youth sees lake,youth sees lake
god hears scribe,scribe hears god,scribe hears god
gives life ankh,life ankh gives,ankh gives life
town behind river,town behind river,town behind river
basket king with gives handle,king gives basket with handle,king gives basket with handle
scribe quail chick sees,scribe sees quail chick,scribe sees quail chick
god throne seated,seated god throne,seated god throne
life loves heart,heart loves life,heart loves life
man sees throne seated,seated man sees throne,seated man sees throne
swallow youth sees (great),youth sees swallow (great),youth sees swallow (great)
man hears old youth,old man hears youth,old man hears youth
vessel floats water,vessel floats water,vessel floats water
gives life hand,hand gives life,hand gives life
mouth grain eats,mouth eats grain,mouth eats grain
great becomes god,god becomes great,god becomes great
cobra horned viper,cobra horned viper,cobra horned viper
king sees mountain,king sees mountain,king sees mountain
face god upon,face upon god,god face upon
slope hill desert,hill slope desert,hill slope desert
king people protects,king protects people,king protects people
loves satisfy peace / god,god loves peace / satisfy,god loves peace / satisfy
lotus man plant eats,man eats lotus plant,man eats lotus plant
cuts grain sickle,sickle cuts grain,sickle cuts grain
makes offering king,king makes offering,king makes offering
ancestors guard house,ancestors guard house,ancestors guard house
god great mighty gives /,god gives great / mighty,god gives great / mighty
god peace satisfies,peace satisfies god,peace satisfies god
god seated king,king seated god,king seated god
ripple water river,water ripple river,river water ripple
star sky above,star above sky,star above sky
servant seated man,servant seated man,servant seated man
lotus loves plant man,man loves lotus plant,man loves lotus plant
temple in throne,throne in temple,throne in temple
tethering rope rope,rope tethering rope,rope tethering rope
makes gate man,man makes gate,man makes gate
behind field hill,field behind hill,field behind hill
grain pellet jar,grain pellet jar,grain pellet jar
riverbank sees servant,servant sees riverbank,servant sees riverbank
/ pellet eats father grain,father eats grain / pellet,father eats grain / pellet
enters house man,man enters house,man enters house
guides king authority,authority guides king,authority guides king
horizon temple faces,temple faces horizon,temple faces horizon
town behind temple,temple behind town,temple behind town
seals food jar,jar seals food,jar seals food
city town house,city town house,city town house
town sees king,king sees town,king sees town
king sees club,king sees club,king sees club
protects family father,father protects family,father protects family
god king become,king become god,king become god
loves father old man,father loves old man,father loves old man
sky youth sees,youth sees sky,youth sees sky
opens house door,door opens house,door opens house
contains house family,house contains family,house contains family
strong backbone king,strong backbone king,king strong backbone
sees youth star,youth sees star,youth sees star
lord every people,lord every people,lord every people
feather (truth/maat) heart,feather (truth/maat) heart,truth/maat) heart
temple supports pillar,pillar supports temple,pillar supports temple
venerated man old,old man venerated,old man venerated
youth pool sees,youth sees pool,youth sees pool
/ strength fire force power,fire power strength / force,fire power strength / force
throne seated god,god seated throne,seated god throne
soul (ba) life (ankh),life (ankh) soul (ba),life (ankh) soul (ba)
town behind house,house behind town,house behind town
god loaf conical (give) gives,god gives conical loaf (give),god gives conical loaf (give)
world shapes power,power shapes world,power shapes world
offering pellet grain /,grain / pellet offering,grain / pellet offering
cuts chisel stone,chisel cuts stone,stone cuts chisel
order brings stability,order brings stability,order brings stability
slope youth hill sees,youth sees hill slope,youth sees hill slope
scarab life renews,scarab renews life,scarab renews life
temple supports pillar,pillar supports temple,pillar supports temple
people offering bring,people bring offering,people bring offering
life gives plant,plant gives life,plant gives life
eye sees woman,woman sees eye,woman sees eye
above horizon mountain,mountain above horizon,mountain above horizon
hill behind mountain,hill behind mountain,hill behind mountain
good / mother beauty loves,mother loves beauty / good,mother loves beauty / good
mountain sees father,father sees mountain,father sees mountain
backbone supports strength,strength supports backbone,strength supports backbone
gives god vessel,god gives vessel,god gives vessel
strong power king,strong king power,strong king power
king strong rules,strong king rules,strong king rules
eye sees mother,mother sees eye,mother sees eye
