Input,Target,Prediction
hand makes tethering rope,hand makes tethering rope,hand makes tethering rope
pillar stability god gives,god gives stability pillar,god gives stability pillar
truth heart god loves,god loves heart truth,god loves heart truth
strength hold youth mother,mother hold youth strength,mother hold youth strength
lake protect god town,god protect lake town,god protect lake town
mountain climb youth desert,youth climb desert mountain,youth climb desert mountain
sky man see owl,man see owl sky,man see owl sky
finds heart life sweet,heart finds sweet life,heart finds sweet life
carry man water jar,man carry jar water,man carry jar water
people walk path desert,people walk desert path,people walk desert path
mother soul youth hold,mother hold youth soul,mother hold youth soul
carry vessel woman milk,woman carry milk vessel,woman carry milk vessel
man loaf bring bread,man bring bread loaf,man bring bread loaf
life youth give mother,mother give youth life,mother give youth life
feel soul woman sweet,woman feel sweet soul,woman feel sweet soul
carry handle woman basket,woman carry basket handle,woman carry basket handle
river man drink water,man drink water river,man drink river water
king servant hears speak,servant hears king speak,servant hears king speak
gives servant offering bread,servant gives bread offering,servant gives bread offering
strong plows field man,strong man plows field,strong man plows field
father youth teach power,father teach youth power,father teach youth power
rule god horizon sky,god rule horizon sky,god rule horizon sky
riverbank scribe great sees,scribe sees great riverbank,scribe sees great riverbank
grant god life great,god grant great life,god grant great life
cross rope people lake,people cross lake rope,people cross lake rope
desert god horizon see,god see desert horizon,god see desert horizon
grant god heart life,god grant heart life,god grant heart life
grain field god bless,god bless grain field,god bless field grain
ripple drink man water,man drink water ripple,man drink water ripple
man feel power heart,man feel heart power,man feel heart power
becomes great thing fire,fire becomes great thing,fire becomes great thing
hold woman life heart,woman hold heart life,woman hold heart life
great king house makes,king makes great house,king makes great house
rule sky earth god,god rule sky earth,god rule sky earth
mountain finds youth great,youth finds great mountain,youth finds great mountain
life mother youth guide,mother guide youth life,mother guide youth life
god grant people peace,god grant people peace,god grant people peace
sky god horizon rule,god rule horizon sky,god rule horizon sky
shelter servant reed makes,servant makes reed shelter,servant makes reed shelter
soul woman sweet feel,woman feel sweet soul,woman feel sweet soul
strength lift man stone,man lift stone strength,man lift stone strength
jar woman gives milk,woman gives milk jar,woman gives milk jar
desert hill youth climb,youth climb desert hill,youth climb desert hill
sweet offering woman makes,woman makes sweet offering,woman makes sweet offering
youth life heart seek,youth seek heart life,youth seek heart life
club strong plant cuts,strong club cuts plant,strong club cuts plant
mountain youth stone climb,youth climb mountain stone,youth climb mountain stone
rule god mountain sky,god rule mountain sky,god rule mountain sky
mother give youth heart,mother give youth heart,mother give youth heart
king horizon sees star,king sees horizon star,king sees horizon star
temple town people build,people build town temple,people build town temple
servant guard house gate,servant guard house gate,servant guard house gate
field god watch lotus,god watch lotus field,god watch lotus field
hears servant authority master,servant hears master authority,servant hears master authority
strong man feel power,man feel strong power,man feel strong power
mother bird head sees,mother sees bird head,mother sees bird head
mighty hears storm king,king hears mighty storm,king hears mighty storm
road youth father hold,father hold youth road,father hold youth road
soul mother youth hold,mother hold youth soul,mother hold youth soul
seated man woman loves,woman loves seated man,woman loves seated man
father youth wisdom teach,father teach youth wisdom,father teach youth wisdom
walk mountain people path,people walk mountain path,people walk mountain path
man owl star see,man see owl star,man see owl star
cuts sickle man plant,man cuts plant sickle,man cuts plant sickle
youth hill stone climb,youth climb hill stone,youth climb stone hill
teach youth peace father,father teach youth peace,father teach youth peace
protect god town mountain,god protect mountain town,god protect mountain town
servant field plows hill,servant plows hill field,servant plows hill field
lotus plant garden woman,woman plant lotus garden,woman plant lotus garden
mat house servant clean,servant clean house mat,servant clean house mat
peace finds heart great,heart finds great peace,heart finds great peace
hear storm horizon woman,woman hear storm horizon,woman hear storm horizon
sees scribe skins three,scribe sees three skins,scribe sees three skins
mighty fire people fear,people fear mighty fire,people fear mighty fire
god ankh life grant,god grant life ankh,god grant life ankh
gives life god power,god gives life power,god gives life power
god river see horizon,god see river horizon,god see river horizon
scroll finds scribe papyrus,scribe finds papyrus scroll,scribe finds papyrus scroll
peace bring servant offering,servant bring peace offering,servant bring peace offering
life woman see ka,woman see ka life,woman see ka life
storm wind hear woman,woman hear wind storm,woman hear wind storm
ripple emerges water cobra,cobra emerges water ripple,cobra emerges water ripple
finds star horizon king,king finds horizon star,king finds horizon star
great hill climb youth,youth climb great hill,youth climb great hill
gate people open town,people open town gate,people open town gate
temple gate protect god,god protect temple gate,god protect temple gate
youth sees door bolt,youth sees door bolt,youth sees door bolt
man town road follow,man follow town road,man follow town road
father honor people mother,people honor mother father,people honor mother father
fire feel soul man,man feel fire soul,man feel fire soul
makes book great scribe,scribe makes great book,scribe makes great book
road riverbank walk woman,woman walk riverbank road,woman walk riverbank road
cobra emerges water ripple,cobra emerges water ripple,cobra emerges water ripple
scroll gather people papyrus,people gather papyrus scroll,people gather papyrus scroll
god throne honor people,people honor throne god,people honor god throne
finds ba soul life,soul ba finds life,soul ba finds life
servant makes twisted flax,servant makes twisted flax,servant makes twisted flax
people river lake cross,people cross lake river,people cross lake river
stone climb hill man,man climb hill stone,man climb hill stone
river god horizon see,god see river horizon,god see river horizon
life mother strong give,mother give strong life,mother give strong life
love youth guide father,father guide youth love,father guide youth love
plant woman shelter reed,woman plant reed shelter,woman plant reed shelter
finds mountain old man,old man finds mountain,old man finds mountain
hand hold mother youth,mother hold youth hand,mother hold youth hand
great god soul becomes,soul becomes great god,soul becomes great god
strong feel heart man,man feel strong heart,man feel strong heart
king makes city great,king makes great city,king makes great city
plows hoe servant field,servant plows field hoe,servant plows field hoe
sees skins scribe three,scribe sees three skins,scribe sees three skins
walk woman road lake,woman walk lake road,woman walk lake road
basket woman grain carry,woman carry basket grain,woman carry basket grain
ankh life grant god,god grant life ankh,god grant life ankh
sweet soul youth feel,youth feel sweet soul,youth feel sweet soul
brick lift stone man,man lift brick stone,man lift stone brick
cuts club plant strong,strong club cuts plant,strong club cuts plant
servant open city bolt,servant open city bolt,servant open city bolt
cross town people bridge,people cross town bridge,people cross town bridge
youth old hears man,youth hears old man,youth hears old man
hill people mountain cross,people cross mountain hill,people cross mountain hill
scribe great king hears,scribe hears great king,scribe hears great king
feel heart woman sweet,woman feel sweet heart,woman feel sweet heart
soul guide mother youth,mother guide youth soul,mother guide youth soul
sky god star rule,god rule sky star,god rule sky star
road guide mother youth,mother guide youth road,mother guide youth road
protect mountain god town,god protect mountain town,god protect mountain town
woman river west see,woman see river west,woman see river west
field god grain bless,god bless field grain,god bless field grain
riverbank god people see,god see riverbank people,god see riverbank people
lotus bring offering servant,servant bring lotus offering,servant bring lotus offering
peace heart seek youth,youth seek heart peace,youth seek heart peace
woman feather truth see,woman see feather truth,woman see feather truth
man see star sky,man see star sky,man see star sky
people stone house build,people build stone house,people build stone house
field gather people grain,people gather grain field,people gather grain field
people great find soul,people find great soul,people find great soul
scribe speak master hears,master hears scribe speak,master hears scribe speak
emerges above snake desert,snake emerges above desert,snake emerges above desert
beautiful horizon sees king,king sees beautiful horizon,king sees beautiful horizon
shelter open servant reed,servant open reed shelter,servant open reed shelter
great servant temple sees,servant sees great temple,servant sees great temple
field plant woman lotus,woman plant lotus field,woman plant lotus field
servant open town gate,servant open town gate,servant open town gate
hold youth mother spirit,mother hold youth spirit,mother hold youth spirit
woman papyrus clump plant,woman plant papyrus clump,woman plant papyrus clump
bring satisfy peace servant,servant bring peace satisfy,servant bring peace satisfy
storm man fear sky,man fear storm sky,man fear storm sky
gives stone stability god,god gives stability stone,god gives stability stone
sees animal man belly,man sees animal belly,man sees animal belly
road river follow man,man follow river road,man follow river road
god strong power bless,god bless strong power,god bless strong power
gives great backbone power,backbone gives great power,backbone gives great power
man cobra stone see,man see cobra stone,man see cobra stone
strong man feel heart,man feel strong heart,man feel strong heart
peace great becomes heart,heart becomes great peace,heart becomes great peace
people pellet gather grain,people gather grain pellet,people gather grain pellet
scribe book makes beautiful,scribe makes beautiful book,scribe makes beautiful book
fire see man horizon,man see fire horizon,man see fire horizon
temple servant god serve,servant serve god temple,servant serve god temple
strong seek youth life,youth seek strong life,youth seek strong life
soul life seek youth,youth seek soul life,youth seek soul life
truth god heart loves,god loves heart truth,god loves heart truth
fill woman water jar,woman fill water jar,woman fill water jar
youth father strength guide,father guide youth strength,father guide youth strength
god lotus watch field,god watch lotus field,god watch lotus field
double see ka woman,woman see ka double,woman see ka double
hold father youth strength,father hold youth strength,father hold youth strength
great hears people king,king hears great people,king hears great people
hears man great god,man hears great god,man hears great god
woman plant finds lotus,woman finds lotus plant,woman finds lotus plant
seek strong youth power,youth seek strong power,youth seek strong power
loaf bread bring servant,servant bring bread loaf,servant bring bread loaf
see sky owl night,owl see night sky,owl see night sky
makes twisted flax hand,hand makes twisted flax,hand makes twisted flax
feel strong man soul,man feel strong soul,man feel strong soul
follow man road mountain,man follow mountain road,man follow mountain road
strong feel heart youth,youth feel strong heart,youth feel strong heart
above star soul becomes,soul becomes star above,soul becomes star above
build stone people house,people build stone house,people build stone house
river build town people,people build river town,people build river town
sweet man bring bread,man bring sweet bread,man bring sweet bread
youth climb hill stone,youth climb hill stone,youth climb stone hill
woman see owl sky,woman see owl sky,woman see owl sky
life people grant god,god grant people life,god grant people life
road sees riverbank woman,woman sees riverbank road,woman sees riverbank road
life guide youth father,father guide youth life,father guide youth life
mouth speaks feather truth,mouth speaks feather truth,mouth speaks feather truth
speaks sweet truth mouth,mouth speaks sweet truth,mouth speaks sweet truth
man hare sees desert,man sees desert hare,man sees desert hare
soul ba people honor,people honor soul ba,people honor soul ba
scribe rack jars sees,scribe sees jars rack,scribe sees jars rack
guide mother love youth,mother guide youth love,mother guide youth love
makes great city king,king makes great city,king makes great city
walk horizon people sky,people walk sky horizon,people walk sky horizon
loves beautiful father mother,father loves beautiful mother,father loves beautiful mother
becomes lake ripple water,water ripple becomes lake,water ripple becomes lake
god west watch horizon,god watch west horizon,god watch west horizon
desert walk road man,man walk desert road,man walk desert road
bring man milk jar,man bring milk jar,man bring milk jar
gate servant river open,servant open river gate,servant open river gate
youth mother soul give,mother give youth soul,mother give youth soul
bring altar peace servant,servant bring peace altar,servant bring peace altar
horizon see man storm,man see storm horizon,man see storm horizon
people beautiful loves god,god loves beautiful people,god loves beautiful people
desert god town watch,god watch desert town,god watch desert town
servant loaf conical gives,servant gives conical loaf,servant gives conical loaf
loaf makes servant bread,servant makes loaf bread,servant makes loaf bread
stone throne king sees,king sees stone throne,king sees stone throne
leaf gather reed people,people gather reed leaf,people gather reed leaf
people sees mighty lord,mighty lord sees people,mighty lord sees people
mother youth hold life,mother hold youth life,mother hold youth life
grain pellet bring servant,servant bring grain pellet,servant bring grain pellet
throne sees seat king,king sees seat throne,king sees seat throne
gives god djed stability,god gives stability djed,god gives stability djed
throne makes king stone,king makes stone throne,king makes stone throne
soul finds peace ba,soul ba finds peace,soul ba finds peace
mighty people fear storm,people fear mighty storm,people fear mighty storm
brick people build temple,people build brick temple,people build brick temple
servant bring ripple water,servant bring water ripple,servant bring water ripple
man see storm sky,man see storm sky,man see storm sky
plant reed woman leaf,woman plant reed leaf,woman plant reed leaf
lotus plant god bless,god bless lotus plant,god bless lotus plant
coil rope makes hand,hand makes coil rope,hand makes coil rope
scribe hears master speak,scribe hears master speak,master hears scribe speak
field protect god grain,god protect grain field,god protect grain field
god honor people throne,people honor god throne,people honor throne god
snake desert above emerges,snake emerges above desert,snake emerges above desert
water servant fill vessel,servant fill water vessel,servant fill water vessel
hear river storm man,man hear storm river,man hear storm river
door open house servant,servant open house door,servant open house door
soul god life gives,god gives life soul,god gives life soul
servant gate opens house,servant opens house gate,servant opens house gate
basket grain fill servant,servant fill grain basket,servant fill grain basket
lift stone man backbone,man lift backbone stone,man lift backbone stone
man lake drink water,man drink lake water,man drink lake water
sees beautiful writing scribe,scribe sees beautiful writing,scribe sees beautiful writing
mother youth hold peace,mother hold youth peace,mother hold youth peace
horizon sees man star,man sees horizon star,man sees horizon star
mouth speaks sweet peace,mouth speaks sweet peace,mouth speaks sweet peace
west road sees man,man sees road west,man sees road west
cuts old plant man,old man cuts plant,old man cuts plant
clump gather people papyrus,people gather papyrus clump,people gather papyrus clump
leaf finds reed hand,hand finds reed leaf,hand finds reed leaf
great hears scribe lord,scribe hears great lord,scribe hears great lord
watch west horizon god,god watch west horizon,god watch west horizon
clean house servant mat,servant clean house mat,servant clean house mat
clean servant reed mat,servant clean reed mat,servant clean reed mat
carry man coil rope,man carry rope coil,man carry coil rope
servant bring twisted flax,servant bring twisted flax,servant bring twisted flax
river see woman owl,woman see owl river,woman see owl river
voice hear soul god,god hear soul voice,god hear soul voice
watch sky hill god,god watch hill sky,god watch hill sky
man great stone finds,man finds great stone,man finds great stone
watch field god lotus,god watch lotus field,god watch lotus field
face beautiful sky sees,face sees beautiful sky,face sees beautiful sky
life youth heart seek,youth seek heart life,youth seek heart life
road finds foot mountain,foot finds mountain road,foot finds mountain road
see woman swallow great,woman see swallow great,woman see swallow great
heart woman child hold,woman hold child heart,woman hold child heart
man follow road horizon,man follow horizon road,man follow horizon road
bring servant peace satisfy,servant bring peace satisfy,servant bring peace satisfy
god king becomes strong,strong king becomes god,strong king becomes god
horizon god star watch,god watch star horizon,god watch star horizon
youth sees hare desert,youth sees desert hare,youth sees desert hare
feather see maat woman,woman see feather maat,woman see feather maat
see great woman swallow,woman see swallow great,woman see swallow great
handle finds basket woman,woman finds basket handle,woman finds basket handle
desert sees youth snake,youth sees desert snake,youth sees desert snake
jar father milk finds,father finds milk jar,father finds milk jar
becomes stone ring scarab,scarab becomes stone ring,scarab becomes stone ring
carry servant jar milk,servant carry milk jar,servant carry milk jar
speak king servant hears,servant hears king speak,servant hears king speak
mother youth hold soul,mother hold youth soul,mother hold youth soul
riverbank sees road father,father sees riverbank road,father sees riverbank road
woman water jar open,woman open jar water,woman open jar water
sees king sedge people,sedge king sees people,sedge king sees people
swallow woman see sky,woman see swallow sky,woman see swallow sky
peace youth father hold,father hold youth peace,father hold youth peace
man mountain old finds,old man finds mountain,old man finds mountain
writing beautiful scribe makes,scribe makes beautiful writing,scribe makes beautiful writing
gives power great backbone,backbone gives great power,backbone gives great power
see desert hill god,god see desert hill,god see desert hill
makes basket man handle,man makes basket handle,man makes basket handle
man hare desert sees,man sees desert hare,man sees desert hare
stone climb mountain youth,youth climb stone mountain,youth climb mountain stone
peace sweet people love,people love sweet peace,people love sweet peace
ankh gives life god,god gives life ankh,god gives life ankh
pellet bring servant grain,servant bring grain pellet,servant bring grain pellet
bolt hand door makes,hand makes door bolt,hand makes door bolt
man watch flow river,man watch river flow,man watch river flow
man eats grain pellet,man eats grain pellet,man eats grain pellet
gate servant river open,servant open river gate,servant open river gate
watch god gate temple,god watch temple gate,god watch temple gate
loves woman man seated,man loves seated woman,man loves seated woman
carry people vessel rope,people carry rope vessel,people carry rope vessel
man bread bring offering,man bring bread offering,man bring bread offering
servant milk bring offering,servant bring milk offering,servant bring milk offering
feel fear man storm,man feel fear storm,man feel fear storm
gives mother conical loaf,mother gives conical loaf,mother gives conical loaf
mountain desert see man,man see desert mountain,man see desert mountain
woman star horizon see,woman see star horizon,woman see star horizon
star god horizon watch,god watch star horizon,god watch star horizon
teach father youth road,father teach youth road,father teach youth road
handle basket makes man,man makes basket handle,man makes basket handle
temple bring woman offering,woman bring offering temple,woman bring offering temple
woman leaf carry reed,woman carry reed leaf,woman carry reed leaf
fear heart finds great,heart finds great fear,heart finds great fear
god people protect mountain,god protect mountain people,god protect mountain people
god power people grant,god grant power people,god grant power people
eats sweet loaf woman,woman eats sweet loaf,woman eats sweet loaf
youth seek life strong,youth seek strong life,youth seek strong life
head bird father hears,father hears bird head,father hears bird head
mother sweet milk give,mother give sweet milk,mother give sweet milk
servant great temple sees,servant sees great temple,servant sees great temple
storm hear sky woman,woman hear storm sky,woman hear storm sky
seated servant king seat,servant seat seated king,servant seat seated king
fire becomes storm mighty,mighty storm becomes fire,mighty storm becomes fire
servant loaf makes bread,servant makes loaf bread,servant makes loaf bread
man stone snake see,man see snake stone,man see snake stone
riverbank see woman lake,woman see lake riverbank,woman see lake riverbank
god protect west people,god protect west people,god protect west people
desert god horizon see,god see desert horizon,god see desert horizon
people temple praise god,people praise temple god,people praise temple god
strong heart youth seek,youth seek strong heart,youth seek strong heart
king temple great makes,king makes great temple,king makes great temple
youth rocky slope climb,youth climb rocky slope,youth climb rocky slope
man bring content peace,man bring peace content,man bring peace content
fill woman jar water,woman fill water jar,woman fill water jar
cuts strong plant club,strong club cuts plant,strong club cuts plant
god soul hear people,god hear people soul,god hear soul people
plant lotus woman garden,woman plant lotus garden,woman plant lotus garden
sky face sees beautiful,face sees beautiful sky,face sees beautiful sky
grant people god peace,god grant people peace,god grant people peace
behind cobra hill emerges,cobra emerges behind hill,cobra emerges behind hill
hear soul prayer god,god hear soul prayer,god hear soul prayer
king sees horizon beautiful,king sees beautiful horizon,king sees beautiful horizon
garden woman plant lotus,woman plant lotus garden,woman plant lotus garden
youth peace teach father,father teach youth peace,father teach youth peace
bless strong god power,god bless strong power,god bless strong power
god horizon watch west,god watch west horizon,god watch west horizon
hold youth strength mother,mother hold youth strength,mother hold youth strength
fear mighty fire people,people fear mighty fire,people fear mighty fire
bring man vessel milk,man bring milk vessel,man bring milk vessel
youth heart life feel,youth feel heart life,youth feel heart life
fill basket grain servant,servant fill grain basket,servant fill grain basket
finds peace ba soul,soul ba finds peace,soul ba finds peace
lake servant guard gate,servant guard lake gate,servant guard lake gate
people city god bless,god bless city people,god bless city people
road man sees mountain,man sees mountain road,man sees mountain road
walk desert hill people,people walk desert hill,people walk desert hill
sweet offering woman makes,woman makes sweet offering,woman makes sweet offering
milk jar gives servant,servant gives milk jar,servant gives milk jar
youth power feel strong,youth feel strong power,youth feel strong power
peace great heart becomes,heart becomes great peace,heart becomes great peace
king throne great gives,king gives great throne,king gives great throne
finds woman basket handle,woman finds basket handle,woman finds basket handle
man offering bring sweet,man bring sweet offering,man bring sweet offering
papyrus makes scribe clump,scribe makes papyrus clump,scribe makes papyrus clump
woman plant lotus field,woman plant lotus field,woman plant lotus field
people gather lotus altar,people gather lotus altar,people gather lotus altar
road woman horizon walk,woman walk horizon road,woman walk horizon road
mother soul guide youth,mother guide youth soul,mother guide youth soul
town servant guard gate,servant guard town gate,servant guard town gate
sweet god grant life,god grant sweet life,god grant sweet life
feel fire man heart,man feel fire heart,man feel fire heart
hear people god soul,god hear people soul,god hear soul people
soul grant god people,god grant soul people,god grant soul people
ripple woman hear river,woman hear river ripple,woman hear river ripple
ka spirit people honor,people honor ka spirit,people honor ka spirit
hill slope king sees,king sees hill slope,king sees hill slope
gather pellet grain people,people gather grain pellet,people gather grain pellet
plant reed woman field,woman plant reed field,woman plant reed field
head bird mother sees,mother sees bird head,mother sees bird head
desert see man hare,man see desert hare,man see desert hare
soul youth teach father,father teach youth soul,father teach youth soul
makes throne stone king,king makes stone throne,king makes stone throne
sees chick quail owl,owl sees quail chick,owl sees quail chick
bread loaf servant makes,servant makes loaf bread,servant makes loaf bread
sweet finds love heart,heart finds sweet love,heart finds sweet love
servant seat throne guard,servant guard throne seat,servant guard throne seat
god watch west river,god watch river west,god watch river west
soul hold mother youth,mother hold youth soul,mother hold youth soul
gather papyrus clump people,people gather papyrus clump,people gather papyrus clump
plows field servant great,servant plows great field,servant plows great field
seated god throne rule,god rule seated throne,god rule seated throne
beautiful god loves people,god loves beautiful people,god loves beautiful people
feel strong life youth,youth feel strong life,youth feel strong life
people thing great find,people find great thing,people find great thing
makes shelter servant reed,servant makes reed shelter,servant makes reed shelter
cross people mountain road,people cross mountain road,people cross mountain road
king rope finds tethering,king finds tethering rope,king finds tethering rope
great opens gate king,king opens great gate,king opens great gate
see owl man horizon,man see owl horizon,man see owl horizon
swallow sky hear woman,woman hear swallow sky,woman hear swallow sky
life strong youth feel,youth feel strong life,youth feel strong life
snake belly animal eats,snake eats animal belly,snake eats animal belly
mat clean servant temple,servant clean temple mat,servant clean temple mat
guard servant city town,servant guard city town,servant guard city town
life feel sweet woman,woman feel sweet life,woman feel sweet life
strong heart woman feel,woman feel strong heart,woman feel strong heart
see town city god,god see city town,god see city town
plant bring servant lotus,servant bring lotus plant,servant bring lotus plant
servant bring fox three,servant bring three fox,servant bring three fox
man basket handle carry,man carry basket handle,man carry basket handle
ring scarab becomes stone,scarab becomes stone ring,scarab becomes stone ring
servant guard town riverbank,servant guard riverbank town,servant guard riverbank town
desert viper finds horned,horned viper finds desert,horned viper finds desert
people god power praise,people praise god power,people praise god power
man bread offering bring,man bring bread offering,man bring bread offering
hide hill cobra stone,cobra hide stone hill,cobra hide stone hill
field great plows servant,servant plows great field,servant plows great field
power youth guide mother,mother guide youth power,mother guide youth power
shelter plant reed woman,woman plant reed shelter,woman plant reed shelter
hill desert sees hare,desert hare sees hill,desert hare sees hill
mother makes sweet loaf,mother makes sweet loaf,mother makes sweet loaf
life sweet woman love,woman love sweet life,woman love sweet life
bolt sees youth door,youth sees door bolt,youth sees door bolt
father soul youth hold,father hold youth soul,father hold youth soul
truth man old speaks,old man speaks truth,old man speaks truth
sees star ba soul,soul ba sees star,soul ba sees star
people slope hill cross,people cross hill slope,people cross hill slope
servant riverbank guard gate,servant guard riverbank gate,servant guard riverbank gate
father three gives skins,father gives three skins,father gives three skins
god bless king seated,god bless seated king,god bless seated king
stone brick makes scribe,scribe makes stone brick,scribe makes stone brick
gate open temple people,people open temple gate,people open temple gate
truth heart god loves,god loves heart truth,god loves heart truth
speaks mouth sweet peace,mouth speaks sweet peace,mouth speaks sweet peace
people god river protect,god protect river people,god protect river people
ripple lake water finds,water ripple finds lake,water ripple finds lake
servant milk vessel fill,servant fill vessel milk,servant fill vessel milk
desert god see horizon,god see desert horizon,god see desert horizon
gate god temple watch,god watch temple gate,god watch temple gate
jar servant fill milk,servant fill milk jar,servant fill milk jar
woman path walk riverbank,woman walk riverbank path,woman walk riverbank path
hill snake above emerges,snake emerges above hill,snake emerges above hill
river cross lake people,people cross lake river,people cross lake river
behind cobra emerges hill,cobra emerges behind hill,cobra emerges behind hill
book beautiful makes scribe,scribe makes beautiful book,scribe makes beautiful book
people great snake fear,people fear great snake,people fear great snake
road finds great father,father finds great road,father finds great road
desert mountain see man,man see desert mountain,man see desert mountain
great power god bless,god bless great power,god bless great power
great soul altar finds,soul finds great altar,soul finds great altar
basket finds woman handle,woman finds basket handle,woman finds basket handle
sees king hill slope,king sees hill slope,king sees hill slope
ba soul honor people,people honor soul ba,people honor soul ba
river ripple man drink,man drink river ripple,man drink river ripple
see woman sky swallow,woman see swallow sky,woman see swallow sky
seated honor king people,people honor seated king,people honor seated king
great bless life god,god bless great life,god bless great life
water woman jar carry,woman carry water jar,woman carry jar water
gather pellet grain people,people gather grain pellet,people gather grain pellet
people mountain cross pass,people cross mountain pass,people cross mountain pass
soul great finds altar,soul finds great altar,soul finds great altar
soul youth guide mother,mother guide youth soul,mother guide youth soul
man sack grain lift,man lift grain sack,man lift grain sack
finds woman stone vessel,woman finds stone vessel,woman finds stone vessel
house bolt servant open,servant open house bolt,servant open house bolt
sees rack servant jars,servant sees jars rack,servant sees jars rack
clean temple servant stool,servant clean temple stool,servant clean temple stool
god grant peace people,god grant people peace,god grant people peace
open house gate people,people open house gate,people open house gate
youth peace heart seek,youth seek heart peace,youth seek heart peace
cross shore lake people,people cross lake shore,people cross lake shore
rule seat throne god,god rule throne seat,god rule throne seat
horizon man sees star,man sees horizon star,man sees horizon star
hill king sees slope,king sees hill slope,king sees hill slope
youth feel life strong,youth feel strong life,youth feel strong life
belly animal water finds,animal belly finds water,animal belly finds water
youth sees great town,youth sees great town,youth sees great town
sees heart truth god,god sees heart truth,god sees heart truth
lord scribe hears great,scribe hears great lord,scribe hears great lord
people hill cross slope,people cross hill slope,people cross hill slope
gate people river open,people open river gate,people open river gate
makes sweet mother loaf,mother makes sweet loaf,mother makes sweet loaf
bless power god great,god bless great power,god bless great power
praise throne people god,people praise god throne,people praise god throne
hill walk woman slope,woman walk hill slope,woman walk hill slope
offering god loves sweet,god loves sweet offering,god loves sweet offering
life gives great god,god gives great life,god gives great life
hill people cross riverbank,people cross riverbank hill,people cross riverbank hill
owl hear woman sky,woman hear owl sky,woman hear owl sky
woman plant grain field,woman plant grain field,woman plant grain field
three sees scribe skins,scribe sees three skins,scribe sees three skins
feel soul youth strong,youth feel strong soul,youth feel strong soul
man old cuts plant,old man cuts plant,old man cuts plant
honor god city people,people honor god city,people honor god city
sky rule god mountain,god rule mountain sky,god rule mountain sky
life strong man feel,man feel strong life,man feel strong life
man feel heart fear,man feel heart fear,man feel fear heart
gate servant town guard,servant guard town gate,servant guard town gate
hand hold youth mother,mother hold youth hand,mother hold youth hand
open gate temple people,people open temple gate,people open temple gate
open door town people,people open town door,people open town door
mother heart youth guide,mother guide youth heart,mother guide youth heart
gives father skins three,father gives three skins,father gives three skins
guide love mother youth,mother guide youth love,mother guide youth love
give strong mother life,mother give strong life,mother give strong life
heart man power feel,man feel heart power,man feel heart power
sees animal man belly,man sees animal belly,man sees animal belly
feel fear heart man,man feel heart fear,man feel fear heart
guard town servant city,servant guard city town,servant guard city town
servant finds leaf reed,servant finds reed leaf,servant finds reed leaf
youth stone climb mountain,youth climb stone mountain,youth climb mountain stone
sees reed shelter youth,youth sees reed shelter,youth sees reed shelter
youth strength guide father,father guide youth strength,father guide youth strength
guide youth road father,father guide youth road,father guide youth road
servant gate river open,servant open river gate,servant open river gate
man eats pellet grain,man eats grain pellet,man eats grain pellet
fill milk servant vessel,servant fill vessel milk,servant fill vessel milk
people life watch god,god watch people life,god watch people life
people rule god city,god rule city people,god rule city people
bolt finds scribe door,scribe finds door bolt,scribe finds door bolt
earth sky god rule,god rule sky earth,god rule sky earth
scribe sees great riverbank,scribe sees great riverbank,scribe sees great riverbank
jar servant fill water,servant fill jar water,servant fill jar water
bless god people river,god bless river people,god bless river people
bring grain servant jar,servant bring grain jar,servant bring grain jar
find people soul great,people find great soul,people find great soul
river servant gate guard,servant guard river gate,servant guard river gate
hill god watch desert,god watch desert hill,god watch desert hill
watch sky star god,god watch star sky,god watch star sky
carry basket woman grain,woman carry basket grain,woman carry basket grain
becomes soul great god,soul becomes great god,soul becomes great god
sees desert hill king,king sees desert hill,king sees desert hill
see fire horizon man,man see fire horizon,man see fire horizon
strength father youth teach,father teach youth strength,father teach youth strength
stone finds chisel hand,hand finds stone chisel,hand finds stone chisel
hill emerges above fire,fire emerges above hill,fire emerges above hill
walk riverbank road people,people walk riverbank road,people walk riverbank road
youth strength give mother,mother give youth strength,mother give youth strength
road people hill walk,people walk hill road,people walk hill road
man head bird see,man see head bird,man see head bird
finds bolt youth door,youth finds door bolt,youth finds door bolt
grain servant bring pellet,servant bring grain pellet,servant bring grain pellet
god gate watch temple,god watch temple gate,god watch temple gate
lord carry basket man,man carry basket lord,man carry basket lord
feel strong man power,man feel strong power,man feel strong power
father shelter reed makes,father makes reed shelter,father makes reed shelter
ba sees star soul,soul ba sees star,soul ba sees star
life guide youth mother,mother guide youth life,mother guide youth life
jar fill servant milk,servant fill milk jar,servant fill milk jar
bring papyrus clump servant,servant bring papyrus clump,servant bring papyrus clump
snake fear great people,people fear great snake,people fear great snake
heart god hear people,god hear people heart,god hear heart people
strong youth soul feel,youth feel strong soul,youth feel strong soul
mouth speaks truth sweet,mouth speaks sweet truth,mouth speaks sweet truth
mouth speaks sweet peace,mouth speaks sweet peace,mouth speaks sweet peace
strong man force feel,man feel strong force,man feel strong force
man finds brick stone,man finds stone brick,man finds stone brick
grain man cut field,man cut grain field,man cut grain field
see man river storm,man see storm river,man see storm river
bring temple woman offering,woman bring offering temple,woman bring offering temple
sweet people peace seek,people seek sweet peace,people seek sweet peace
throne seat servant guard,servant guard throne seat,servant guard throne seat
west river woman see,woman see river west,woman see river west
bring lotus woman offering,woman bring lotus offering,woman bring lotus offering
see scarab man become,man see scarab become,man see scarab become
path people walk desert,people walk desert path,people walk desert path
peace man altar bring,man bring peace altar,man bring peace altar
temple offering bring servant,servant bring offering temple,servant bring offering temple
great grant god life,god grant great life,god grant great life
clump papyrus people gather,people gather papyrus clump,people gather papyrus clump
woman see papyrus scroll,woman see papyrus scroll,woman see papyrus scroll
altar bring peace woman,woman bring peace altar,woman bring peace altar
god throne sky rule,god rule throne sky,god rule throne sky
city guard servant gate,servant guard city gate,servant guard city gate
master power great gives,master gives great power,master gives great power
great hears fear god,god hears great fear,god hears great fear
hears god heart authority,heart hears god authority,heart hears god authority
stone adze hand makes,hand makes stone adze,hand makes stone adze
horizon see man star,man see star horizon,man see star horizon
power master great gives,master gives great power,master gives great power
god field grain watch,god watch field grain,god watch field grain
field gather people papyrus,people gather papyrus field,people gather papyrus field
life gives great god,god gives great life,god gives great life
god mountain protect town,god protect mountain town,god protect mountain town
open people city door,people open city door,people open city door
shelter clean servant reed,servant clean reed shelter,servant clean reed shelter
stone man finds vessel,man finds stone vessel,man finds stone vessel
life gives god great,god gives great life,god gives great life
hold youth mother hand,mother hold youth hand,mother hold youth hand
sees swallow head woman,woman sees swallow head,woman sees swallow head
stone hill cobra hide,cobra hide stone hill,cobra hide stone hill
watch god people life,god watch people life,god watch people life
soul father guide youth,father guide youth soul,father guide youth soul
heart life man feel,man feel heart life,man feel heart life
stone lift pillar man,man lift stone pillar,man lift stone pillar
hill people walk desert,people walk desert hill,people walk desert hill
path desert walk people,people walk desert path,people walk desert path
hears king storm mighty,king hears mighty storm,king hears mighty storm
star beautiful sees woman,woman sees beautiful star,woman sees beautiful star
finds stone man brick,man finds stone brick,man finds stone brick
fill servant water jar,servant fill jar water,servant fill jar water
man altar bring peace,man bring peace altar,man bring peace altar
man vessel gives stone,man gives stone vessel,man gives stone vessel
life guide mother youth,mother guide youth life,mother guide youth life
man owl star see,man see owl star,man see owl star
woman milk carry vessel,woman carry milk vessel,woman carry milk vessel
servant woman seated seat,servant seat seated woman,servant seat seated woman
town great sees youth,youth sees great town,youth sees great town
god loves beautiful people,god loves beautiful people,god loves beautiful people
great makes city king,king makes great city,king makes great city
grain sack man lift,man lift grain sack,man lift grain sack
god people soul grant,god grant soul people,god grant soul people
see maat woman feather,woman see feather maat,woman see feather maat
man road mountain follow,man follow mountain road,man follow mountain road
wind woman hear storm,woman hear wind storm,woman hear wind storm
servant master hears speak,servant hears master speak,servant hears master speak
vessel river fill servant,servant fill vessel river,servant fill vessel river
hill emerges above snake,snake emerges above hill,snake emerges above hill
see woman horizon mountain,woman see mountain horizon,woman see mountain horizon
backbone great gives power,backbone gives great power,backbone gives great power
book scribe makes scroll,scribe makes book scroll,scribe makes book scroll
become man scarab see,man see scarab become,man see scarab become
papyrus scribe gives scroll,scribe gives papyrus scroll,scribe gives papyrus scroll
gate guard river servant,servant guard river gate,servant guard river gate
see scarab man become,man see scarab become,man see scarab become
heart woman life hold,woman hold heart life,woman hold heart life
walk road people hill,people walk hill road,people walk hill road
power life gives god,god gives life power,god gives life power
soul ba finds peace,soul ba finds peace,soul ba finds peace
mountain horizon man see,man see mountain horizon,man see mountain horizon
people build town house,people build house town,people build house town
hear prayer people god,god hear people prayer,god hear people prayer
man speaks old peace,old man speaks peace,old man speaks peace
lotus plant god bless,god bless lotus plant,god bless lotus plant
field grain people gather,people gather field grain,people gather field grain
star beautiful woman sees,woman sees beautiful star,woman sees beautiful star
carry rope man vessel,man carry rope vessel,man carry rope vessel
clean temple mat servant,servant clean temple mat,servant clean temple mat
star woman beautiful sees,woman sees beautiful star,woman sees beautiful star
city see town god,god see city town,god see city town
man backbone lift stone,man lift backbone stone,man lift backbone stone
scribe papyrus makes clump,scribe makes papyrus clump,scribe makes papyrus clump
swallow see west woman,woman see swallow west,woman see swallow west
mother father people honor,people honor mother father,people honor mother father
servant clean house temple,servant clean house temple,servant clean house temple
scribe hears lord great,scribe hears great lord,scribe hears great lord
youth teach father life,father teach youth life,father teach youth life
beautiful loves god soul,god loves beautiful soul,god loves beautiful soul
chick quail finds snake,snake finds quail chick,snake finds quail chick
night owl see sky,owl see night sky,owl see night sky
people stone house build,people build stone house,people build stone house
riverbank sees great scribe,scribe sees great riverbank,scribe sees great riverbank
god watch star horizon,god watch star horizon,god watch star horizon
plant cuts man sickle,man cuts plant sickle,man cuts plant sickle
youth heart seek sweet,youth seek sweet heart,youth seek sweet heart
king slope sees hill,king sees hill slope,king sees hill slope
finds door servant bolt,servant finds door bolt,servant finds door bolt
father flow hear river,father hear river flow,father hear river flow
scribe great makes book,scribe makes great book,scribe makes great book
servant bolt door open,servant open door bolt,servant open door bolt
ba star becomes soul,soul ba becomes star,soul ba becomes star
hear people soul god,god hear soul people,god hear soul people
people honor seated god,people honor seated god,people honor seated god
water man ripple drink,man drink water ripple,man drink water ripple
woman storm hear sky,woman hear storm sky,woman hear storm sky
teach heart youth father,father teach youth heart,father teach youth heart
swallow see woman river,woman see swallow river,woman see swallow river
desert path walk people,people walk desert path,people walk desert path
open servant temple gate,servant open temple gate,servant open temple gate
bring woman peace altar,woman bring peace altar,woman bring peace altar
see woman mountain sky,woman see mountain sky,woman see mountain sky
god grant life soul,god grant soul life,god grant soul life
field grain woman plant,woman plant grain field,woman plant grain field
people town protect god,god protect people town,god protect town people
snake above emerges desert,snake emerges above desert,snake emerges above desert
rocky youth climb slope,youth climb rocky slope,youth climb rocky slope
people west god protect,god protect west people,god protect west people
handle woman basket carry,woman carry basket handle,woman carry basket handle
strong feel spirit man,man feel strong spirit,man feel strong spirit
sky god people protect,god protect sky people,god protect sky people
cross road people hill,people cross hill road,people cross hill road
plant sees lotus woman,woman sees lotus plant,woman sees lotus plant
vessel fill river servant,servant fill vessel river,servant fill river vessel water
water woman carry vessel,woman carry vessel water,woman carry vessel water
carry jar grain man,man carry grain jar,man carry grain jar
mother heart love youth,mother love youth heart,mother love youth heart
bread bring sweet man,man bring sweet bread,man bring sweet bread
god sky town protect,god protect sky town,god protect sky town
pellet man grain eats,man eats grain pellet,man eats grain pellet
give mother heart youth,mother give youth heart,mother give youth heart
mountain road finds foot,foot finds mountain road,foot finds mountain road
milk mother give youth,mother give youth milk,mother give youth milk
build stone temple people,people build stone temple,people build stone temple
youth climb mountain road,youth climb mountain road,youth climb mountain road
sweet youth life love,youth love sweet life,youth love sweet life
makes adze stone hand,hand makes stone adze,hand makes stone adze
soul father youth guide,father guide youth soul,father guide youth soul
see ox man head,man see head ox,man see head ox
youth strong seek power,youth seek strong power,youth seek strong power
sees animal belly man,man sees animal belly,man sees animal belly
great scarab becomes god,scarab becomes great god,scarab becomes great god
feel man strength heart,man feel heart strength,man feel heart strength
riverbank scribe great sees,scribe sees great riverbank,scribe sees great riverbank
servant open town gate,servant open town gate,servant open town gate
heart god hear soul,god hear heart soul,god hear heart soul
god spirit gives life,god gives life spirit,god gives life spirit
speaks man old truth,old man speaks truth,old man speaks truth
west river people cross,people cross west river,people cross river west
god people praise city,people praise god city,people praise god city
heart woman love feel,woman feel love heart,woman feel love heart
people west protect god,god protect west people,god protect west people
god protect town grain,god protect grain town,god protect grain town
teach strength youth father,father teach youth strength,father teach youth strength
great grant power god,god grant great power,god grant great power
sweet bread servant bring,servant bring sweet bread,servant bring sweet bread
snake see man cobra,man see cobra snake,man see cobra snake
voice father hear people,father hear people voice,father hear people voice
life strong man feel,man feel strong life,man feel strong life
finds stone youth chisel,youth finds stone chisel,youth finds stone chisel
authority servant hears master,servant hears master authority,servant hears master authority
mountain finds youth great,youth finds great mountain,youth finds great mountain
stone brick finds man,man finds stone brick,man finds stone brick
offering temple woman bring,woman bring offering temple,woman bring offering temple
clean reed stool servant,servant clean reed stool,servant clean reed stool
mother sweet loaf makes,mother makes sweet loaf,mother makes sweet loaf
jar carry milk woman,woman carry jar milk,woman carry milk jar
people follow desert road,people follow desert road,people follow desert road
prayer hear heart god,god hear heart prayer,god hear heart prayer
give heart sweet mother,mother give sweet heart,mother give sweet heart
woman hear storm sky,woman hear storm sky,woman hear storm sky
hear sky storm father,father hear storm sky,father hear storm sky
sack man lift grain,man lift grain sack,man lift grain sack
praise people power god,people praise god power,people praise god power
god sweet offering hears,god hears sweet offering,god hears sweet offering
walk riverbank west people,people walk riverbank west,people walk riverbank west
heart youth feel life,youth feel heart life,youth feel heart life
life father youth guide,father guide youth life,father guide youth life
woman hear desert wind,woman hear desert wind,woman hear desert wind
river west woman see,woman see river west,woman see river west
god people bless town,god bless people town,god bless people town
hill desert youth climb,youth climb desert hill,youth climb desert hill
offering bring servant milk,servant bring milk offering,servant bring milk offering
god see desert hill,god see desert hill,god see desert hill
senet youth board finds,youth finds senet board,youth finds senet board
servant plant lotus bring,servant bring lotus plant,servant bring lotus plant
sees stone throne king,king sees stone throne,king sees stone throne
rope servant twisted bring,servant bring twisted rope,servant bring twisted rope
great horizon makes god,god makes great horizon,god makes great horizon
feel man soul fire,man feel fire soul,man feel fire soul
adze scribe finds stone,scribe finds stone adze,scribe finds stone adze
peace youth sweet seek,youth seek sweet peace,youth seek sweet peace
woman star sees beautiful,woman sees beautiful star,woman sees beautiful star
peace heart great finds,heart finds great peace,heart finds great peace
field god town protect,god protect field town,god protect field town
people mountain cross pass,people cross mountain pass,people cross mountain pass
people honor throne god,people honor god throne,people honor throne god
god heart hear people,god hear people heart,god hear people heart
god sky rule throne,god rule throne sky,god rule throne sky
god strong grant life,god grant strong life,god grant strong life
watch life god people,god watch people life,god watch people life
fox servant bring three,servant bring three fox,servant bring three flax
man bolt finds door,man finds door bolt,man finds door bolt
finds vessel woman stone,woman finds stone vessel,woman finds stone vessel
mother guide youth love,mother guide youth love,mother guide youth love
hear father people voice,father hear people voice,father hear people voice
life father youth guide,father guide youth life,father guide youth life
horizon god town watch,god watch town horizon,god watch town horizon
beautiful soul god hears,god hears beautiful soul,god hears beautiful soul
youth strong feel life,youth feel strong life,youth feel strong life
god sweet grant peace,god grant sweet peace,god grant sweet peace
milk man jar bring,man bring milk jar,man bring milk jar
loaf bread mother gives,mother gives loaf bread,mother gives loaf bread
king hears scribe great,scribe hears great king,scribe hears great king
god rule star sky,god rule star sky,god rule star sky
quail swallow chick eats,swallow eats quail chick,swallow eats quail chick
life youth sweet love,youth love sweet life,youth love sweet life
man twisted flax follow,man follow twisted flax,man follow twisted flax
strong grant god power,god grant strong power,god grant strong power
djed stability god gives,god gives stability djed,god gives stability djed
grant peace sweet god,god grant sweet peace,god grant sweet peace
man follow road west,man follow west road,man follow west road
plows man strong field,strong man plows field,strong man plows field
life heart loves beautiful,heart loves beautiful life,heart loves beautiful life
soul becomes great god,soul becomes great god,soul becomes great god
fire man see sky,man see fire sky,man see fire sky
hear people father voice,father hear people voice,father hear people voice
sees stone chisel scribe,scribe sees stone chisel,scribe sees stone chisel
stone pillar man lift,man lift stone pillar,man lift stone pillar
see sky mountain woman,woman see mountain sky,woman see mountain sky
king finds tethering rope,king finds tethering rope,king finds tethering rope
god soul people hear,god hear people soul,god hear soul people
servant seat guard throne,servant guard throne seat,servant guard throne seat
hand makes brick strong,strong hand makes brick,strong hand makes brick
hear god prayer soul,god hear soul prayer,god hear soul prayer
praise people power god,people praise god power,people praise god power
open temple servant gate,servant open temple gate,servant open temple gate
hold mother youth face,mother hold youth face,mother hold youth face
fire man horizon see,man see fire horizon,man see fire horizon
desert woman hear wind,woman hear desert wind,woman hear desert wind
people snake great fear,people fear great snake,people fear great snake
build brick temple people,people build brick temple,people build brick temple
finds soul ba peace,soul ba finds peace,soul ba finds peace
lift brick man backbone,man lift brick backbone,man lift brick backbone
gives milk youth jar,youth gives milk jar,youth gives milk jar
path walk mountain people,people walk mountain path,people walk mountain path
milk vessel carry woman,woman carry milk vessel,woman carry milk vessel
finds youth great mountain,youth finds great mountain,youth finds great mountain
shelter people reed gather,people gather reed shelter,people gather reed shelter
servant rack sees jars,servant sees jars rack,servant sees jars rack
guide father power youth,father guide youth power,father guide youth power
hears beautiful soul god,god hears beautiful soul,god hears beautiful soul
carry rope man tethering,man carry tethering rope,man carry tethering rope
city rule god people,god rule city people,god rule city people
road riverbank sees woman,woman sees riverbank road,woman sees riverbank road
temple god people praise,people praise god temple,people praise temple god
hill climb youth stone,youth climb stone hill,youth climb stone hill
sweet finds heart life,heart finds sweet life,heart finds sweet life
man lift sickle grain,man lift sickle grain,man lift sickle grain
river god horizon see,god see river horizon,god see river horizon
honor people god temple,people honor god temple,people honor god temple
god truth hears sweet,god hears sweet truth,god hears sweet truth
road follow town man,man follow town road,man follow town road
great truth man speaks,man speaks great truth,man speaks great truth
man lift brick stone,man lift brick stone,man lift stone brick
watch sky hill god,god watch hill sky,god watch hill sky
guard servant house door,servant guard house door,servant guard house door
folded mother makes cloth,mother makes folded cloth,mother makes folded cloth
climb great hill youth,youth climb great hill,youth climb great hill
carry man grain vessel,man carry grain vessel,man carry grain vessel
finds stone youth ring,youth finds stone ring,youth finds stone ring
chick snake eats quail,snake eats quail chick,snake eats quail chick
woman owl sky see,woman see owl sky,woman see owl sky
cobra hill behind emerges,cobra emerges behind hill,cobra emerges behind hill
god great hears fear,god hears great fear,god hears great fear
guard town servant city,servant guard city town,servant guard city town
youth guide spirit mother,mother guide youth spirit,mother guide youth spirit
man scarab become see,man see scarab become,man see scarab become
woman scroll carry papyrus,woman carry papyrus scroll,woman carry papyrus scroll
star sees woman beautiful,woman sees beautiful star,woman sees beautiful star
west protect god people,god protect west people,god protect west people
papyrus clump woman plant,woman plant papyrus clump,woman plant papyrus clump
reed finds servant leaf,servant finds reed leaf,servant finds reed leaf
beautiful writing sees scribe,scribe sees beautiful writing,scribe sees beautiful writing
woman life feel heart,woman feel heart life,woman feel heart life
grain people field gather,people gather field grain,people gather grain field
life ankh mother give,mother give life ankh,mother give life ankh
lotus people altar gather,people gather lotus altar,people gather lotus altar
finds chick snake quail,snake finds quail chick,snake finds quail chick
people lotus altar gather,people gather lotus altar,people gather lotus altar
youth guide soul mother,mother guide youth soul,mother guide youth soul
door open servant house,servant open house door,servant open house door
servant gate guard riverbank,servant guard riverbank gate,servant guard riverbank gate
hill snake emerges slope,snake emerges hill slope,snake emerges hill slope
reed plant woman shelter,woman plant reed shelter,woman plant reed shelter
follow road river man,man follow river road,man follow river road
hill sees slope eye,eye sees hill slope,eye sees hill slope
man stone lift pillar,man lift stone pillar,man lift stone pillar
woman truth feather see,woman see feather truth,woman see feather truth
rule god horizon sky,god rule horizon sky,god rule horizon sky
hear storm father wind,father hear wind storm,father hear wind storm
bring loaf man bread,man bring bread loaf,man bring bread loaf
makes sky god beautiful,god makes beautiful sky,god makes beautiful sky
hand hold mother youth,mother hold youth hand,mother hold youth hand
ripple becomes water river,water ripple becomes river,water ripple becomes river
power god great bless,god bless great power,god bless great power
woman jar finds milk,woman finds milk jar,woman finds milk jar
horizon see mountain god,god see mountain horizon,god see mountain horizon
see cobra man hill,man see cobra hill,man see cobra hill
mouth speaks peace sweet,mouth speaks sweet peace,mouth speaks sweet peace
ripple big water becomes,water ripple becomes big,water ripple becomes big
sky people god protect,god protect sky people,god protect sky people
god sky watch horizon,god watch sky horizon,god watch sky horizon
power seek youth great,youth seek great power,youth seek great power
honor people god great,people honor great god,people honor great god
ripple water servant bring,servant bring water ripple,servant bring water ripple
storm see man sky,man see storm sky,man see storm sky
people walk west riverbank,people walk west riverbank,people walk riverbank west
grain field bless god,god bless field grain,god bless grain field
stone climb youth hill,youth climb hill stone,youth climb hill stone
papyrus woman plant clump,woman plant papyrus clump,woman plant papyrus clump
life bless great god,god bless great life,god bless great life
man strong feel soul,man feel strong soul,man feel strong soul
field town god protect,god protect field town,god protect field town
town city see god,god see city town,god see city town
youth beautiful loves father,father loves beautiful youth,father loves beautiful youth
lotus offering servant bring,servant bring lotus offering,servant bring lotus offering
road follow man town,man follow town road,man follow town road
mouth loaf eats sweet,mouth eats sweet loaf,mouth eats sweet loaf
lake woman beautiful sees,woman sees beautiful lake,woman sees beautiful lake
jar grain fill servant,servant fill grain jar,servant fill grain jar
see stone man snake,man see snake stone,man see snake stone
god horizon watch town,god watch town horizon,god watch horizon town
fire above hill emerges,fire emerges above hill,fire emerges above hill
scribe vessel finds stone,scribe finds stone vessel,scribe finds stone vessel
life soul bless god,god bless soul life,god bless soul life
flow river west town,river flow west town,river flow west town
belly animal sees eye,eye sees animal belly,eye sees animal belly
bird eats pellet grain,bird eats grain pellet,bird eats grain pellet
god face great sees,face sees great god,face sees great god
father youth hold life,father hold youth life,father hold youth life
scroll gives scribe papyrus,scribe gives papyrus scroll,scribe gives papyrus scroll
swallow sky woman see,woman see swallow sky,woman see swallow sky
gather field people grain,people gather field grain,people gather grain field
king authority gives power,king gives power authority,king gives power authority
west riverbank people walk,people walk riverbank west,people walk riverbank west
lotus plant woman plant,woman plant lotus plant,woman plant lotus plant
youth strong soul seek,youth seek strong soul,youth seek strong soul
hear woman storm sky,woman hear storm sky,woman hear storm sky
flow river father hear,father hear river flow,father hear river flow
head hears father bird,father hears bird head,father hears bird head
woman vessel finds stone,woman finds stone vessel,woman finds stone vessel
sees soul ba star,soul ba sees star,soul ba sees star
river walk west people,people walk river west,people walk river west
father road great finds,father finds great road,father finds great road
man cuts sickle plant,man cuts plant sickle,man cuts plant sickle
swallow hear sky woman,woman hear swallow sky,woman hear swallow sky
life heart youth feel,youth feel heart life,youth feel heart life
walk people west riverbank,people walk riverbank west,people walk riverbank west
river fill servant vessel,servant fill vessel river,servant fill vessel river
slope hill snake emerges,snake emerges hill slope,snake emerges hill slope
servant hears master authority,servant hears master authority,servant hears master authority
honor father mother people,people honor mother father,people honor mother father
see swallow great woman,woman see swallow great,woman see swallow great
peace father guide youth,father guide youth peace,father guide youth peace
guard servant gate riverbank,servant guard riverbank gate,servant guard riverbank gate
great king city makes,king makes great city,king makes great city
scribe makes beautiful book,scribe makes beautiful book,scribe makes beautiful book
animal finds belly cobra,cobra finds animal belly,cobra finds animal belly
youth adze stone finds,youth finds stone adze,youth finds stone adze
sees face sky beautiful,face sees beautiful sky,face sees beautiful sky
see swallow woman great,woman see swallow great,woman see swallow great
guard gate servant lake,servant guard lake gate,servant guard lake gate
great makes book scribe,scribe makes great book,scribe makes great book
mother give heart youth,mother give youth heart,mother give youth heart
sweet eats woman loaf,woman eats sweet loaf,woman eats sweet loaf
people west walk horizon,people walk west horizon,people walk horizon west
woman lake see sky,woman see lake sky,woman see lake sky
servant reed open shelter,servant open reed shelter,servant open reed shelter
sees temple great servant,servant sees great temple,servant sees great temple
woman road horizon walk,woman walk horizon road,woman walk horizon road
great power god grant,god grant great power,god grant great power
basket gives king handle,king gives basket handle,king gives basket handle
head see bird man,man see head bird,man see head bird
old finds mountain man,old man finds mountain,old man finds mountain
man sees west road,man sees road west,man sees road west
life mother spirit give,mother give life spirit,mother give life spirit
build temple people stone,people build stone temple,people build stone temple
walk west horizon people,people walk horizon west,people walk horizon west
water river becomes ripple,water ripple becomes river,water ripple becomes river
handle woman sees basket,woman sees basket handle,woman sees basket handle
power youth father teach,father teach youth power,father teach youth power
rope servant coil bring,servant bring rope coil,servant bring rope coil
head bird father hears,father hears bird head,father hears bird head
makes door hand bolt,hand makes door bolt,hand makes door bolt
see man fire sky,man see fire sky,man see fire sky
coil rope makes hand,hand makes coil rope,hand makes coil rope
clean stool mat servant,servant clean stool mat,servant clean stool mat
watch god horizon star,god watch star horizon,god watch star horizon
great god bless life,god bless great life,god bless great life
life father teach youth,father teach youth life,father teach youth life
authority hears master youth,youth hears master authority,youth hears master authority
open people gate temple,people open temple gate,people open temple gate
field grain god bless,god bless field grain,god bless grain field
rope carry coil man,man carry rope coil,man carry coil rope
rack sees jars scribe,scribe sees jars rack,scribe sees jars rack
people desert walk hill,people walk desert hill,people walk desert hill
servant field plows great,servant plows great field,servant plows great field
power great bless god,god bless great power,god bless great power
river gate servant guard,servant guard river gate,servant guard river gate
life woman feel sweet,woman feel sweet life,woman feel sweet life
open temple gate people,people open temple gate,people open temple gate
peace altar finds soul,soul finds peace altar,soul finds peace altar
servant offering gives bread,servant gives bread offering,servant gives bread offering
people rope carry vessel,people carry rope vessel,people carry rope vessel
guard servant gate house,servant guard house gate,servant guard house gate
youth road teach father,father teach youth road,father teach youth road
peace woman altar bring,woman bring peace altar,woman bring peace altar
see owl hill man,man see owl hill,man see owl hill
grain gather field people,people gather field grain,people gather grain field
jar milk gives woman,woman gives milk jar,woman gives milk jar
desert sees snake youth,youth sees desert snake,youth sees desert snake
strong gate temple becomes,temple gate becomes strong,temple gate becomes strong
thing great gives master,master gives great thing,master gives great thing
face sees beautiful sky,face sees beautiful sky,face sees beautiful sky
bring servant offering lotus,servant bring lotus offering,servant bring lotus offering
gives life power god,god gives life power,god gives life power
desert sees youth hare,youth sees desert hare,youth sees desert hare
storm fear sky man,man fear storm sky,man fear storm sky
snake hill emerges above,snake emerges above hill,snake emerges above hill
night owl see sky,owl see night sky,owl see night sky
people hear prayer god,god hear people prayer,god hear people prayer
basket woman carry handle,woman carry basket handle,woman carry basket handle
man hear storm river,man hear storm river,man hear storm river
sky see woman swallow,woman see swallow sky,woman see swallow sky
cuts old plant man,old man cuts plant,old man cuts plant
peace seek people sweet,people seek sweet peace,people seek sweet peace
protect town god river,god protect river town,god protect river town
stone build temple people,people build stone temple,people build stone temple
grain man carry vessel,man carry grain vessel,man carry grain vessel
strong grant power god,god grant strong power,god grant strong power
town protect god sky,god protect sky town,god protect sky town
guide youth strength father,father guide youth strength,father guide youth strength
people great fear snake,people fear great snake,people fear great snake
gives god life soul,god gives life soul,god gives life soul
find soul great people,people find great soul,people find great soul
climb slope youth hill,youth climb hill slope,youth climb hill slope
father mother loves beautiful,father loves beautiful mother,father loves beautiful mother
drink water man river,man drink water river,man drink water river
bring servant fox three,servant bring three fox,servant bring three fox
god mountain horizon watch,god watch mountain horizon,god watch mountain horizon
peace soul altar finds,soul finds peace altar,soul finds peace altar
woman handle carry basket,woman carry basket handle,woman carry basket handle
mountain horizon woman see,woman see mountain horizon,woman see mountain horizon
makes brick house scribe,scribe makes brick house,scribe makes brick house
people rope cross river,people cross river rope,people cross river rope
emerges cobra hill behind,cobra emerges behind hill,cobra emerges behind hill
pillar djed gives stability,pillar gives stability djed,pillar gives stability djed
stone lift man strength,man lift stone strength,man lift stone strength
god great scarab becomes,scarab becomes great god,scarab becomes great god
sky storm fear man,man fear storm sky,man fear storm sky
servant seat woman seated,servant seat seated woman,servant seat seated woman
power man feel heart,man feel heart power,man feel heart power
bring man peace altar,man bring peace altar,man bring peace altar
finds board youth senet,youth finds senet board,youth finds senet board
god bless grain field,god bless grain field,god bless grain field
river west people cross,people cross west river,people cross river west
feel strong man force,man feel strong force,man feel strong force
build river people town,people build river town,people build river town
youth feel sweet soul,youth feel sweet soul,youth feel sweet soul
drink man water lake,man drink lake water,man drink lake water
god plant bless lotus,god bless lotus plant,god bless lotus plant
sees reed youth shelter,youth sees reed shelter,youth sees reed shelter
protect god field town,god protect field town,god protect field town
plows servant great field,servant plows great field,servant plows great field
father makes leaf reed,father makes reed leaf,father makes reed leaf
youth life mother give,mother give youth life,mother give youth life
lotus woman plant field,woman plant lotus field,woman plant lotus field
river town build people,people build river town,people build river town
hill youth climb rocky,youth climb rocky hill,youth climb rocky hill
desert slope climb youth,youth climb desert slope,youth climb desert slope
town bless god people,god bless people town,god bless town people
father life hold youth,father hold youth life,father hold youth life
god people beautiful loves,god loves beautiful people,god loves beautiful people
hears god sweet offering,god hears sweet offering,god hears sweet offering
god give power strong,god give strong power,god give strong power
road people walk mountain,people walk mountain road,people walk mountain road
people cross west river,people cross west river,people cross river west
cross hill slope people,people cross hill slope,people cross hill slope
rope coil bring servant,servant bring rope coil,servant bring rope coil
prayer hear heart father,father hear heart prayer,father hear heart prayer
storm feel fear man,man feel storm fear,man feel fear storm
god field grain watch,god watch field grain,god watch field grain
great opens gate king,king opens great gate,king opens great gate
heart teach youth father,father teach youth heart,father teach youth heart
people stone build house,people build stone house,people build stone house
rocky climb youth hill,youth climb rocky hill,youth climb rocky hill
give sweet mother milk,mother give sweet milk,mother give sweet milk
swallow sky woman hear,woman hear swallow sky,woman hear swallow sky
see woman swallow west,woman see swallow west,woman see swallow west
god protect lake town,god protect lake town,god protect lake town
man backbone brick lift,man lift brick backbone,man lift brick backbone
hill slope woman walk,woman walk hill slope,woman walk hill slope
water woman fill jar,woman fill water jar,woman fill water jar
woman ka double see,woman see ka double,woman see ka double
bring peace offering servant,servant bring peace offering,servant bring peace offering
follow horizon road man,man follow horizon road,man follow horizon road
god grant people life,god grant people life,god grant people life
climb desert mountain youth,youth climb desert mountain,youth climb desert mountain
ripple water big becomes,water ripple becomes big,water ripple becomes big
fear feel man storm,man feel fear storm,man feel fear storm
god ankh life gives,god gives life ankh,god gives life ankh
carry milk jar woman,woman carry jar milk,woman carry milk jar
god lake protect town,god protect lake town,god protect lake town
bring shelter servant reed,servant bring reed shelter,servant bring reed shelter
storm people mighty fear,people fear mighty storm,people fear mighty storm
see woman riverbank lake,woman see lake riverbank,woman see lake riverbank
god people protect sky,god protect sky people,god protect sky people
house makes great king,king makes great house,king makes great house
river open gate servant,servant open river gate,servant open river gate
star beautiful woman sees,woman sees beautiful star,woman sees beautiful star
give mother milk jar,mother give milk jar,mother give milk jar
altar servant bring peace,servant bring peace altar,servant bring peace altar
peace people grant god,god grant people peace,god grant people peace
god throne honor people,people honor throne god,people honor god throne
river vessel fill servant,servant fill vessel river,servant fill vessel river
hill above emerges bird,bird emerges above hill,bird emerges above hill
thing great becomes fire,fire becomes great thing,fire becomes great thing
see man night owl,man see owl night,man see owl night
snake sees desert youth,youth sees desert snake,youth sees desert snake
gate open city people,people open city gate,people open city gate
throne bless god temple,god bless throne temple,god bless throne temple
hold power youth father,father hold youth power,father hold youth power
strength mother youth give,mother give youth strength,mother give youth strength
father wind storm hear,father hear wind storm,father hear wind storm
papyrus plant woman field,woman plant papyrus field,woman plant papyrus field
grant life god strong,god grant strong life,god grant strong life
sees god man old,old man sees god,old man sees god
love heart finds sweet,heart finds sweet love,heart finds sweet love
town house build people,people build house town,people build house town
fear king hears people,king hears people fear,king hears people fear
mother father loves beautiful,father loves beautiful mother,father loves beautiful mother
owl hear father night,father hear owl night,father hear owl night
hears god beautiful soul,god hears beautiful soul,god hears beautiful soul
great lord hears scribe,scribe hears great lord,scribe hears great lord
water woman jar fill,woman fill water jar,woman fill water jar
life god gives great,god gives great life,god gives great life
milk woman carry vessel,woman carry milk vessel,woman carry milk vessel
sweet woman life love,woman love sweet life,woman love sweet life
lake woman road walk,woman walk lake road,woman walk lake road
soul youth teach father,father teach youth soul,father teach youth soul
reed open shelter people,people open reed shelter,people open reed shelter
servant guard door town,servant guard town door,servant guard town door
people protect god field,god protect field people,god protect field people
god protect lake town,god protect lake town,god protect lake town
woman man seated loves,woman loves seated man,man loves seated woman
horizon god lake watch,god watch lake horizon,god watch lake horizon
cobra stone see man,man see cobra stone,man see cobra stone
life heart youth feel,youth feel heart life,youth feel heart life
city king sees beautiful,king sees beautiful city,king sees beautiful city
sky fear storm man,man fear storm sky,man fear storm sky
youth seek life sweet,youth seek sweet life,youth seek sweet life
finds mountain foot road,foot finds mountain road,foot finds mountain road
sky father storm hear,father hear storm sky,father hear storm sky
three servant bring fox,servant bring three fox,servant bring three fox
grant ankh life god,god grant life ankh,god grant life ankh
walk mountain horizon people,people walk mountain horizon,people walk mountain horizon
road teach youth father,father teach youth road,father teach youth road
finds stone great man,man finds great stone,man finds great stone
man swallow sky watch,man watch swallow sky,man watch swallow sky
mother spirit guide youth,mother guide youth spirit,mother guide youth spirit
watch god west river,god watch river west,god watch river west
guard riverbank town servant,servant guard riverbank town,servant guard riverbank town
scroll papyrus scribe finds,scribe finds papyrus scroll,scribe finds papyrus scroll
hear god soul voice,god hear soul voice,god hear soul voice
servant guard town door,servant guard town door,servant guard town door
mother father people honor,people honor mother father,people honor mother father
servant rope coil bring,servant bring rope coil,servant bring rope coil
quail swallow eats chick,swallow eats quail chick,swallow eats quail chick
king becomes great man,man becomes great king,man becomes great king
god bless seated king,god bless seated king,god bless seated king
brick man stone lift,man lift stone brick,man lift brick stone
finds adze youth stone,youth finds stone adze,youth finds stone adze
heart feel sweet woman,woman feel sweet heart,woman feel sweet heart
cuts plant man old,old man cuts plant,old man cuts plant
love peace sweet people,people love sweet peace,people love sweet peace
gives scribe papyrus scroll,scribe gives papyrus scroll,scribe gives papyrus scroll
river bless people god,god bless river people,god bless river people
stool reed servant clean,servant clean reed stool,servant clean reed stool
city people town build,people build city town,people build city town
night hear owl woman,woman hear night owl,woman hear owl night
plant grain woman field,woman plant grain field,woman plant grain field
protect gate temple god,god protect temple gate,god protect temple gate
protect people town god,god protect people town,god protect town people
town protect people god,god protect town people,god protect town people
rope coil carry man,man carry rope coil,man carry coil rope
man content bring peace,man bring peace content,man bring peace content
see man desert snake,man see snake desert,man see snake desert
hill people desert cross,people cross desert hill,people cross desert hill
offering mother sweet gives,mother gives sweet offering,mother gives sweet offering
horizon watch god town,god watch town horizon,god watch town horizon
road people walk river,people walk river road,people walk river road
god horizon see lake,god see lake horizon,god see lake horizon
truth loves beautiful heart,heart loves beautiful truth,heart loves beautiful truth
river protect town god,god protect river town,god protect river town
vessel servant fill milk,servant fill vessel milk,servant fill vessel milk
becomes god soul great,soul becomes great god,soul becomes great god
owl woman see night,woman see owl night,woman see owl night
god power people grant,god grant power people,god grant power people
town build house people,people build house town,people build house town
give mother strong life,mother give strong life,mother give strong life
lake beautiful woman sees,woman sees beautiful lake,woman sees beautiful lake
servant clean temple mat,servant clean temple mat,servant clean temple mat
protect sky people god,god protect sky people,god protect sky people
temple stone people build,people build stone temple,people build stone temple
lord servant basket bring,servant bring basket lord,servant bring basket lord
people lotus gather field,people gather lotus field,people gather lotus field
youth speak hears god,youth hears god speak,youth hears god speak
walk road river people,people walk river road,people walk river road
people town build city,people build city town,people build city town
desert road walk people,people walk desert road,people walk desert road
shelter makes servant reed,servant makes reed shelter,servant makes reed shelter
stone makes hand adze,hand makes stone adze,hand makes stone adze
heart give sweet mother,mother give sweet heart,mother give sweet heart
city beautiful king sees,king sees beautiful city,king sees beautiful city
god life grant sweet,god grant sweet life,god grant sweet life
hold mother love youth,mother hold youth love,mother hold youth love
honor god people great,people honor great god,people honor great god
cross hill slope people,people cross hill slope,people cross hill slope
people cross hill riverbank,people cross riverbank hill,people cross riverbank hill
life sweet feel youth,youth feel sweet life,youth feel sweet life
ka woman spirit see,woman see ka spirit,woman see ka spirit
woman see mountain sky,woman see mountain sky,woman see mountain sky
youth stone hill climb,youth climb stone hill,youth climb hill stone
carry rope man coil,man carry rope coil,man carry coil rope
man sweet bring offering,man bring sweet offering,man bring sweet offering
heart love woman feel,woman feel love heart,woman feel love heart
hand rope coil finds,hand finds coil rope,hand finds coil rope
papyrus scroll woman see,woman see papyrus scroll,woman see papyrus scroll
people god protect town,god protect people town,god protect town people
jar woman carry milk,woman carry jar milk,woman carry milk jar
finds youth stone chisel,youth finds stone chisel,youth finds stone chisel
silent owl watch night,owl watch silent night,owl watch silent night
town people cross bridge,people cross town bridge,people cross town bridge
cross lake people river,people cross lake river,people cross lake river
scribe scroll papyrus sees,scribe sees papyrus scroll,scribe sees papyrus scroll
god field protect grain,god protect grain field,god protect grain field
door open city people,people open city door,people open city door
watch sky god star,god watch star sky,god watch star star
ripple becomes river water,water ripple becomes river,water ripple becomes river
beautiful hears god soul,god hears beautiful soul,god hears beautiful soul
book scroll makes scribe,scribe makes scroll book,scribe makes book scroll
plant woman lotus plant,woman plant lotus plant,woman plant lotus plant
house open servant bolt,servant open house bolt,servant open house bolt
strong seek soul youth,youth seek strong soul,youth seek strong soul
servant grain bring jar,servant bring grain jar,servant bring grain jar
water drink man ripple,man drink water ripple,man drink water ripple
fill water servant vessel,servant fill vessel water,servant fill water vessel
protect town god sky,god protect sky town,god protect sky town
folded makes cloth servant,servant makes folded cloth,servant makes folded cloth
king servant hears speak,servant hears king speak,servant hears king speak
house clean servant mat,servant clean house mat,servant clean house mat
king seated servant guard,servant guard seated king,servant guard seated king
life seek soul youth,youth seek soul life,youth seek soul life
old bird man hears,old man hears bird,old man hears bird
gather people field grain,people gather field grain,people gather grain field
father sky storm hear,father hear storm sky,father hear storm sky
god horizon sky see,god see horizon sky,god see horizon sky
fear god great hears,god hears great fear,god hears great fear
hill road cross people,people cross hill road,people cross hill road
god gives life ankh,god gives life ankh,god gives life ankh
people desert road cross,people cross desert road,people cross desert road
people cross rope river,people cross rope river,people cross rope river
grain jar man carry,man carry grain jar,man carry grain jar
desert slope youth climb,youth climb desert slope,youth climb desert slope
finds king ring stone,king finds stone ring,king finds stone ring
makes reed shelter servant,servant makes reed shelter,servant makes reed shelter
hare desert sees youth,youth sees desert hare,youth sees desert hare
belly finds animal cobra,cobra finds animal belly,cobra finds animal belly
man loves woman seated,man loves seated woman,man loves seated woman
hand rope makes coil,hand makes coil rope,hand makes coil rope
offering gives sweet mother,mother gives sweet offering,mother gives sweet offering
west horizon see woman,woman see west horizon,woman see west horizon
see god sky horizon,god see horizon sky,god see horizon sky
father makes shelter reed,father makes reed shelter,father makes reed shelter
sweet love heart finds,heart finds sweet love,heart finds sweet love
god bless seated throne,god bless seated throne,god bless seated throne
god grant strong power,god grant strong power,god grant strong power
build house brick people,people build brick house,people build brick house
makes temple great king,king makes great temple,king makes great temple
finds bread loaf mother,mother finds bread loaf,mother finds bread loaf
ba soul sees star,soul ba sees star,soul ba sees star
sky owl hear woman,woman hear owl sky,woman hear owl sky
fill water woman jar,woman fill water jar,woman fill water jar
stone vessel finds man,man finds stone vessel,man finds stone vessel
stone strength lift man,man lift stone strength,man lift stone strength
emerges hill horned viper,horned viper emerges hill,horned viper emerges hill
offering share bread people,people share bread offering,people share bread offering
youth power father guide,father guide youth power,father guide youth power
people river god bless,god bless river people,god bless river people
mouth speaks beautiful truth,mouth speaks beautiful truth,mouth speaks beautiful truth
grain carry woman basket,woman carry basket grain,woman carry basket grain
youth guide father strength,father guide youth strength,father guide youth strength
see horizon woman star,woman see star horizon,woman see star horizon
chick quail snake eats,snake eats quail chick,snake eats quail chick
god sees beautiful horizon,god sees beautiful horizon,god sees beautiful horizon
strong life seek youth,youth seek strong life,youth seek strong life
plant garden lotus woman,woman plant lotus garden,woman plant lotus garden
door people open town,people open town door,people open town door
cross people lake shore,people cross lake shore,people cross lake shore
gives king handle basket,king gives basket handle,king gives basket handle
power grant great god,god grant great power,god grant great power
loaf man bread bring,man bring bread loaf,man bring bread loaf
watch horizon god sky,god watch sky horizon,god watch sky horizon
mother youth heart guide,mother guide youth heart,mother guide youth heart
horizon see god hill,god see hill horizon,god see hill horizon
master hears scribe speak,scribe hears master speak,master hears scribe speak
gather lotus field people,people gather lotus field,people gather lotus field
see god lake horizon,god see lake horizon,god see lake horizon
life finds sweet heart,heart finds sweet life,heart finds sweet life
people mother father honor,people honor mother father,people honor mother father
see river storm man,man see storm river,man see storm river
road cross people mountain,people cross mountain road,people cross mountain road
river people build town,people build river town,people build river town
pass cross mountain people,people cross mountain pass,people cross mountain pass
scribe master speak hears,master hears scribe speak,master hears scribe speak
people road follow desert,people follow desert road,people follow desert road
climb youth road mountain,youth climb mountain road,youth climb mountain road
finds ring stone king,king finds stone ring,king finds stone ring
hold youth mother soul,mother hold youth soul,mother hold youth soul
servant gate bolt open,servant open gate bolt,servant open gate bolt
see feather woman truth,woman see feather truth,woman see feather truth
house open servant door,servant open house door,servant open house door
grant life god heart,god grant heart life,god grant heart life
basket man handle carry,man carry basket handle,man carry basket handle
bolt door youth sees,youth sees door bolt,youth sees door bolt
father road youth teach,father teach youth road,father teach youth road
great scribe hears lord,scribe hears great lord,scribe hears great lord
flax twisted makes scribe,scribe makes twisted flax,scribe makes twisted flax
snake hill above emerges,snake emerges above hill,snake emerges above hill
strong life feel man,man feel strong life,man feel strong life
people honor truth feather,people honor feather truth,people honor feather truth
mountain people walk road,people walk mountain road,people walk mountain road
adze cuts great stone,adze cuts great stone,adze cuts great stone
beautiful truth mouth speaks,mouth speaks beautiful truth,mouth speaks beautiful truth
servant milk bring offering,servant bring milk offering,servant bring milk offering
follow road horizon man,man follow horizon road,man follow horizon road
guard city gate servant,servant guard city gate,servant guard city gate
basket man lord carry,man carry basket lord,man carry basket lord
protect people town god,god protect town people,god protect town people
heart soul hear god,god hear heart soul,god hear heart soul
riverbank town servant guard,servant guard riverbank town,servant guard riverbank town
heart mother love youth,mother love youth heart,mother love youth heart
sweet milk give mother,mother give sweet milk,mother give sweet milk
beautiful scribe sees writing,scribe sees beautiful writing,scribe sees beautiful writing
plows field man strong,strong man plows field,strong man plows field
give youth mother soul,mother give youth soul,mother give youth soul
mother youth guide spirit,mother guide youth spirit,mother guide youth spirit
life sweet give mother,mother give sweet life,mother give sweet life
people temple god praise,people praise god temple,people praise temple god
life mother hold youth,mother hold youth life,mother hold youth life
grant god power strong,god grant strong power,god grant strong power
people desert road follow,people follow desert road,people follow desert road
father sky hear storm,father hear storm sky,father hear storm sky
man follow road hill,man follow hill road,man follow hill road
stone makes king throne,king makes stone throne,king makes stone throne
open temple door people,people open temple door,people open temple door
snake emerges above desert,snake emerges above desert,snake emerges above desert
seated god servant seat,servant seat seated god,servant seat seated god
storm father hear wind,father hear wind storm,father hear wind storm
hare desert hill sees,desert hare sees hill,desert hare sees hill
servant makes cloth folded,servant makes folded cloth,servant makes folded cloth
heart great becomes peace,heart becomes great peace,heart becomes great peace
life bless god great,god bless great life,god bless great life
beautiful god sees heart,god sees beautiful heart,god sees beautiful heart
altar lotus people gather,people gather lotus altar,people gather lotus altar
sweet servant bread bring,servant bring sweet bread,servant bring sweet bread
plant man cuts sickle,man cuts plant sickle,man cuts plant sickle
throne stone sees king,king sees stone throne,king sees stone throne
heart god sees truth,god sees heart truth,god sees heart truth
star see sky woman,woman see sky star,woman see sky star
father teach soul youth,father teach youth soul,father teach youth soul
finds father milk jar,father finds milk jar,father finds milk jar
servant altar bring peace,servant bring peace altar,servant bring peace altar
horizon star see man,man see star horizon,man see star horizon
feel peace woman sweet,woman feel sweet peace,woman feel sweet peace
night woman owl see,woman see owl night,woman see owl night
sees papyrus god clump,god sees papyrus clump,god sees papyrus clump
hill man follow road,man follow hill road,man follow hill road
bring man bread sweet,man bring sweet bread,man bring sweet bread
road riverbank walk people,people walk riverbank road,people walk riverbank road
hears scribe great power,scribe hears great power,scribe hears great power
owl man see sky,man see owl sky,man see owl sky
door finds bolt scribe,scribe finds door bolt,scribe finds door bolt
see west river woman,woman see river west,woman see river west
servant bring lord basket,servant bring basket lord,servant bring basket lord
jar grain servant fill,servant fill grain jar,servant fill grain jar
youth mother hold hand,mother hold youth hand,mother hold youth hand
road cross people hill,people cross hill road,people cross hill road
eats man pellet grain,man eats grain pellet,man eats grain pellet
sweet hears god offering,god hears sweet offering,god hears sweet offering
woman hear storm sky,woman hear storm sky,woman hear storm sky
lotus plant god bless,god bless lotus plant,god bless lotus plant
woman sweet life love,woman love sweet life,woman love sweet life
god ankh gives life,god gives life ankh,god gives life ankh
gives loaf bread mother,mother gives loaf bread,mother gives loaf bread
gather clump people papyrus,people gather papyrus clump,people gather papyrus clump
twisted bring servant rope,servant bring twisted rope,servant bring twisted rope
god authority hears heart,heart hears god authority,heart hears god authority
man mighty hears fire,man hears mighty fire,man hears mighty fire
man seated servant seat,servant seat seated man,servant seat seated man
people walk mountain horizon,people walk mountain horizon,people walk mountain horizon
sky rule god throne,god rule throne sky,god rule throne sky
man carry vessel grain,man carry grain vessel,man carry grain vessel
road desert walk people,people walk desert road,people walk desert road
people riverbank west walk,people walk west riverbank,people walk riverbank west
youth heart mother guide,mother guide youth heart,mother guide youth heart
open door bolt servant,servant open door bolt,servant open door bolt
loves man woman beautiful,man loves beautiful woman,man loves beautiful woman
hill road follow man,man follow hill road,man follow hill road
father sees road riverbank,father sees riverbank road,father sees riverbank road
king god strong becomes,strong king becomes god,strong king becomes god
master great thing gives,master gives great thing,master gives great thing
temple throne guard servant,servant guard temple throne,servant guard temple throne
father hold life youth,father hold youth life,father hold youth life
youth hears god speak,youth hears god speak,youth hears god speak
finds altar great soul,soul finds great altar,soul finds great altar
altar finds soul great,soul finds great altar,soul finds great altar
owl sky see man,man see owl sky,man see owl sky
stone strength man lift,man lift stone strength,man lift stone strength
master hears speak scribe,master hears scribe speak,master hears scribe speak
loves man woman beautiful,man loves beautiful woman,man loves beautiful woman
man strong feel life,man feel strong life,man feel strong life
sees shelter king reed,king sees reed shelter,king sees reed shelter
man night owl see,man see owl night,man see owl night
man heart fire feel,man feel fire heart,man feel fire heart
papyrus carry woman clump,woman carry papyrus clump,woman carry papyrus clump
heart beautiful life loves,heart loves beautiful life,heart loves beautiful life
youth shelter reed sees,youth sees reed shelter,youth sees reed shelter
water fill jar servant,servant fill jar water,servant fill jar water
man field grain cut,man cut grain field,man cut grain field
river walk people west,people walk river west,people walk river west
youth teach father love,father teach youth love,father teach youth love
old peace speaks man,old man speaks peace,old man speaks peace
carry water vessel woman,woman carry vessel water,woman carry vessel water
woman swallow see river,woman see swallow river,woman see swallow river
house servant opens gate,servant opens house gate,servant opens house gate
open door city people,people open city door,people open city door
snake man see desert,man see snake desert,man see snake desert
walk people hill desert,people walk desert hill,people walk desert hill
horizon storm see man,man see storm horizon,man see storm horizon
mouth eats loaf sweet,mouth eats sweet loaf,mouth eats sweet loaf
stone makes hand adze,hand makes stone adze,hand makes stone adze
life soul god bless,god bless soul life,god bless soul life
protect river god people,god protect river people,god protect river people
mountain woman see horizon,woman see mountain horizon,woman see mountain horizon
serve seated servant king,servant serve seated king,servant serve seated king
hare youth desert sees,youth sees desert hare,youth sees desert hare
stool clean servant mat,servant clean stool mat,servant clean stool mat
sweet youth life feel,youth feel sweet life,youth feel sweet life
hill slope king sees,king sees hill slope,king sees hill slope
mountain people hill cross,people cross mountain hill,people cross mountain hill
papyrus scroll bring servant,servant bring papyrus scroll,servant bring papyrus scroll
rule town god city,god rule city town,god rule city town
sweet woman offering makes,woman makes sweet offering,woman makes sweet offering
mother hold youth spirit,mother hold youth spirit,mother hold youth spirit
guide youth mother soul,mother guide youth soul,mother guide youth soul
lotus woman plant plant,woman plant lotus plant,woman plant lotus plant
feel woman strong heart,woman feel strong heart,woman feel strong heart
people seated honor king,people honor seated king,people honor seated king
sees road man mountain,man sees mountain road,man sees mountain road
bread mother finds loaf,mother finds bread loaf,mother finds bread loaf
watch flow river man,man watch river flow,man watch river flow
grain cut man field,man cut grain field,man cut grain field
handle basket carry woman,woman carry basket handle,woman carry basket handle
rope bring servant coil,servant bring rope coil,servant bring rope coil
mother loaf conical gives,mother gives conical loaf,mother gives conical loaf
hold peace youth father,father hold youth peace,father hold youth peace
rope vessel carry man,man carry rope vessel,man carry rope vessel
people build city temple,people build city temple,people build city temple
god bless field grain,god bless field grain,god bless grain field
man follow twisted flax,man follow twisted flax,man follow twisted flax
plant lotus plant woman,woman plant lotus plant,woman plant lotus plant
belly finds animal water,animal belly finds water,animal belly finds water
emerges snake above desert,snake emerges above desert,snake emerges above desert
strong youth seek soul,youth seek strong soul,youth seek strong soul
power hears scribe great,scribe hears great power,scribe hears great power
watch river god west,god watch river west,god watch river west
man feel storm fear,man feel storm fear,man feel storm fear
sky horizon god watch,god watch sky horizon,god watch sky horizon
king temple great makes,king makes great temple,king makes great temple
desert walk road man,man walk desert road,man walk desert road
vessel carry stone man,man carry stone vessel,man carry stone vessel
vessel finds scribe stone,scribe finds stone vessel,scribe finds stone vessel
lotus plant gather people,people gather lotus plant,people gather lotus plant
owl see woman night,woman see owl night,woman see owl night
god sky rule earth,god rule sky earth,god rule sky earth
town scribe sees great,scribe sees great town,scribe sees great town
man feel heart life,man feel heart life,man feel heart life
offering god sweet hears,god hears sweet offering,god hears sweet offering
finds woman jar milk,woman finds milk jar,woman finds milk jar
king city sees beautiful,king sees beautiful city,king sees beautiful city
youth give mother strength,mother give youth strength,mother give youth strength
hear voice mother father,father hear mother voice,father hear mother voice
power great seek youth,youth seek great power,youth seek great power
stone man carry vessel,man carry stone vessel,man carry stone vessel
youth strength guide mother,mother guide youth strength,mother guide youth strength
bolt youth door sees,youth sees door bolt,youth sees door bolt
feel heart peace woman,woman feel heart peace,woman feel heart peace
peace bring man satisfy,man bring peace satisfy,man bring peace satisfy
man mighty hears fire,man hears mighty fire,man hears mighty fire
seated god honor people,people honor seated god,people honor seated god
sweet bread bring servant,servant bring sweet bread,servant bring sweet bread
guard house servant gate,servant guard house gate,servant guard house gate
man finds door bolt,man finds door bolt,man finds door bolt
soul ba becomes star,soul ba becomes star,soul ba becomes star
bird hears head father,father hears bird head,father hears bird head
cloth folded mother makes,mother makes folded cloth,mother makes folded cloth
door bolt finds youth,youth finds door bolt,youth finds door bolt
man owl night see,man see owl night,man see owl night
fill servant vessel river,servant fill vessel river,servant fill vessel river
spirit man strong feel,man feel strong spirit,man feel strong spirit
climb youth hill stone,youth climb stone hill,youth climb stone hill
desert sees snake youth,youth sees desert snake,youth sees desert snake
road youth father teach,father teach youth road,father teach youth road
star sky woman see,woman see sky star,woman see sky star
youth heart father guide,father guide youth heart,father guide youth heart
hold mother face youth,mother hold youth face,mother hold youth face
owl sky hear woman,woman hear owl sky,woman hear owl sky
woman heart love feel,woman feel love heart,woman feel love heart
man water carry jar,man carry jar water,man carry jar water
water gives hand ripple,hand gives water ripple,hand gives water ripple
youth teach father love,father teach youth love,father teach youth love
see woman swallow sky,woman see swallow sky,woman see swallow sky
jar milk carry man,man carry milk jar,man carry milk jar
hears scribe power great,scribe hears great power,scribe hears great power
pillar temple people build,people build temple pillar,people build temple pillar
god bless great life,god bless great life,god bless great life
seek peace people sweet,people seek sweet peace,people seek sweet peace
strong life youth feel,youth feel strong life,youth feel strong life
servant jars sees rack,servant sees jars rack,servant sees jars rack
rope carry vessel man,man carry rope vessel,man carry rope vessel
house open servant door,servant open house door,servant open house door
man heart feel fear,man feel heart fear,man feel heart fear
twisted servant flax bring,servant bring twisted flax,servant bring twisted flax
lift backbone brick man,man lift brick backbone,man lift brick backbone
bolt open city servant,servant open city bolt,servant open city bolt
honor people throne god,people honor god throne,people honor throne god
makes servant folded cloth,servant makes folded cloth,servant makes folded cloth
hand finds reed leaf,hand finds reed leaf,hand finds reed leaf
servant brick stone carry,servant carry stone brick,servant carry stone brick
strong feel soul man,man feel strong soul,man feel strong soul
strong brick makes hand,strong hand makes brick,strong hand makes brick
door city open people,people open city door,people open city door
fear heart feel man,man feel fear heart,man feel fear heart
servant bring peace offering,servant bring peace offering,servant bring peace offering
hand flax twisted makes,hand makes twisted flax,hand makes twisted flax
mountain walk road woman,woman walk mountain road,woman walk mountain road
mother youth strength guide,mother guide youth strength,mother guide youth strength
see horizon woman mountain,woman see mountain horizon,woman see mountain horizon
double see ka woman,woman see ka double,woman see ka double
road walk people west,people walk west road,people walk west road
give peace sweet mother,mother give sweet peace,mother give sweet peace
beautiful soul hears god,god hears beautiful soul,god hears beautiful soul
servant plows field great,servant plows great field,servant plows great field
people reed gather shelter,people gather reed shelter,people gather reed shelter
sees servant great temple,servant sees great temple,servant sees great temple
servant temple god serve,servant serve god temple,servant serve god temple
feather maat honor people,people honor feather maat,people honor feather maat
fire above hill emerges,fire emerges above hill,fire emerges above hill
people god honor city,people honor god city,people honor god city
servant gate house guard,servant guard house gate,servant guard house gate
lotus servant offering bring,servant bring lotus offering,servant bring lotus offering
see mountain woman sky,woman see mountain sky,woman see mountain sky
people god hear soul,god hear people soul,god hear soul people
carry reed woman leaf,woman carry reed leaf,woman carry reed leaf
father great city sees,father sees great city,father sees great city
woman loves lotus plant,woman loves lotus plant,woman loves lotus plant
temple build people pillar,people build temple pillar,people build temple pillar
woman hear owl night,woman hear night owl,woman hear owl night
man riverbank road follow,man follow riverbank road,man follow riverbank road
mountain horizon woman see,woman see mountain horizon,woman see mountain horizon
people god life grant,god grant people life,god grant people life
finds door scribe bolt,scribe finds door bolt,scribe finds door bolt
youth wisdom father teach,father teach youth wisdom,father teach youth wisdom
face great sees god,face sees great god,face sees great god
sedge king sees people,sedge king sees people,sedge king sees people
finds sweet peace heart,heart finds sweet peace,heart finds sweet peace
stone man brick lift,man lift stone brick,man lift brick stone
plant field woman papyrus,woman plant papyrus field,woman plant papyrus field
sees youth hare desert,youth sees desert hare,youth sees desert hare
mountain horizon see woman,woman see mountain horizon,woman see mountain horizon
beautiful horizon sees god,god sees beautiful horizon,god sees beautiful horizon
soul god people hear,god hear people soul,god hear people soul
bring servant altar peace,servant bring peace altar,servant bring peace altar
grain lift man sack,man lift grain sack,man lift grain sack
finds road father great,father finds great road,father finds great road
hear voice servant god,god hear servant voice,god hear servant voice
youth guide mother strength,mother guide youth strength,mother guide youth strength
protect west town god,god protect west town,god protect west town
throne god rule seat,god rule throne seat,god rule throne seat
hears sweet truth god,god hears sweet truth,god hears sweet truth
people honor ba soul,people honor soul ba,people honor soul ba
god beautiful hears soul,god hears beautiful soul,god hears beautiful soul
feel heart life man,man feel heart life,man feel heart life
father river hear flow,father hear river flow,father hear river flow
strong seek youth heart,youth seek strong heart,youth seek strong heart
people milk gather jar,people gather milk jar,people gather milk jar
desert man see hare,man see desert hare,man see desert hare
mother guide life youth,mother guide youth life,mother guide youth life
finds woman lotus plant,woman finds lotus plant,woman finds lotus plant
seek strong life youth,youth seek strong life,youth seek strong life
servant vessel water fill,servant fill vessel water,servant fill vessel water
watch man river flow,man watch river flow,man watch river flow
god spirit gives life,god gives life spirit,god gives life spirit
snake eats chick quail,snake eats quail chick,snake eats quail chick
adze finds stone youth,youth finds stone adze,youth finds stone adze
grain sickle lift man,man lift sickle grain,man lift sickle grain
owl night woman hear,woman hear owl night,woman hear owl night
makes reed leaf father,father makes reed leaf,father makes reed leaf
milk give mother youth,mother give youth milk,mother give youth milk
god bless life sweet,god bless sweet life,god bless sweet life
woman storm hear sky,woman hear storm sky,woman hear storm sky
people gate house open,people open house gate,people open house gate
bring peace woman altar,woman bring peace altar,woman bring peace altar
door servant open bolt,servant open door bolt,servant open door bolt
house build people brick,people build brick house,people build brick house
lake man drink ripple,man drink lake ripple,man drink lake ripple
feel soul sweet woman,woman feel sweet soul,woman feel sweet soul
open town gate servant,servant open town gate,servant open town gate
voice hear father youth,father hear youth voice,father hear youth voice
loves beautiful god people,god loves beautiful people,god loves beautiful people
mother people father honor,people honor mother father,people honor mother father
climb youth slope rocky,youth climb rocky slope,youth climb rocky slope
walk riverbank woman road,woman walk riverbank road,woman walk riverbank road
handle basket carry man,man carry basket handle,man carry basket handle
seek youth strong heart,youth seek strong heart,youth seek strong heart
see hill god desert,god see desert hill,god see desert hill
makes hand stone adze,hand makes stone adze,hand makes stone adze
god people praise power,people praise god power,people praise god power
god life gives great,god gives great life,god gives great life
god loves heart truth,god loves heart truth,god loves heart truth
gives great life god,god gives great life,god gives great life
people bridge town cross,people cross town bridge,people cross town bridge
rope carry vessel man,man carry rope vessel,man carry rope vessel
desert walk people hill,people walk desert hill,people walk desert hill
youth board finds senet,youth finds senet board,youth finds senet board
ka woman see life,woman see ka life,woman see ka life
youth soul seek life,youth seek soul life,youth seek soul life
sees ba soul star,soul ba sees star,soul ba sees star
owl see man hill,man see owl hill,man see owl hill
truth man old speaks,old man speaks truth,old man speaks truth
king hears old man,old man hears king,old man hears king
heart life beautiful loves,heart loves beautiful life,heart loves beautiful life
desert see horizon god,god see desert horizon,god see desert horizon
stone ring becomes scarab,scarab becomes stone ring,scarab becomes stone ring
scroll papyrus gather people,people gather papyrus scroll,people gather papyrus scroll
god king seated bless,god bless seated king,god bless seated king
pillar build people town,people build town pillar,people build town pillar
soul beautiful loves god,god loves beautiful soul,god loves beautiful soul
god town west protect,god protect west town,god protect west town
bless god king seated,god bless seated king,god bless seated king
servant clean mat temple,servant clean temple mat,servant clean temple mat
fill servant jar water,servant fill jar water,servant fill jar water
servant peace altar bring,servant bring peace altar,servant bring peace altar
life gives ankh god,god gives life ankh,god gives life ankh
field man cut grain,man cut grain field,man cut grain field
gives three father skins,father gives three skins,father gives three skins
mighty sees people lord,mighty lord sees people,mighty lord sees people
servant rack sees jars,servant sees jars rack,servant sees jars rack
hill people cross mountain,people cross mountain hill,people cross mountain hill
chisel finds stone youth,youth finds stone chisel,youth finds stone chisel
king great people love,people love great king,people love great king
mountain god town protect,god protect mountain town,god protect mountain town
chick swallow quail eats,swallow eats quail chick,swallow eats quail chick
king people honor seated,people honor seated king,people honor seated king
woman sees plant lotus,woman sees lotus plant,woman sees lotus plant
star see woman horizon,woman see star horizon,woman see sky horizon
city sky god protect,god protect sky city,god protect sky city
desert walk path people,people walk desert path,people walk desert path
woman feel strong heart,woman feel strong heart,woman feel strong heart
god hill desert watch,god watch desert hill,god watch desert hill
ripple becomes river water,water ripple becomes river,water ripple becomes river
desert follow man road,man follow desert road,man follow desert road
great god life grant,god grant great life,god grant great life
grant sweet god peace,god grant sweet peace,god grant sweet peace
great thing master gives,master gives great thing,master gives great thing
walk riverbank people road,people walk riverbank road,people walk riverbank road
offering sweet man bring,man bring sweet offering,man bring sweet offering
water gives ripple hand,hand gives water ripple,hand gives water ripple
scarab great becomes god,scarab becomes great god,scarab becomes great god
youth heart teach father,father teach youth heart,father teach youth heart
soul ba finds life,soul ba finds life,soul ba finds life
storm mighty hears king,king hears mighty storm,king hears mighty storm
city beautiful king sees,king sees beautiful city,king sees beautiful city
guide youth peace father,father guide youth peace,father guide youth peace
man hill cobra see,man see cobra hill,man see cobra hill
bread man bring offering,man bring bread offering,man bring bread offering
great master gives thing,master gives great thing,master gives great thing
plant lotus woman garden,woman plant lotus garden,woman plant lotus garden
finds youth chisel stone,youth finds stone chisel,youth finds stone chisel
woman hear night owl,woman hear night owl,woman hear owl night
open gate people river,people open river gate,people open river gate
milk jar carry woman,woman carry milk jar,woman carry jar milk
gate guard servant riverbank,servant guard riverbank gate,servant guard riverbank gate
man see horizon storm,man see storm horizon,man see storm horizon
carry milk jar servant,servant carry milk jar,servant carry milk jar
great riverbank sees scribe,scribe sees great riverbank,scribe sees great riverbank
servant bring bread sweet,servant bring sweet bread,servant bring sweet bread
sky man see fire,man see fire sky,man see fire sky
man see storm horizon,man see storm horizon,man see storm horizon
soul ba people honor,people honor soul ba,people honor soul ba
shelter clean reed servant,servant clean reed shelter,servant clean reed shelter
youth climb mountain road,youth climb mountain road,youth climb mountain road
spirit see ka woman,woman see ka spirit,woman see ka spirit
hear god soul voice,god hear soul voice,god hear soul voice
door guard town servant,servant guard town door,servant guard town door
papyrus plant woman clump,woman plant papyrus clump,woman plant papyrus clump
king star sees horizon,king sees horizon star,king sees horizon star
river cross people lake,people cross lake river,people cross lake river
hear god voice servant,god hear servant voice,god hear servant voice
speak master scribe hears,scribe hears master speak,scribe hears master speak
finds vessel scribe stone,scribe finds stone vessel,scribe finds stone vessel
town people cross road,people cross town road,people cross town road
mountain man walk road,man walk mountain road,man walk mountain road
basket handle man makes,man makes basket handle,man makes basket handle
woman jar finds milk,woman finds milk jar,woman finds milk jar
loves plant lotus woman,woman loves lotus plant,woman loves lotus plant
man cobra see stone,man see cobra stone,man see cobra stone
follow town road man,man follow town road,man follow town road
servant fill vessel water,servant fill water vessel,servant fill water vessel
town bridge cross people,people cross town bridge,people cross town bridge
watch temple god gate,god watch temple gate,god watch temple gate
town bless people god,god bless people town,god bless people town
life mother youth hold,mother hold youth life,mother hold youth life
bolt finds door youth,youth finds door bolt,youth finds door bolt
feather honor truth people,people honor feather truth,people honor feather truth
man stone vessel finds,man finds stone vessel,man finds stone vessel
town god desert protect,god protect desert town,god protect desert town
youth father guide love,father guide youth love,father guide youth love
open door people town,people open town door,people open town door
speak master hears scribe,master hears scribe speak,scribe hears master speak
guard servant gate river,servant guard river gate,servant guard river gate
seek sweet peace youth,youth seek sweet peace,youth seek sweet peace
hill man stone climb,man climb hill stone,man climb hill stone
open servant door house,servant open house door,servant open house door
god sees old man,old man sees god,old man sees god
people seated honor king,people honor seated king,people honor seated king
father youth beautiful loves,father loves beautiful youth,father loves beautiful youth
people walk horizon west,people walk horizon west,people walk west horizon
riverbank people west walk,people walk west riverbank,people walk riverbank west
flax twisted follow man,man follow twisted flax,man follow twisted flax
temple build people pillar,people build temple pillar,people build temple pillar
man hear storm river,man hear storm river,man hear storm river
servant fill milk jar,servant fill jar milk,servant fill jar milk
soul youth strong seek,youth seek strong soul,youth seek strong soul
makes town big king,king makes big town,king makes big town
sees town great youth,youth sees great town,youth sees great town
give youth mother peace,mother give youth peace,mother give youth peace
youth sees town great,youth sees great town,youth sees great town
ripple water drink man,man drink water ripple,man drink water ripple
heart peace sweet finds,heart finds sweet peace,heart finds sweet peace
people power grant god,god grant power people,god grant power people
strong grant life god,god grant strong life,god grant strong life
woman plant lotus sees,woman sees lotus plant,woman sees lotus plant
gives life great god,god gives great life,god gives great life
life youth seek heart,youth seek heart life,youth seek heart life
lord people sees mighty,mighty lord sees people,mighty lord sees people
star horizon finds king,king finds horizon star,king finds horizon star
seek youth life heart,youth seek heart life,youth seek heart life
gate city servant guard,servant guard city gate,servant guard city gate
finds great peace heart,heart finds great peace,heart finds great peace
clean servant temple stool,servant clean temple stool,servant clean temple stool
sweet god grant peace,god grant sweet peace,god grant sweet peace
gives three skins father,father gives three skins,father gives three skins
youth feel life sweet,youth feel sweet life,youth feel sweet life
lift man pillar stone,man lift stone pillar,man lift stone pillar
lord servant basket bring,servant bring basket lord,servant bring basket lord
throne honor god people,people honor throne god,people honor god throne
gives man stone vessel,man gives stone vessel,man gives stone vessel
mother hold youth spirit,mother hold youth spirit,mother hold youth spirit
see woman lake sky,woman see lake sky,woman see lake sky
soul god prayer hear,god hear soul prayer,god hear soul prayer
father road great finds,father finds great road,father finds great road
river woman walk road,woman walk river road,woman walk river road
man life feel heart,man feel heart life,man feel heart life
west people cross river,people cross river west,people cross river west
mouth finds grain pellet,mouth finds grain pellet,mouth finds grain pellet
grain eats bird pellet,bird eats grain pellet,bird eats grain pellet
seat throne king servant,servant seat throne king,servant seat throne king
heart mother give sweet,mother give sweet heart,mother give sweet heart
king servant seat seated,servant seat seated king,servant seat seated king
mother beautiful sees youth,mother sees beautiful youth,mother sees beautiful youth
heart finds peace sweet,heart finds sweet peace,heart finds sweet peace
people town protect god,god protect town people,god protect town people
pillar gives stability god,god gives stability pillar,god gives stability pillar
open shelter reed people,people open reed shelter,people open reed shelter
people god temple praise,people praise temple god,people praise temple god
ripple river drink man,man drink river ripple,man drink river ripple
youth peace give mother,mother give youth peace,mother give youth peace
road woman horizon walk,woman walk horizon road,woman walk horizon road
give youth mother heart,mother give youth heart,mother give youth heart
man see sky star,man see star sky,man see star sky
feather woman truth see,woman see feather truth,woman see feather truth
god sky star rule,god rule sky star,god rule sky star
guide road youth father,father guide youth road,father guide youth road
rope sickle cuts man,man cuts rope sickle,man cuts rope sickle
youth power hold mother,mother hold youth power,mother hold youth power
see swallow woman sky,woman see swallow sky,woman see swallow sky
heart woman feel strong,woman feel strong heart,woman feel strong heart
woman bring peace content,woman bring peace content,woman bring peace content
god soul gives life,god gives life soul,god gives life soul
hears truth god sweet,god hears sweet truth,god hears sweet truth
servant hill plows field,servant plows hill field,servant plows hill field
stone chisel cuts brick,stone chisel cuts brick,stone chisel cuts brick
desert follow road man,man follow desert road,man follow desert road
great heart peace becomes,heart becomes great peace,heart becomes great peace
people temple build brick,people build brick temple,people build brick temple
riverbank servant town guard,servant guard riverbank town,servant guard riverbank town
youth mother heart love,mother love youth heart,mother love youth heart
see horizon man star,man see star horizon,man see star horizon
stability gives god stone,god gives stability stone,god gives stability stone
sees slope king hill,king sees hill slope,king sees hill slope
sky see owl woman,woman see owl sky,woman see owl sky
woman hear owl sky,woman hear owl sky,woman hear owl sky
bird grain pellet eats,bird eats grain pellet,bird eats grain pellet
throne temple servant guard,servant guard temple throne,servant guard temple throne
man river watch flow,man watch river flow,man watch river flow
eats mouth sweet loaf,mouth eats sweet loaf,mouth eats sweet loaf
beautiful loves youth father,father loves beautiful youth,father loves beautiful youth
twisted makes servant flax,servant makes twisted flax,servant makes twisted flax
old man king hears,old man hears king,old man hears king
finds scribe stone chisel,scribe finds stone chisel,scribe finds stone chisel
plant lotus plant woman,woman plant lotus plant,woman plant lotus plant
bless grain god field,god bless grain field,god bless grain field
sees scribe papyrus scroll,scribe sees papyrus scroll,scribe sees papyrus scroll
plant lotus garden woman,woman plant lotus garden,woman plant lotus garden
father wisdom youth teach,father teach youth wisdom,father teach youth wisdom
makes hand rope tethering,hand makes tethering rope,hand makes tethering rope
great makes horizon god,god makes great horizon,god makes great horizon
drink river man water,man drink river water,man drink water river
give youth power mother,mother give youth power,mother give youth power
servant stone stool clean,servant clean stone stool,servant clean stone stool
mountain stone youth climb,youth climb mountain stone,youth climb stone mountain
woman beautiful man loves,man loves beautiful woman,man loves beautiful woman
cobra finds animal belly,cobra finds animal belly,cobra finds animal belly
man spirit feel strong,man feel strong spirit,man feel strong spirit
servant bring plant lotus,servant bring lotus plant,servant bring lotus plant
people town build city,people build city town,people build city town
mountain sky woman see,woman see mountain sky,woman see mountain sky
offering sweet woman makes,woman makes sweet offering,woman makes sweet offering
behind hill cobra emerges,cobra emerges behind hill,cobra emerges behind hill
see man ox head,man see head ox,man see head ox
teach wisdom youth father,father teach youth wisdom,father teach youth wisdom
hold strength youth mother,mother hold youth strength,mother hold youth strength
finds hare man desert,man finds desert hare,man finds desert hare
chisel scribe stone sees,scribe sees stone chisel,scribe sees stone chisel
grant ankh life god,god grant life ankh,god grant life ankh
