Input,Target,Prediction
life hear / servant heart / behind good back (ankh) listen beautiful thing /,servant hear / listen heart behind / back beautiful / good life (ankh) thing,servant hear / listen heart behind / back beautiful / good life (ankh) thing
mother venerated / father become sees youth as / marrow like,mother sees youth become venerated / marrow like / as father,mother sees youth become venerated / marrow like / as father
work people return after house,people return house after work,people return house after work
father man like plows as example) (or field / (tills),man plows (tills) field like / as (or example) father,man plows (tills) field like / as (or example) father
old teach youth wisdom man,old man teach youth wisdom,old man teach youth wisdom
of loaf servant sweet speak bread / eat drink / milk jar,servant eat / drink / speak milk jar sweet loaf of bread,servant eat / drink / speak milk jar sweet loaf of bread
carve man wood chisel tool,man carve wood tool chisel,man carve wood tool chisel
above basket handle house scribe with give to stone scroll papyrus town,scribe to give papyrus scroll above basket with handle town stone house,scribe to give papyrus scroll above basket with handle town stone house
soul pass gate after death,soul pass gate after death,soul pass gate after death
example) writing / papyrus / stool scroll scribe as scribe (or like,scribe writing / scribe papyrus scroll like / as (or example) stool,scribe writing / scribe papyrus scroll like / as (or example) stool
face / ka (ankh) give to upon (spirit) youth above life,ka (spirit) to give life (ankh) above face / upon youth,ka (spirit) to give life (ankh) above face / upon youth
youth become sees back venerated house / behind / mother marrow,mother sees youth become venerated / marrow behind / back house,mother sees youth become venerated / marrow behind / back house
riverbank behind plows / back field beautiful (tills) / good man,man plows (tills) field behind / back beautiful / good riverbank,man plows (tills) field behind / back beautiful / good riverbank
hear / upon / mighty listen authority great king / face scribe above,scribe hear / listen authority above face / upon great / mighty king,scribe hear / listen authority above face / upon great / mighty king
(ba) star horizon soul sky travel,soul (ba) travel sky star horizon,soul (ba) travel sky star horizon
king town descend mountain toward,king descend mountain toward town,king descend mountain toward town
sees / back / god strong mighty power / great behind deity city gate,god / deity sees strong power behind / back great / mighty gate city,god / deity sees strong power behind / back great / mighty gate city
/ milk of loaf drink (spirit) ka speak eat / bread,ka (spirit) eat / drink / speak loaf of bread milk,ka (spirit) eat / drink / speak loaf of bread milk
mountain hare road viper be) snake horned (to hill above desert,desert hare (to be) horned viper snake above hill mountain road,desert hare (to be) horned viper snake above hill mountain road
like example) all (or authority / / lord as hear listen servant /,servant hear / listen authority like / as (or example) lord / all,servant hear / listen authority like / as (or example) lord / all
gate town above house / sees mat senet board scribe stool,scribe sees senet board above stool / mat house town gate,scribe sees senet board above stool / mat house town gate
sees / / beautiful face god man deity truth behind back / upon,god / deity sees truth behind / back face / upon beautiful man,god / deity sees truth behind / back face / upon beautiful man
command bring servant king jar,king command servant bring jar,king command servant bring jar
god horizon above power life rise,god rise above horizon life power,god rise above horizon life power
adze above scribe / back stone chisel sees behind brick,scribe sees adze chisel above brick stone behind / back,scribe sees adze chisel above brick stone behind / back
king great good city beautiful sees / / town above riverbank,king sees great riverbank above beautiful / good city / town,king sees great riverbank above beautiful / good city / town
past man old youth remember,old man remember past youth,old man remember past youth
above / people door big / emerge gate city bolt great town,people emerge above gate door bolt city / town great / big,people emerge above gate door bolt city / town great / big
bolt house back sees door behind road scribe / town stone,scribe sees door bolt behind / back stone house town road,scribe sees door bolt behind / back stone house town road
city give king face upon power stability / to (djed) above,king to give stability (djed) power above face / upon city,king to give stability (djed) power above face / upon city
safely watch sleep mother child,mother watch child sleep safely,mother watch child sleep safely
/ retreat road west back to man slope mountain return / behind hill,man to return / retreat west mountain road behind / back hill slope,man to return / retreat west mountain road behind / back hill slope
lake sees father like / as above peace example) heart content (or (satisfied) plant river lotus /,father sees heart peace / content (satisfied) like / as (or example) lotus plant above lake river,father sees heart peace / content (satisfied) like / as (or example) lotus plant above lake river
old staff lean road man,old man lean staff road,old man lean staff road
king strength grant god force,god grant strength force king,god grant strength force king
back marrow / road stone great become house / youth temple mighty / venerated behind,youth become venerated / marrow behind / back great / mighty stone temple house road,youth become venerated / marrow behind / back great / mighty stone temple house road
west road gives / / birth town mat above mother stool house begets youth,mother gives birth / begets youth above stool / mat house town road west,mother gives birth / begets youth above stool / mat house town road west
birth youth above good begets house / stone / beautiful shelter gives mother reed,mother gives birth / begets youth above beautiful / good reed shelter house stone,mother gives birth / begets youth above beautiful / good reed shelter house stone
three behind stool scribe sees back / skins stone mat fox /,scribe sees three fox skins behind / back stone stool / mat,scribe sees three fox skins behind / back stone stool / mat
stone / old behind youth man become sees back mother house,mother sees youth become old man behind / back stone house,mother sees youth become old man behind / back stone house
man hear listen fear / owl night,man hear / listen owl night fear,man hear / listen owl night fear
king / life behind peace good / to give altar back beautiful (ankh) /,king to give life (ankh) behind / back beautiful / good peace / altar,king to give life (ankh) behind / back beautiful / good peace / altar
peace god above deity father satisfy (ba) heart / sees face soul upon /,father sees heart peace / satisfy soul (ba) above face / upon god deity,father sees heart peace / satisfy soul (ba) above face / upon god deity
life truth upon deity god face / / thing / heart beautiful good sees above,god / deity sees truth above face / upon beautiful / good heart life thing,god / deity sees truth above face / upon beautiful / good heart life thing
king (or hear / like listen as / example) great authority god,king hear / listen authority like / as (or example) great god,king hear / listen authority like / as (or example) great god
fear snake protect mother child,mother protect child fear snake,mother protect child fear snake
make / god do behind servant offering back jar / to vessel,servant to do / make offering jar vessel behind / back god,servant to do / make offering jar vessel behind / back god
be) (to man hill desert back emerge behind hare / sees,man sees desert hare (to be) emerge behind / back hill,man sees desert hare (to be) emerge behind / back hill
mark god fate years thousand,god mark fate thousand years,god mark fate thousand years
heart feather beautiful god / sees good (truth/maat) life above / / deity upon face,god / deity sees feather (truth/maat) above face / upon beautiful / good heart life,god / deity sees feather (truth/maat) above face / upon beautiful / good heart life
above king beautiful horizon sees house great / good stone,king sees great stone house above beautiful / good horizon,king sees great stone house above beautiful / good horizon
hear good town / man gate / listen / like beautiful example) authority servant as (or,servant hear / listen authority like / as (or example) beautiful / good man gate town,servant hear / listen authority like / as (or example) beautiful / good man gate town
house man back town door bolt sees / stone behind,man sees door bolt behind / back stone house town,man sees door bolt behind / back stone house town
to power give above god (djed) stability deity king / face,god / deity to give stability (djed) power above face king,god / deity to give stability (djed) power above face king
ripple wash vessel woman water,woman wash vessel water ripple,woman wash vessel water ripple
hear good listen above scribe / heart (ankh) beautiful thing / life,scribe hear / listen heart above beautiful / good life (ankh) thing,scribe hear / listen heart above beautiful / good life (ankh) thing
sky deity above god emerge (ba) soul horizon / sees,god / deity sees soul (ba) emerge above sky horizon,god / deity sees soul (ba) emerge above sky horizon
/ of milk eat bread speak loaf jar servant / drink vessel,servant eat / drink / speak loaf of bread milk jar vessel,servant eat / drink / speak loaf of bread milk jar vessel
mountain (to snake desert above hare viper be) horned hill slope,desert hare (to be) horned viper snake above hill slope mountain,desert hare (to be) horned viper snake above hill slope mountain
horizon star god place sky above,god place star sky above horizon,god place star sky above horizon
throne god power authority establish,god establish power authority throne,god establish power authority throne
temple throne back / behind seated / king above god king,king seated god / king above throne behind / back temple,king seated god / king above throne behind / back temple
marrow become / / stone venerated mighty road house behind / temple great back youth,youth become venerated / marrow behind / back great / mighty stone temple house road,youth become venerated / marrow behind / back great / mighty stone temple house road
/ / face / beautiful upon good above feather (truth/maat) deity youth sees god thing,god / deity sees feather (truth/maat) above face / upon beautiful / good youth thing,god / deity sees feather (truth/maat) above face / upon beautiful / good youth thing
milk loaf eat bread drink / speak house ka of sweet / (spirit),ka (spirit) eat / drink / speak loaf of bread milk sweet house,ka (spirit) eat / drink / speak loaf of bread milk sweet house
shelter back birth begets gives good mother / reed / youth behind / beautiful,mother gives birth / begets youth behind / back beautiful / good reed shelter,mother gives birth / begets youth behind / back beautiful / good reed shelter
man back above town god mountain / behind sees great,great god sees man above mountain behind / back town,great god sees man above mountain behind / back town
sees desert king mighty club mountain / force / hill above great strength,king sees strength / force above great / mighty club mountain desert hill,king sees strength / force above great / mighty club mountain desert hill
papyrus back / stone city scroll behind above scribe sees,scribe sees papyrus scroll above stone behind / back city,scribe sees papyrus scroll above stone behind / back city
father son teach hear listen,father teach son hear listen,father teach son hear listen
(ba) above star sky emerge soul horizon,soul (ba) emerge above horizon sky star,soul (ba) emerge above horizon sky star
youth swallow behind back sees lake / (great) above beautiful river,youth sees swallow (great) above lake behind / back beautiful river,youth sees swallow (great) above lake behind / back beautiful river
sweet house speak / eat / ka grain (spirit) / pellet drink stone,ka (spirit) eat / drink / speak sweet grain / pellet stone house,ka (spirit) eat / drink / speak sweet grain / pellet stone house
woman plant lotus sit riverbank,woman sit lotus plant riverbank,woman sit lotus plant riverbank
man stone build carry brick house,man carry brick stone build house,man carry brick stone build house
scribe writing behind do good beautiful / make back road / scribe riverbank / to /,scribe to do / make writing / scribe behind / back beautiful / good riverbank road,scribe to do / make writing / scribe behind / back beautiful / good riverbank road
tethering fasten rope animal man,man fasten tethering rope animal,man fasten tethering rope animal
road great bolt big gate town city / door city stone people house,people gate door bolt city town great / big house stone road city,people gate door bolt city town great / big house stone road city
people river cross by boat,people cross river by boat,people cross river by boat
/ lake plant back plant / river woman behind beautiful good sees above lotus,woman sees lotus plant above lake behind / back beautiful / good plant river,woman sees lotus plant above lake behind / back beautiful / good plant river
/ temple above scribe scribe / writing scroll papyrus mat stool book,scribe writing / scribe papyrus scroll book above stool / mat temple,scribe writing / scribe papyrus scroll book above stool / mat temple
three skins fox scribe stool / back sees mat behind /,scribe sees three fox skins behind / back stool / mat,scribe sees three fox skins behind / back stool / mat
ripple mother pour water jar,mother pour water ripple jar,mother pour water ripple jar
feather sees deity / heart above man upon (truth/maat) god / face,god / deity sees feather (truth/maat) above face / upon man heart,god / deity sees feather (truth/maat) above face / upon man heart
/ / great / big scribe mat book sees house behind stool back above,scribe sees book above stool / mat behind / back great / big house,scribe sees book above stool / mat behind / back great / big house
/ horizon great above soul mighty sky emerge (ba) sees deity god star /,god / deity sees soul (ba) emerge above sky horizon star great / mighty,god / deity sees soul (ba) emerge above sky horizon star great / mighty
city behind man back sees house above riverbank great /,man sees great riverbank above house behind / back city,man sees great riverbank above house behind / back city
authority hear stone king back behind temple / / listen / great mighty,king hear / listen authority behind / back great / mighty stone temple,king hear / listen authority behind / back great / mighty stone temple
stone viper house sees snake brick horned above man emerge,man sees horned viper snake emerge above brick stone house,man sees horned viper snake emerge above brick stone house
behind bread back reed youth / sweet mother shelter woman,woman mother youth behind / back reed shelter sweet bread,woman mother youth behind / back reed shelter sweet bread
town above scribe road to scroll handle house papyrus give basket with,scribe to give papyrus scroll above basket with handle house town road,scribe to give papyrus scroll above basket with handle house town road
/ good above god / sees deity face youth beautiful upon truth /,god / deity sees truth above face / upon beautiful / good youth,god / deity sees truth above face / upon beautiful / good youth
behind back woman town lake lotus sees / house plant above,woman sees lotus plant above lake behind / back house town,woman sees lotus plant above lake behind / back house town
gate great / above behind mighty back city / people emerge,people emerge above gate behind / back great / mighty city,people emerge above gate behind / back great / mighty city
/ town stone / / grain back eat drink house woman sweet speak pellet behind /,woman eat / drink / speak sweet grain / pellet behind / back stone house town,woman eat / drink / speak sweet grain / pellet behind / back stone house town
bolt road above scribe brick stone town door sees house,scribe sees door bolt above brick stone house town road,scribe sees door bolt above brick stone house town road
back emerge road / mountain be) behind sees above (to man desert hill desert hare,man sees desert hare (to be) emerge behind / back desert hill above mountain road,man sees desert hare (to be) emerge behind / back desert hill above mountain road
/ back as like example) field house man father plows (or (tills) / behind,man plows (tills) field like / as (or example) father behind / back house,man plows (tills) field like / as (or example) father behind / back house
fox skins three road sees woman house town vessel above,woman sees three fox skins above vessel house town road,woman sees three fox skins above vessel house town road
boat cross by river people,people cross river by boat,people cross river by boat
back beautiful plows field riverbank man good (tills) / / behind,man plows (tills) field behind / back beautiful / good riverbank,man plows (tills) field behind / back beautiful / good riverbank
/ speak woman eat / grain drink sweet pellet house /,woman eat / drink / speak sweet grain / pellet house,woman eat / drink / speak sweet grain / pellet house
/ to mat basket / (lord house / above stool make servant all) do,servant to do / make basket (lord / all) above stool / mat house,servant to do / make basket (lord / all) above stool / mat house
gives / birth mother beautiful / youth good star reed shelter begets above,mother gives birth / begets youth above reed shelter beautiful / good star,mother gives birth / begets youth above reed shelter beautiful / good star
west (ba) return underground hill soul mountain,soul (ba) return underground west mountain hill,soul (ba) return underground west mountain hill
/ behind back plows good beautiful desert riverbank man mountain (tills) / field,man plows (tills) field behind / back beautiful / good riverbank mountain desert,man plows (tills) field behind / back beautiful / good riverbank mountain desert
love woman child youth sweet life seated,seated woman love child youth life sweet,seated woman love child youth life sweet
writing scroll stone make do / papyrus to / scribe scribe above house,scribe to do / make writing / scribe above papyrus scroll stone house,scribe to do / make writing / scribe above papyrus scroll stone house
above house scribe / / behind city back senet sees stool board stone mat,scribe sees senet board above stool / mat behind / back stone house city,scribe sees senet board above stool / mat behind / back stone house city
house / rest stool mat man,man rest stool / mat house,man rest stool / mat house
negation authority (no/not) people above hear city listen king /,king negation (no/not) hear / listen authority above people city,king negation (no/not) hear / listen authority above people city
/ face / above sees king power god town city stability deity (djed) upon,god / deity sees stability (djed) power above face / upon king city town,god / deity sees stability (djed) power above face / upon king city town
city behind king mighty road above temple stone / adze back chisel sees,king sees adze chisel above stone behind / back mighty temple road city,king sees adze chisel above stone behind / back mighty temple road city
bolt god door peace deity / house opens,god / deity opens door bolt house peace,god / deity opens door bolt house peace
god / upon sees power above stability face (spirit) (djed) ka,ka (spirit) sees stability (djed) power above face / upon god,ka (spirit) sees stability (djed) power above face / upon god
/ back / slope road to man mountain west behind hill road retreat return,man to return / retreat west mountain road behind / back hill slope road,man to return / retreat west mountain road behind / back hill slope road
god thing above heart hear deity listen beautiful life / good / /,god / deity hear / listen heart above beautiful / good life thing,god / deity hear / listen heart above beautiful / good life thing
back slope mountain great (ba) behind desert mighty hill / above hill soul emerge /,soul (ba) emerge above mountain behind / back great / mighty desert hill hill slope,soul (ba) emerge above mountain behind / back great / mighty desert hill hill slope
beautiful (ankh) life king to altar behind back give /,king to give life (ankh) behind / back beautiful altar,king to give life (ankh) behind / back beautiful altar
sees above scribe / adze stone chisel behind brick back,scribe sees adze chisel above brick behind / back stone,scribe sees adze chisel above brick stone behind / back
/ pellet sweet field sickle hoe man grain sees above,man sees sickle hoe above sweet grain / pellet field,man sees sickle hoe above sweet grain / pellet field
star (ba) above emerge soul sky horizon,soul (ba) emerge above horizon sky star,soul (ba) emerge above horizon sky star
man toward town leave desert,man leave town toward desert,man leave town toward desert
heart above / / sky god deity give peace satisfy to horizon,god / deity to give peace / satisfy heart above sky horizon,god / deity to give peace / satisfy heart above sky horizon
hear listen god / temple behind / / heart / city deity great back mighty stone,god / deity hear / listen heart behind / back great / mighty stone temple city,god / deity hear / listen heart behind / back great / mighty stone temple city
/ heart as become (or venerated example) like marrow youth father /,youth become venerated / marrow like / as (or example) father heart,youth become venerated / marrow like / as (or example) father heart
beautiful great man / town city sees above / good star,man sees beautiful / good star above great city / town,man sees beautiful / good star above great city / town
god peace dwell temple content,god dwell temple peace content,god dwell temple peace content
as / truth star beautiful / like god deity (or example) sees,god / deity sees truth like / as (or example) beautiful star,god / deity sees truth like / as (or example) beautiful star
as father like example) venerated marrow youth (or / / become,youth become venerated / marrow like / as (or example) father,youth become venerated / marrow like / as (or example) father
soul seek ba west peace,soul ba seek peace west,soul ba seek peace west
listen hear authority king scribe (no/not) house / above negation,scribe negation (no/not) hear / listen authority above king house,scribe negation (no/not) hear / listen authority above king house
listen hear beautiful deity good / life above / god thing heart /,god / deity hear / listen heart above beautiful / good life thing,god / deity hear / listen heart above beautiful / good life thing
truth above face thing / good heart sees / life beautiful deity upon / god,god / deity sees truth above face / upon beautiful / good heart life thing,god / deity sees truth above face / upon beautiful / good heart life thing
to behind hill west mountain back return retreat desert road / / man,man to return / retreat west mountain road behind / back desert hill,man to return / retreat west mountain road behind / back desert hill
gate man town enter city,man enter gate town city,man enter gate town city
drink bread / / stone sweet ka loaf (spirit) eat of house speak milk jar,ka (spirit) eat / drink / speak loaf of bread milk jar sweet stone house,ka (spirit) eat / drink / speak loaf of bread milk jar sweet stone house
hold hand father love child,father hold child hand love,father hold child hand love
peace big behind god altar offering back / to above king / / great give,king to give offering above peace / altar behind / back great / big god,king to give offering above peace / altar behind / back great / big god
board / basket rope above all) coil gate of senet house (lord,senet board coil of rope basket (lord / all) above house gate,senet board coil of rope basket (lord / all) above house gate
speak / milk ripple conical ka (ankh) (spirit) loaf jar water eat loaf (give) drink of bread life sweet / jar,ka (spirit) eat / drink / speak loaf of bread conical loaf (give) jar milk jar water ripple sweet life (ankh),ka (spirit) eat / drink / speak loaf of bread conical loaf (give) jar milk jar water ripple sweet life (ankh)
plant river behind beautiful above / back sees lake woman lotus,woman sees lotus plant above lake behind / back beautiful river,woman sees lotus plant above lake behind / back beautiful river
of coil river behind above back rope riverbank sees man road lake /,man sees coil of rope above road behind / back riverbank river lake,man sees coil of rope above road behind / back riverbank river lake
house guide peace family father,father guide family house peace,father guide family house peace
above vessel sees skins fox town back three scribe behind /,scribe sees three fox skins above vessel behind / back town,scribe sees three fox skins above vessel behind / back town
big great door back house people / bolt behind town / city / gate,people gate door bolt city / town behind / back great / big house,people gate door bolt city / town behind / back great / big house
life woman (satisfied) / peace love man content house,man love woman life house peace / content (satisfied),man love woman life house peace / content (satisfied)
above / as example) like (or sky (ba) soul star emerge,soul (ba) emerge above sky like / as (or example) star,soul (ba) emerge above sky like / as (or example) star
hill behind sees desert storm above mountain back people fire /,people sees storm fire above mountain behind / back desert hill,people sees storm fire above mountain behind / back desert hill
above / man sweet pellet field hoe sees sickle grain,man sees sickle hoe above sweet grain / pellet field,man sees sickle hoe above sweet grain / pellet field
become / god venerated (or / sees marrow as example) youth mother like,mother sees youth become venerated / marrow like / as (or example) god,mother sees youth become venerated / marrow like / as (or example) god
(repeated) life pellet riverbank / grain plows field,riverbank field plows (repeated) grain / pellet life,senet board coil of grain / pellet life riverbank
life jar / ankh god vessel altar deity offering heart peace give to /,god / deity to give peace / altar offering jar vessel heart life ankh,god / deity to give peace / altar offering jar vessel heart life ankh
town city people gate gather,people gather gate city town,people gather gate city town
/ mountain good river beautiful behind star / sees god back,god sees beautiful / good star behind / back mountain river,god sees beautiful / good star behind / back mountain river
stone mighty heart city deity behind listen / great hear / temple back / / god,god / deity hear / listen heart behind / back great / mighty stone temple city,god / deity hear / listen heart behind / back great / mighty stone temple city
(ba) star travel soul with sun,soul (ba) travel with sun star,soul (ba) travel with sun star
ripple water jar pour mother,mother pour water ripple jar,mother pour water ripple jar
youth example) as begets gives good sky beautiful (or birth horizon / like / above mother star /,mother gives birth / begets youth like / as (or example) beautiful / good star above sky horizon,mother gives birth / begets youth like / as (or example) beautiful / good star above sky horizon
mountain backbone behind side sees belly mighty animal man / great / rib back /,man sees animal belly backbone side / rib behind / back great / mighty mountain,man sees animal belly backbone side / rib behind / back great / mighty mountain
town above basket handle scroll road house with give papyrus to scribe,scribe to give papyrus scroll above basket with handle house town road,scribe to give papyrus scroll above basket with handle house town road
be) hill sees behind / back emerge road hare man (to desert desert,man sees desert hare (to be) emerge behind / back desert hill road,man sees desert hare (to be) emerge behind / back desert hill road
upon power (spirit) king / stability ka above face (djed),stability (djed) power ka (spirit) above face / upon king,stability (djed) power ka (spirit) above face / upon king
scribe beautiful to riverbank / writing back do scribe behind / / make,scribe to do / make writing / scribe behind / back beautiful riverbank,scribe to do / make writing / scribe behind / back beautiful riverbank
peace rest soul west,soul rest west peace,soul rest west peace
as example) authority listen like / (or god hear king great /,king hear / listen authority like / as (or example) great god,king hear / listen authority like / as (or example) great god
sweet woman sing heart joy,woman sing joy sweet heart,woman sing joy sweet heart
town walk gate city road man,man walk road city town gate,man walk road city town gate
stone sees above behind back temple king adze / chisel,king sees adze chisel above stone behind / back temple,king sees adze chisel above stone behind / back temple
child night house mother guard,mother guard house child night,mother guard house child night
side rib man animal above belly backbone brick sees /,man sees animal belly backbone side / rib above brick,man sees animal belly backbone side / rib above brick
begets / star example) mother beautiful (or youth as gives / like birth,mother gives birth / begets youth like / as (or example) beautiful star,mother gives birth / begets youth like / as (or example) beautiful star
(ankh) king town life negation (no/not) give city to above,king negation (no/not) to give life (ankh) above city town,king negation (no/not) to give life (ankh) above city town
/ life god give / (ankh) face upon youth deity above to,god / deity to give life (ankh) above face / upon youth,god / deity to give life (ankh) above face / upon youth
grain field sickle man harvest,man harvest field sickle grain,man harvest field sickle grain
basket papyrus scroll back scribe behind temple sees / above with handle stone,scribe sees papyrus scroll above basket with handle behind / back stone temple,scribe sees papyrus scroll above basket with handle behind / back stone temple
do / scribe writing back / make scribe riverbank / behind to,scribe to do / make writing / scribe behind / back riverbank,scribe to do / make writing / scribe behind / back riverbank
road town swallow clump house emerge papyrus sees scribe owl above,scribe sees owl swallow emerge above papyrus clump road house town,scribe sees owl swallow emerge above papyrus clump road house town
man city road gate walk town,man walk road city town gate,man walk road city town gate
/ horizon (or great emerge big above (ba) swallow like soul as sky example) /,soul (ba) emerge above sky like / as (or example) great / big swallow horizon,soul (ba) emerge above sky like / as (or example) great / big swallow horizon
safely sleep child watch mother,mother watch child sleep safely,mother watch child sleep safely
behind brick sees back adze chisel scribe / above stone,scribe sees adze chisel above brick stone behind / back,scribe sees adze chisel above brick stone behind / back
/ youth back old behind / great stone become man temple big,youth become old man behind / back great / big stone temple,youth become old man behind / back great / big stone temple
great behind back vessel sees fox skins three above scribe stone / house big /,scribe sees three fox skins above vessel behind / back great / big stone house,scribe sees three fox skins above vessel behind / back great / big stone house
above stone / scribe behind back adze brick sees chisel,scribe sees adze chisel above brick behind / back stone,scribe sees adze chisel above brick behind / back stone
king back mighty listen hear / great authority / behind gate /,king hear / listen authority behind / back great / mighty gate,king hear / listen authority behind / back great / mighty gate
soul horizon god emerge great mighty (ba) deity sees / sky above star,god / deity sees soul (ba) emerge above sky horizon star great mighty,god / deity sees soul (ba) emerge above sky horizon star great / mighty
beautiful god behind (truth/maat) deity good back / sees / heart feather /,god / deity sees feather (truth/maat) behind / back beautiful / good heart,god / deity sees feather (truth/maat) behind / back beautiful / good heart
mountain desert man (to hill sees road back / hare be) behind emerge desert,man sees desert hare (to be) emerge behind / back desert hill road mountain,man sees desert hare (to be) emerge behind / back desert hill road mountain
/ above house / eat speak woman / sweet basket grain drink pellet beautiful,woman eat / drink / speak sweet grain / pellet above beautiful basket house,woman eat / drink / speak sweet grain / pellet above beautiful basket house
judge maat god heart feather,god judge heart feather maat,god judge heart feather maat
servant bring command king jar,king command servant bring jar,king command servant bring jar
king servant command jar bring,king command servant bring jar,king command servant bring jar
field swallow sees owl above papyrus clump emerge lake scribe,scribe sees owl swallow emerge above papyrus clump field lake,scribe sees owl swallow emerge above papyrus clump field lake
sees handle skins with scribe basket fox above house three,scribe sees three fox skins above basket with handle house,scribe sees three fox skins above basket with handle house
heart above sees god face (truth/maat) king / upon deity / feather,god / deity sees feather (truth/maat) above face / upon king heart,god / deity sees feather (truth/maat) above face / upon king heart
/ seated / gate behind king king above / back great god mighty throne,king seated god / king above throne behind / back great / mighty gate,king seated god / king above throne behind / back great / mighty gate
/ upon good heart beautiful life (ba) / above soul / peace satisfy face god,heart peace / satisfy soul (ba) above face / upon beautiful / good god life,heart peace / satisfy soul (ba) above face / upon beautiful / good god life
mat all) / do to stool make / basket above / servant (lord,servant to do / make basket (lord / all) above stool / mat,servant to do / make basket (lord / all) above stool / mat
of shelter house / sweet woman behind mother loaf bread back youth reed town,woman mother youth behind / back reed shelter sweet loaf of bread house town,woman mother youth behind / back reed shelter sweet loaf of bread house town
above deity sky god emerge / star sees soul horizon (ba),god / deity sees soul (ba) emerge above sky horizon star,god / deity sees soul (ba) emerge above sky horizon star
writing house / / do scroll to town scribe make scribe papyrus above stone,scribe to do / make writing / scribe above papyrus scroll stone house town,scribe to do / make writing / scribe above papyrus scroll stone house town
/ sky west above deity horizon star god sees,god / deity sees sky star above horizon west,god / deity sees sky star above horizon west
sweet peace woman heart smile,woman smile sweet heart peace,woman smile sweet heart peace
journey road walk foot father,father walk foot road journey,father walk foot road journey
/ ka begets deity birth (spirit) gives / life god,god / deity gives birth / begets life ka (spirit),god / deity gives birth / begets life ka (spirit)
mountain god beautiful good / river sees behind back star /,god sees beautiful / good star behind / back mountain river,god sees beautiful / good star behind / back mountain river
to / gate stool mat basket / house all) servant above make (lord do /,servant to do / make basket (lord / all) above stool / mat house gate,servant to do / make basket (lord / all) above stool / mat house gate
marrow back venerated youth stone road city become temple behind / /,youth become venerated / marrow behind / back stone temple city road,youth become venerated / marrow behind / back stone temple city road
watch old man quietly sky,old man watch sky quietly,old man watch sky quietly
make scribe to good writing scribe / / / behind beautiful city do / back riverbank,scribe to do / make writing / scribe behind / back beautiful / good riverbank city,scribe to do / make writing / scribe behind / back beautiful / good riverbank city
close house door bolt man,man close door bolt house,man close door bolt house
walk hill road mountain man desert,man walk road desert hill mountain,man walk road desert hill mountain
plant above lotus / sees back soul (ba) behind river good / beautiful lake,soul (ba) sees lotus plant above lake behind / back beautiful / good river,soul (ba) sees lotus plant above lake behind / back beautiful / good river
storm fire god fear send,god send storm fire fear,god send storm fire fear
deity upon beautiful above feather good face sees thing / / (truth/maat) youth god /,god / deity sees feather (truth/maat) above face / upon beautiful / good youth thing,god / deity sees feather (truth/maat) above face / upon beautiful / good youth thing
seat power rise king throne,king rise seat throne power,king rise seat throne power
mountain fire / sees back storm above hill behind people desert,people sees storm fire above mountain behind / back desert hill,people sees storm fire above mountain behind / back desert hill
stone side animal sees backbone / rib man belly brick above,man sees animal belly backbone side / rib above brick stone,man sees animal belly backbone side / rib above brick stone
stone adze brick town chisel house road sees above scribe,scribe sees adze chisel above brick stone house town road,scribe sees adze chisel above brick stone house town road
/ house door opens god bolt deity peace,god / deity opens door bolt house peace,god / deity opens door bolt house peace
bread / servant eat thing speak drink sweet jar / of loaf milk,servant eat / drink / speak loaf of bread milk jar sweet thing,servant eat / drink / speak loaf of bread milk jar sweet thing
/ seated king great king mighty gate / / back behind god above city throne,king seated god / king above throne behind / back great / mighty gate city,king seated god / king above throne behind / back great / mighty gate city
authority listen like all / lord / example) servant as hear / (or,servant hear / listen authority like / as (or example) lord / all,servant hear / listen authority like / as (or example) lord / all
sees above star horizon (spirit) (ba) sky great soul ka,ka (spirit) sees soul (ba) above sky horizon great star,ka (spirit) sees soul (ba) above sky horizon great star
above back sees chisel / behind adze stone scribe town house brick,scribe sees adze chisel above brick stone behind / back house town,scribe sees adze chisel above brick stone behind / back house town
/ back stone bolt / road behind town city gate door people,people gate door bolt city / town behind / back stone road,people gate door bolt city / town behind / back stone road
(or become / example) like venerated / great big youth marrow father as /,youth become venerated / marrow like / as (or example) great / big father,youth become venerated / marrow like / as (or example) great / big father
king above beautiful stone great horizon sees good / house,king sees great stone house above beautiful / good horizon,king sees great stone house above beautiful / good horizon
sees brick sickle hoe chisel man adze house / behind back,man sees sickle hoe adze chisel behind / back brick house,man sees sickle hoe adze chisel behind / back brick house
face scarab above sees / become / / / star upon horizon beautiful god good deity,god / deity sees scarab / become above face / upon beautiful / good horizon star,god / deity sees scarab / become above face / upon beautiful / good horizon star
(ankh) to deity give god king face / above / life upon,god / deity to give life (ankh) above face / upon king,god / deity to give life (ankh) above face / upon king
gate great / stone big city house people door bolt / town,people gate door bolt city / town great / big house stone,people gate door bolt city / town great / big house stone
mighty great sees sky emerge / soul above deity horizon star god / (ba),god / deity sees soul (ba) emerge above sky horizon star great / mighty,god / deity sees soul (ba) emerge above sky horizon star great / mighty
behind sees emerge (to hill slope hare desert man back / be),man sees desert hare (to be) emerge behind / back hill slope,man sees desert hare (to be) emerge behind / back hill slope
star sees above / soul great mighty emerge god (ba) / deity sky horizon,god / deity sees soul (ba) emerge above sky horizon star great / mighty,god / deity sees soul (ba) emerge above sky horizon star great / mighty
without face man storm fear,man face storm without fear,man face storm without fear
above stone (djed) power upon / sees king house stability face,king sees stability (djed) power above face / upon stone house,king sees stability (djed) power above face / upon stone house
/ (or / man authority listen good hear like as town beautiful servant gate / example),servant hear / listen authority like / as (or example) beautiful / good man gate town,servant hear / listen authority like / as (or example) beautiful / good man gate town
god family protect life house,god protect house family life,god protect house family life
three vessel sees behind back / skins fox woman house above,woman sees three fox skins above vessel behind / back house,woman sees three fox skins above vessel behind / back house
basket to mat stool servant do (lord / all) house above town / make /,servant to do / make basket (lord / all) above stool / mat house town,servant to do / make basket (lord / all) above stool / mat house town
heart god above / soul / peace satisfy face upon (ba),heart peace / satisfy soul (ba) above face / upon god,heart peace / satisfy soul (ba) above face / upon god
town youth above shelter gives road mother house / reed birth begets,mother gives birth / begets youth above reed shelter house town road,mother gives birth / begets youth above reed shelter house town road
god send people life blessing,god send blessing life people,god send blessing life people
stone / hear / authority door back scribe listen bolt behind,scribe hear / listen authority behind / back stone door bolt,scribe hear / listen authority behind / back stone door bolt
(ba) back desert behind star hill horizon / soul above mountain west emerge,soul (ba) emerge above desert hill behind / back mountain west horizon star,soul (ba) emerge above desert hill behind / back mountain west horizon star
great soul sky (ba) example) (or swallow above horizon like emerge big as / /,soul (ba) emerge above sky like / as (or example) great / big swallow horizon,soul (ba) emerge above sky like / as (or example) great / big swallow horizon
give (ankh) king great to behind back altar / mighty life /,king to give life (ankh) behind / back great / mighty altar,king to give life (ankh) behind / back great / mighty altar
face king road to return west city above retreat mountain /,king to return / retreat west mountain road above face city,king to return / retreat west mountain road above face city
house peace father guide family,father guide family house peace,father guide family house peace
/ eat milk bread of house speak jar ka (spirit) loaf / drink stone sweet,ka (spirit) eat / drink / speak loaf of bread milk jar sweet stone house,ka (spirit) eat / drink / speak loaf of bread milk jar sweet stone house
stool / gate senet house mat town scribe above board sees,scribe sees senet board above stool / mat house town gate,scribe sees senet board above stool / mat house town gate
/ (tills) above mighty house man / hill back great field river plows behind,man plows (tills) field behind / back house great / mighty river above hill,man plows (tills) field behind / back house great / mighty river above hill
back lotus / riverbank above behind woman plant lake beautiful sees,woman sees lotus plant above lake behind / back beautiful riverbank,woman sees lotus plant above lake behind / back beautiful riverbank
be) hare / mountain (to hill back sees desert man desert behind emerge,man sees desert hare (to be) emerge behind / back desert hill mountain,man sees desert hare (to be) emerge behind / back desert hill mountain
town / / make stool offering mat do servant house above to,servant to do / make offering above stool / mat house town,servant to do / make offering above stool / mat house town
papyrus scribe above / book city scroll writing basket scribe,scribe writing / scribe papyrus scroll book above basket city,scribe writing / scribe papyrus scroll book above basket city
mighty temple above / / gate people great road gate emerge back behind city,people emerge above gate behind / back great / mighty city road temple gate,people emerge above gate behind / back great / mighty city road temple gate
example) servant (or father field like man plows / (tills) as,man plows (tills) field like / as (or example) servant father,man plows (tills) field like / as (or example) servant father
/ mighty town / emerge above behind great city gate road / back people,people emerge above gate behind / back great / mighty city / town road,people emerge above gate behind / back great / mighty city / town road
king king god above gate throne city / seated behind back /,king seated god / king above throne behind / back gate city,king seated god / king above throne behind / back gate city
(djed) city people above to power stability king give,king to give stability (djed) power above people city,king to give stability (djed) power above people city
father behind heart sees mighty youth beautiful / life great / back good /,father sees beautiful / good heart behind / back great / mighty youth life,father sees beautiful / good heart behind / back great / mighty youth life
adze / house sickle chisel hoe behind stone back man sees,man sees sickle hoe adze chisel behind / back stone house,man sees sickle hoe adze chisel behind / back stone house
desert / strength club force / / mountain great mighty sees above back behind king,king sees strength / force above great / mighty club behind / back mountain desert,king sees strength / force above great / mighty club behind / back mountain desert
deity soul above horizon sees sky god / (ba) emerge,god / deity sees soul (ba) emerge above sky horizon,god / deity sees soul (ba) emerge above sky horizon
people gate above road door stone bolt / road town city,people gate door bolt city / town above stone road road,people gate door bolt city / town above stone road road
/ life deity beautiful god / heart good listen back / behind / hear,god / deity hear / listen heart behind / back beautiful / good life,god / deity hear / listen heart behind / back beautiful / good life
board of rope senet (lord / all) coil house basket gate above,senet board coil of rope basket (lord / all) above house gate,senet board coil of rope basket (lord / all) above house gate
river chick field emerge / clump good beautiful above papyrus lake quail,quail chick emerge above beautiful / good papyrus clump field lake river,quail chick emerge above beautiful / good papyrus clump field lake river
behind city old above man temple stone become / back youth road town,youth become old man behind / back temple above stone road city town,youth become old man behind / back temple above stone road city town
writing open read scribe man book,man open book read writing scribe,man open book read writing scribe
stone / above back city / brick scribe behind sees house adze chisel town,scribe sees adze chisel above brick stone behind / back house city / town,scribe sees adze chisel above brick stone behind / back house city / town
house fox sees handle three scribe with basket skins above,scribe sees three fox skins above basket with handle house,scribe sees three fox skins above basket with handle house
reed youth mother birth above house gate shelter begets / gives,mother gives birth / begets youth above reed shelter house gate,mother gives birth / begets youth above reed shelter house gate
face stability / ka (djed) upon power king above (spirit),stability (djed) power ka (spirit) above face / upon king,stability (djed) power ka (spirit) above face / upon king
seek soul west peace ba,soul ba seek peace west,soul ba seek peace west
behind / sees swallow above beautiful back good river (great) / lake youth,youth sees swallow (great) above lake behind / back beautiful / good river,youth sees swallow (great) above lake behind / back beautiful / good river
city chisel town brick stone town scribe adze / house sees road above,scribe sees adze chisel above brick stone house town city / town road,scribe sees adze chisel above brick stone house town city / town road
sickle brick house chisel town stone adze above club hoe,adze chisel sickle hoe club above stone brick house town,adze chisel sickle hoe club above stone brick house town
belly great rib back sees big backbone / man side mountain animal / / behind,man sees animal belly backbone side / rib behind / back great / big mountain,man sees animal belly backbone side / rib behind / back great / big mountain
town / man / city mountain great sees good above beautiful,man sees beautiful / good city / town above great mountain,man sees beautiful / good city / town above great mountain
sky god watch from people,god watch people from sky,god watch people from sky
/ sees upon horizon become / / beautiful / face deity above god good scarab,god / deity sees scarab / become above face / upon beautiful / good horizon,god / deity sees scarab / become above face / upon beautiful / good horizon
be) snake hill viper mountain slope horned hare above (to desert,desert hare (to be) horned viper snake above hill slope mountain,desert hare (to be) horned viper snake above hill slope mountain
jar stone speak back / house woman eat / milk / drink behind sweet,woman eat / drink / speak sweet milk jar behind / back stone house,woman eat / drink / speak sweet milk jar behind / back stone house
desert mountain desert be) hare hill viper (to snake horned above,desert hare (to be) horned viper snake above desert hill mountain,desert hare (to be) horned viper snake above desert hill mountain
temple man / great (ankh) deity god above good / seated face to life beautiful give / upon,god / deity to give life (ankh) above face / upon beautiful / good seated man great temple,god / deity to give life (ankh) above face / upon beautiful / good seated man great temple
back book / / sees all) above basket scribe (lord behind,scribe sees book above basket (lord / all) behind / back,scribe sees book above basket (lord / all) behind / back
to offering / above god back king city behind altar give peace /,king to give offering above peace / altar behind / back god city,king to give offering above peace / altar behind / back god city
seated throne king man authority power,king seated man power authority throne,king seated man power authority throne
book house / city scribe papyrus mat scribe / scroll above stool writing,scribe writing / scribe papyrus scroll book above stool / mat house city,scribe writing / scribe papyrus scroll book above stool / mat house city
water ripple life create river god,god create life water ripple river,god create life water ripple river
door above people city bolt emerge / big town gate great /,people emerge above gate door bolt city / town great / big,people emerge above gate door bolt city / town great / big
gate stone back scribe bolt behind town / sees house door,scribe sees door bolt behind / back stone house town gate,scribe sees door bolt behind / back stone house town gate
plant woman gather riverbank lotus,woman gather lotus plant riverbank,woman gather lotus plant riverbank
life grant people god ankh,god grant life ankh people,god grant life ankh people
/ great big town bolt door / back behind gate house people city /,people gate door bolt city / town behind / back great / big house,people gate door bolt city / town behind / back great / big house
scribe sees book / behind back city all) (lord / above basket,scribe sees book above basket (lord / all) behind / back city,scribe sees book above basket (lord / all) behind / back city
sees face god above / power stability upon ka (djed) (spirit),ka (spirit) sees stability (djed) power above face / upon god,ka (spirit) sees stability (djed) power above face / upon god
/ / throne good above great man beautiful back sees feather god / (truth/maat) behind mighty,god sees beautiful / good feather (truth/maat) above man behind / back great / mighty throne,god sees beautiful / good feather (truth/maat) above man behind / back great / mighty throne
animal man rope hold rope tethering,man hold rope tethering rope animal,man hold rope tethering rope animal
as (or emerge (ba) swallow above like sky / example) soul,soul (ba) emerge above sky like / as (or example) swallow,soul (ba) emerge above sky like / as (or example) swallow
create life ripple water god river,god create life water ripple river,god create life water ripple river
papyrus clump above quail emerge chick sees lake scribe,scribe sees quail chick emerge above papyrus clump lake,scribe sees quail chick emerge above papyrus clump lake
good / back / behind give beautiful to (ankh) king altar life,king to give life (ankh) behind / back beautiful / good altar,king to give life (ankh) behind / back beautiful / good altar
city back above stone scribe papyrus / scroll behind sees,scribe sees papyrus scroll above stone behind / back city,scribe sees papyrus scroll above stone behind / back city
mountain force / strength great / club mighty / back king behind sees above,king sees strength / force above great / mighty club behind / back mountain,king sees strength / force above great / mighty club behind / back mountain
behind hare man / back be) emerge hill (to desert sees,man sees desert hare (to be) emerge behind / back hill,man sees desert hare (to be) emerge behind / back hill
heart beautiful life / good hear god above listen / / deity,god / deity hear / listen heart above beautiful / good life,god / deity hear / listen heart above beautiful / good life
be) desert / emerge hill hare behind desert sees man (to back,man sees desert hare (to be) emerge behind / back desert hill,man sees desert hare (to be) emerge behind / back desert hill
behind good / field riverbank plows back (tills) / mountain desert beautiful man,man plows (tills) field behind / back beautiful / good riverbank mountain desert,man plows (tills) field behind / back beautiful / good riverbank mountain desert
house sit peace heart father,father sit house heart peace,father sit house heart peace
coil senet / all) above / of seat throne board (lord rope basket house,senet board coil of rope basket (lord / all) above seat / throne house,senet board coil of rope basket (lord / all) above seat / throne house
/ city (djed) ka town power above stability (spirit) gate upon king face,stability (djed) power ka (spirit) above face / upon king city town gate,stability (djed) power ka (spirit) above face / upon king city town gate
upon heart king face / sees god feather (truth/maat) above deity /,god / deity sees feather (truth/maat) above face / upon king heart,god / deity sees feather (truth/maat) above face / upon king heart
/ man horned stone emerge viper behind back hill sees above brick,man sees horned viper emerge above hill behind / back stone brick,man sees horned viper emerge above hill behind / back stone brick
people fire sees storm / back above behind hill mountain,people sees storm fire above mountain behind / back hill,people sees storm fire above mountain behind / back hill
throne / king city above beautiful town great good king seated / / god,king seated god / king above throne beautiful / good city / town great,king seated god / king above throne beautiful / good city / town great
become youth / behind stone / marrow back venerated temple road city,youth become venerated / marrow behind / back stone temple city road,youth become venerated / marrow behind / back stone temple city road
sweet life father star plant love sky lotus mother,father mother love life lotus plant sweet sky star,father mother love life lotus plant sweet sky star
above man be) desert hill desert emerge hare sees (to,man sees desert hare (to be) emerge above desert hill,man sees desert hare (to be) emerge above desert hill
youth sees / become venerated marrow / behind back house mother,mother sees youth become venerated / marrow behind / back house,mother sees youth become venerated / marrow behind / back house
/ above behind temple people gate / mighty emerge gate city great road back,people emerge above gate behind / back great / mighty city road temple gate,people emerge above gate behind / back great / mighty city road temple gate
back sees god man mountain behind / great above town,great god sees man above mountain behind / back town,great god sees man above mountain behind / back town
strength army command force king,king command army strength force,king command army strength force
sees star example) like deity god truth (or / as /,god / deity sees truth like / as (or example) star,god / deity sees truth like / as (or example) star
/ mat rest house stool man,man rest stool / mat house,man rest stool / mat house
strength sees stability king (djed) force above / power house,king sees strength / force above stability (djed) power house,king sees strength / force above stability (djed) power house
town road adze scribe brick chisel stone sees house above,scribe sees adze chisel above brick stone house town road,scribe sees adze chisel above brick stone house town road
mountain great / behind beautiful road town to back / return man city / good / above retreat,man to return / retreat above road behind / back beautiful / good city / town great mountain,man to return / retreat above road behind / back beautiful / good city / town great mountain
mountain hare hill above viper emerge (to gate road desert desert be) horned,desert hare (to be) horned viper emerge above desert hill mountain road gate,desert hare (to be) horned viper emerge above desert hill mountain road gate
as great listen / hear king authority example) like (or god /,king hear / listen authority like / as (or example) great god,king hear / listen authority like / as (or example) great god
back skins house vessel above sees woman three fox behind /,woman sees three fox skins above vessel behind / back house,woman sees three fox skins above vessel behind / back house
woman / / eat back / behind drink stone / pellet grain speak sweet,woman eat / drink / speak sweet grain / pellet behind / back stone,woman eat / drink / speak sweet grain / pellet behind / back stone
old man stone become behind house back mother / youth sees,mother sees youth become old man behind / back stone house,mother sees youth become old man behind / back stone house
stone / back great / deity temple mighty / hear heart listen god behind /,god / deity hear / listen heart behind / back great / mighty stone temple,god / deity hear / listen heart behind / back great / mighty stone temple
mat do make stool / above (lord to / basket servant / all),servant to do / make basket (lord / all) above stool / mat,servant to do / make basket (lord / all) above stool / mat
scribe book behind city above / sees great back house,scribe sees book above house behind / back great city,scribe sees book above house behind / back great city
bread woman loaf sweet behind of reed / mother youth shelter back house,woman mother youth behind / back reed shelter sweet loaf of bread house,woman mother youth behind / back reed shelter house sweet loaf of bread
speak drink eat / / people bread life,people eat / drink / speak bread life,people eat / drink / speak bread life
woman reed / loaf sweet back behind shelter bread youth mother,woman mother youth behind / back reed shelter sweet loaf bread,woman mother youth behind / back reed shelter sweet loaf bread
west gate soul underground cross,soul cross gate west underground,soul cross gate west underground
lake good sees river / plant above plant lotus woman / beautiful back behind,woman sees lotus plant above lake behind / back beautiful / good plant river,woman sees lotus plant above lake behind / back beautiful / good plant river
power town great / authority seated god king / city,seated god / king authority power great city / town,seated god / king authority power great city / town
grain back / house sweet eat / pellet speak woman / / drink behind,woman eat / drink / speak sweet grain / pellet behind / back house,woman eat / drink / speak sweet grain / pellet behind / back house
back great / mighty bolt / city door behind stone house gate,door bolt stone house gate behind / back great / mighty city,door bolt stone house gate behind / back great / mighty city
back negation sees town book house / stone (no/not) city scribe behind,scribe negation (no/not) sees book behind / back stone house town city,scribe negation (no/not) sees book behind / back stone house town city
house / town (lord above book basket behind back all) scribe sees /,scribe sees book above basket (lord / all) behind / back house town,scribe sees book above basket (lord / all) behind / back house town
listen above good life / heart beautiful hear / deity thing god /,god / deity hear / listen heart above beautiful / good life thing,god / deity hear / listen heart above beautiful / good life thing
make writing do / to scribe scribe behind / / riverbank back,scribe to do / make writing / scribe behind / back riverbank,scribe to do / make writing / scribe behind / back riverbank
road town / behind stone temple marrow house back city become venerated / youth,youth become venerated / marrow behind / back stone temple house road city town,youth become venerated / marrow behind / back stone temple house road city town
peace throne temple god sit,god sit throne temple peace,god sit throne temple peace
basket town goods people move,people move goods basket town,people move goods basket town
desert above hill be) hare man (to slope emerge sees,man sees desert hare (to be) emerge above hill slope,man sees desert hare (to be) emerge above hill slope
/ (or writing papyrus house mat thing / / as stool scribe example) scroll scribe like,scribe writing / scribe papyrus scroll like / as (or example) thing stool / mat house,scribe writing / scribe papyrus scroll like / as (or example) thing stool / mat house
stand king above power authority people,king stand above people power authority,king stand above people power authority
god upon face give / above king deity to life / (ankh),god / deity to give life (ankh) above face / upon king,god / deity to give life (ankh) above face / upon king
sees house above lotus woman lake behind plant / back town,woman sees lotus plant above lake behind / back house town,woman sees lotus plant above lake behind / back house town
peace dwell temple god content,god dwell temple peace content,god dwell temple peace content
three skins sees / vessel fox house behind woman back above,woman sees three fox skins above vessel behind / back house,woman sees three fox skins above vessel behind / back house
servant temple offering jar carry,servant carry jar offering temple,servant carry jar offering temple
life face / youth give above god / deity upon (ankh) to,god / deity to give life (ankh) above face / upon youth,god / deity to give life (ankh) above face / upon youth
/ temple king stone behind back sees above adze chisel,king sees adze chisel above stone behind / back temple,king sees adze chisel above stone behind / back temple
town people city road travel,people travel road town city,people travel road town city
beautiful heart / good sees seated woman man house,seated man sees beautiful / good woman house heart,seated man sees beautiful / good woman house heart
sky (or / example) as soul great like above emerge swallow / big (ba) horizon,soul (ba) emerge above sky like / as (or example) great / big swallow horizon,soul (ba) emerge above sky like / as (or example) great / big swallow horizon
basket all) coil senet / rope board seat (lord of,senet board coil of rope basket (lord / all) seat,senet board coil of rope basket sweet seat
sky / (or / like big swallow as example) soul emerge above (ba) great,soul (ba) emerge above sky like / as (or example) great / big swallow,soul (ba) emerge above sky like / as (or example) great / big swallow
field clump chick beautiful good lake papyrus above river quail / emerge,quail chick emerge above beautiful / good papyrus clump field lake river,quail chick emerge above beautiful / good papyrus clump field lake river
behind / hoe man chisel adze back stone sickle sees,man sees sickle hoe adze chisel behind / back stone,man sees sickle hoe adze chisel behind / back stone
god sees above horizon sky soul emerge great / (ba) deity,god / deity sees soul (ba) emerge above sky great horizon,god / deity sees soul (ba) emerge above sky great horizon
west soul from watch living,soul watch living from west,soul watch living from west
father / venerated / like become marrow example) youth heart as (or,youth become venerated / marrow like / as (or example) father heart,youth become venerated / marrow like / as (or example) father heart
/ scribe papyrus great / writing house mat scribe stone above stool scroll,scribe writing / scribe papyrus scroll above stone stool / mat great house,scribe writing / scribe papyrus scroll above stone stool / mat great house
/ / back king to mountain behind west retreat return hill road,king to return / retreat west mountain road behind / back hill,king to return / retreat west mountain road behind / back hill
sees with scroll temple handle scribe stone above basket papyrus,scribe sees papyrus scroll above basket with handle stone temple,scribe sees papyrus scroll above basket with handle stone temple
speak man heart wisdom old,old man speak wisdom heart,old man speak wisdom heart
mighty / back god listen hear / stone heart deity behind /,god / deity hear / listen heart behind / back mighty stone,god / deity hear / listen heart behind / back mighty stone
mighty feather stone / (truth/maat) / / great behind sees back deity god temple,god / deity sees feather (truth/maat) behind / back great / mighty stone temple,god / deity sees feather (truth/maat) behind / back great / mighty stone temple
hill man above horned desert mountain sees emerge viper city snake road,man sees horned viper snake emerge above desert hill mountain road city,man sees horned viper snake emerge above desert hill mountain road city
work plows (tills) grain pellet do / field man,man do work field plows (tills) grain / pellet,man do work field plows (tills) grain / pellet
king mighty great stone to above / / give offering altar peace temple,king to give offering above peace / altar great / mighty stone temple,king to give offering above peace / altar great / mighty stone temple
youth like example) great become / venerated father / (or marrow as,youth become venerated / marrow like / as (or example) great father,youth become venerated / marrow like / as (or example) great father
hear listen / / god behind good / deity / beautiful heart back,god / deity hear / listen heart behind / back beautiful / good,god / deity hear / listen heart behind / back beautiful / good
listen stone back hear / / mighty behind / god deity heart,god / deity hear / listen heart behind / back mighty stone,god / deity hear / listen heart behind / back mighty stone
drink satisfied man water life,man drink water life satisfied,man drink water life satisfied
behind river above / back woman / lotus good sees riverbank plant lake beautiful,woman sees lotus plant above lake behind / back beautiful / good riverbank river,woman sees lotus plant above lake behind / back beautiful / good riverbank river
example) / / as book like (or papyrus scribe thing scribe scroll writing,scribe writing / scribe papyrus scroll book like / as (or example) thing,scribe writing / scribe papyrus scroll book like / as (or example) thing
above sees city road king mighty adze stone temple / behind back chisel,king sees adze chisel above stone behind / back mighty temple road city,king sees adze chisel above stone behind / back mighty temple road city
hear back listen owl / papyrus road town / behind scribe clump riverbank above,scribe hear / listen owl above papyrus clump behind / back riverbank town road,scribe hear / listen owl above papyrus clump behind / back riverbank town road
father like house plows (or field road example) as / man town (tills),man plows (tills) field like / as (or example) father house town road,man plows (tills) field like / as (or example) father house town road
back hill slope behind above / desert storm fire mountain,storm fire above mountain behind / back desert hill slope,storm fire above mountain behind / back desert hill slope
mountain servant (or (tills) road as man plows / like field example),man plows (tills) field like / as (or example) servant mountain road,man plows (tills) field like / as (or example) servant mountain road
temple behind man / town road back city old become stone youth,youth become old man behind / back stone temple city town road,youth become old man behind / back stone temple city town road
beautiful (or / servant authority example) / man like hear / as listen good,servant hear / listen authority like / as (or example) beautiful / good man,servant hear / listen authority like / as (or example) beautiful / good man
house papyrus stone scribe to above scroll town / do make scribe writing /,scribe to do / make writing / scribe above papyrus scroll stone house town,scribe to do / make writing / scribe above papyrus scroll stone house town
with above handle three sees fox house basket skins scribe,scribe sees three fox skins above basket with handle house,scribe sees three fox skins above basket with handle house
lord offering woman basket every carry,woman carry basket lord every offering,woman carry basket lord every offering
boat tie man river rope,man tie rope boat river,man tie rope boat river
good / / above / thing life face god sees upon beautiful truth heart deity,god / deity sees truth above face / upon beautiful / good heart life thing,god / deity sees truth above face / upon beautiful / good heart life thing
stone above great road back emerge people behind / / temple mighty,people emerge above road behind / back great / mighty stone temple,people emerge above road behind / back great / mighty stone temple
town behind city back sees / (no/not) house scribe book stone negation,scribe negation (no/not) sees book behind / back stone house town city,scribe negation (no/not) sees book behind / back stone house town city
town back door house scribe bolt behind stone gate / sees,scribe sees door bolt behind / back stone house town gate,scribe sees door bolt behind / back stone house town gate
mother house begets youth shelter birth above / gives reed,mother gives birth / begets youth above reed shelter house,mother gives birth / begets youth above reed shelter house
temple become / great scribe youth big behind sees father,father sees youth become great / big scribe behind temple,father sees youth become great / big scribe behind temple
god city back great throne king king gate mighty / / above / seated behind,king seated god / king above throne behind / back great / mighty gate city,king seated god / king above throne behind / back great / mighty gate city
field back plows / man (tills) riverbank behind beautiful good /,man plows (tills) field behind / back beautiful / good riverbank,man plows (tills) field behind / back beautiful / good riverbank
gate above great city town / / mighty / people emerge behind road back,people emerge above gate behind / back great / mighty city / town road,people emerge above road behind / back great / mighty gate city / town
man great house / city back behind riverbank above sees,man sees great riverbank above house behind / back city,man sees great riverbank above house behind / back city
book scribe house negation city behind sees / back (no/not) stone town,scribe negation (no/not) sees book behind / back stone house town city,scribe negation (no/not) sees book behind / back stone house town city
offering give to / above mighty great temple / king altar peace,king to give offering above peace / altar great / mighty temple,king to give offering above peace / altar great / mighty temple
walk road journey father foot,father walk foot road journey,father walk foot road journey
(to back hare behind be) road emerge hill sees man mountain desert desert /,man sees desert hare (to be) emerge behind / back desert hill road mountain,man sees desert hare (to be) emerge behind / back desert hill road mountain
protect house life god family,god protect house family life,god protect house family life
/ strength house stability king sees force power above (djed),king sees strength / force above stability (djed) power house,king sees strength / force above stability (djed) power house
door bolt mighty / behind city / gate house stone great back,door bolt stone house gate behind / back great / mighty city,door bolt stone house gate behind / back great / mighty city
star sky emerge god (ba) / horizon above deity soul sees,god / deity sees soul (ba) emerge above sky horizon star,god / deity sees soul (ba) emerge above sky horizon star
return road man hill behind / west mountain retreat to,man to return / retreat west mountain road behind hill,man to return / retreat west mountain road behind hill
authority like / hear all / as servant example) (or lord listen /,servant hear / listen authority like / as (or example) lord / all,servant hear / listen authority like / as (or example) lord / all
feather god love (truth/maat) heart maat,god love maat feather (truth/maat) heart,god love maat feather (truth/maat) heart
/ / heart city deity god satisfy people above peace gate give town to,god / deity to give peace / satisfy heart above people city town gate,god / deity to give peace / satisfy heart above people city town gate
skins handle with house basket sees woman fox three above,woman sees three fox skins above basket with handle house,woman sees three fox skins above basket with handle house
behind hill storm above / desert road fire back mountain,storm fire above mountain behind / back desert hill road,storm fire above mountain behind / back desert hill road
offering altar above make do milk jar / jar servant to,servant to do / make offering jar milk jar above altar,servant to do / make offering jar milk jar above altar
become house mother marrow / behind back youth / sees venerated,mother sees youth become venerated / marrow behind / back house,mother sees youth become venerated / marrow behind / back house
sees sickle man grain sweet field hoe above pellet /,man sees sickle hoe above sweet grain / pellet field,man sees sickle hoe above sweet grain / pellet field
servant (or man example) hear / authority / as listen like,servant hear / listen authority like / as (or example) man,servant hear / listen authority like / as (or example) man
strength great force power strong god /,god power strength / force strong great,god power strength / force strong great
house gate reed shelter begets above youth gives / mother birth,mother gives birth / begets youth above reed shelter house gate,mother gives birth / begets youth above reed shelter house gate
life give above (ankh) to king city town (no/not) negation,king negation (no/not) to give life (ankh) above city town,king negation (no/not) to give life (ankh) above city town
good youth birth mother begets shelter reed back gives / beautiful / behind /,mother gives birth / begets youth behind / back beautiful / good reed shelter,mother gives birth / begets youth behind / back beautiful / good reed shelter
example) venerated become (or god marrow / youth sees mother / as like,mother sees youth become venerated / marrow like / as (or example) god,mother sees youth become venerated / marrow like / as (or example) god
desert / behind hill back slope mountain fire storm above,storm fire above mountain behind / back desert hill slope,storm fire above mountain behind / back desert hill slope
skins sees house behind fox above back / scribe vessel three,scribe sees three fox skins above vessel behind / back house,scribe sees three fox skins above vessel behind / back house
do writing make / scribe beautiful riverbank scribe behind / back / to,scribe to do / make writing / scribe behind / back beautiful riverbank,scribe to do / make writing / scribe behind / back beautiful riverbank
above mighty people / emerge behind temple back great stone road /,people emerge above road behind / back great / mighty stone temple,people emerge above road behind / back great / mighty stone temple
above great / man sees heart behind back god city,god sees heart above man behind / back great city,god sees heart above man behind / back great city
sees star deity west above / horizon sky god,god / deity sees sky star above horizon west,god / deity sees sky star above horizon west
upon above scribe hear / listen / authority face king road temple,scribe hear / listen authority above face / upon king temple road,scribe hear / listen authority above face / upon king temple road
/ beautiful (satisfied) heart behind content back / father life / good sees peace,father sees heart peace / content (satisfied) behind / back beautiful / good life,father sees heart peace / content (satisfied) behind / back beautiful / good life
lotus behind good above / back river plant woman / plant lake beautiful sees,woman sees lotus plant above lake behind / back beautiful / good plant river,woman sees lotus plant above lake behind / back beautiful / good plant river
papyrus quail lake chick / sees scribe clump beautiful field good above emerge,scribe sees quail chick emerge above beautiful / good papyrus clump field lake,scribe sees quail chick emerge above beautiful / good papyrus clump field lake
/ great example) like / (or authority hear king listen as god,king hear / listen authority like / as (or example) great god,king hear / listen authority like / as (or example) great god
life return underground soul west after,soul return west underground after life,soul return west underground after life
scribe town behind above / / scribe make scroll back / papyrus writing to city do stone house /,scribe to do / make writing / scribe above papyrus scroll behind / back stone house city / town,scribe to do / make writing / scribe above papyrus scroll behind / back stone house city / town
gate city king mighty seated throne god back king / / great behind above /,king seated god / king above throne behind / back great / mighty gate city,king seated god / king above throne behind / back great / mighty gate city
behind road return king back / retreat west mountain to hill /,king to return / retreat west mountain road behind / back hill,king to return / retreat west mountain road behind / back hill
scribe back bolt behind house sees town door / stone,scribe sees door bolt behind / back stone house town,scribe sees door bolt behind / back stone house town
milk / bread drink eat jar / servant sweet loaf thing of speak,servant eat / drink / speak loaf of bread milk jar sweet thing,servant eat / drink / speak loaf of bread milk jar sweet thing
sees / as / beautiful good like example) star (or mother youth,mother sees youth like / as (or example) beautiful / good star,mother sees youth like / as (or example) beautiful / good star
be) hill (to back desert / desert hare mountain behind man slope sees,man sees desert hare (to be) behind / back desert hill slope mountain,man sees desert hare (to be) behind / back desert hill slope mountain
/ big house scribe / scribe great scroll stone above writing mat papyrus stool /,scribe writing / scribe papyrus scroll above stone stool / mat great / big house,scribe writing / scribe papyrus scroll above stone stool / mat great / big house
man behind god / city great above heart back sees,god sees heart above man behind / back great city,god sees heart above man behind / back great city
scribe / make / scribe back do behind to writing / riverbank,scribe to do / make writing / scribe behind / back riverbank,scribe to do / make writing / scribe behind / back riverbank
above listen negation scribe house (no/not) authority king hear /,scribe negation (no/not) hear / listen authority above king house,scribe negation (no/not) hear / listen authority above king house
house above three stone sees skins back / behind fox scribe vessel,scribe sees three fox skins above vessel behind / back stone house,scribe sees three fox skins above vessel behind / back stone house
reed birth begets town above shelter gives mother house youth /,mother gives birth / begets youth above reed shelter house town,mother gives birth / begets youth above reed shelter house town
behind house / shelter back woman mother bread sweet reed youth,woman mother youth behind / back reed shelter house sweet bread,woman mother youth behind / back reed shelter house sweet bread
god emerge sky soul (ba) / horizon sees great above deity,god / deity sees soul (ba) emerge above sky horizon great,god / deity sees soul (ba) emerge above sky horizon great
book scroll / above mat / scribe writing papyrus scribe stool,scribe writing / scribe papyrus scroll book above stool / mat,scribe writing / scribe papyrus scroll book above stool / mat
house behind chisel stone adze sees / scribe back brick town,scribe sees adze chisel behind / back brick stone house town,scribe sees adze chisel behind / back brick stone house town
temple carry servant offering jar,servant carry jar offering temple,servant carry jar offering temple
heart truth / / sees thing / behind life back deity beautiful good god,god / deity sees truth behind / back beautiful / good heart life thing,god / deity sees truth behind / back beautiful / good heart life thing
gate god opens he temple / king,he / king opens gate temple god,he / king opens gate temple god
/ / example) beautiful man like hear servant as (or / good authority listen,servant hear / listen authority like / as (or example) beautiful / good man,servant hear / listen authority like / as (or example) beautiful / good man
road retreat return town behind to / mountain man hill west desert / back,man to return / retreat west mountain road behind / back desert hill town,man to return / retreat west mountain road behind / back desert hill town
deity horizon soul / sees / great mighty sky (ba) emerge god above,god / deity sees soul (ba) emerge above sky great / mighty horizon,god / deity sees soul (ba) emerge above sky horizon star great / mighty
mountain hill behind above / people storm back fire sees,people sees storm fire above mountain behind / back hill,people sees storm fire above mountain behind / back hill
stone above temple basket scribe papyrus handle scroll sees with,scribe sees papyrus scroll above basket with handle stone temple,scribe sees papyrus scroll above basket with handle stone temple
woman wash ripple water vessel,woman wash vessel water ripple,woman wash vessel water ripple
protect fear snake mother child,mother protect child fear snake,mother protect child fear snake
king make to do peace heart / above people / satisfy,king to do / make peace / satisfy heart above people,king to do / make peace / satisfy heart above people
chick plant lake (great) quail sees back behind above lotus / swallow river youth,youth sees quail chick swallow (great) above lotus plant behind / back river lake,youth sees quail chick swallow (great) above lotus plant behind / back river lake
praise people offering god temple,people praise god temple offering,people praise god temple offering
wall shape stone build man chisel,man shape stone chisel build wall,man shape stone chisel build wall
quietly man sky old watch,old man watch sky quietly,old man watch sky quietly
milk / servant bread jar sweet drink loaf / eat speak,servant eat / drink / speak milk jar sweet loaf bread,servant eat / drink / speak milk jar sweet loaf bread
chick beautiful good river papyrus emerge above / lake clump quail field,quail chick emerge above beautiful / good papyrus clump field lake river,quail chick emerge above beautiful / good papyrus clump field lake river
riverbank life plows grain pellet field / (repeated),riverbank field plows (repeated) grain / pellet life,riverbank field plows (repeated) grain / pellet life
/ peace satisfy make above people do / king good beautiful / to heart,king to do / make peace / satisfy heart above beautiful / good people,king to do / make peace / satisfy heart above beautiful / good people
milk do / stone jar make jar altar above to servant offering,servant to do / make offering jar milk jar above stone altar,servant to do / make offering jar milk jar above stone altar
(tills) riverbank / / river field good beautiful plows behind man back,man plows (tills) field behind / back beautiful / good riverbank river,man plows (tills) field behind / back beautiful / good riverbank river
tool chisel carve wood man,man carve wood tool chisel,man carve wood tool chisel
sees face stool / mat fox upon scribe above skins / three,scribe sees three fox skins above face / upon stool / mat,scribe sees three fox skins above face / upon stool / mat
lake beautiful behind / plant above woman good / sees plant lotus back,woman sees lotus plant above lake behind / back beautiful / good plant,woman sees lotus plant above lake behind / back beautiful / good plant
river / / good sees star mountain god behind back beautiful,god sees beautiful / good star behind / back mountain river,god sees beautiful / good star behind / back mountain river
shelter / mother / youth back begets reed house birth behind gives,mother gives birth / begets youth behind / back reed shelter house,mother gives birth / begets youth behind / back reed shelter house
woman rack grain jars store,woman store grain jars rack,woman store grain jars rack
writing beautiful behind back / riverbank good make / scribe scribe do to road / /,scribe to do / make writing / scribe behind / back beautiful / good riverbank road,scribe to do / make writing / scribe behind / back beautiful / good riverbank road
swallow (ba) / above sky (or like soul big as emerge great / example),soul (ba) emerge above sky like / as (or example) great / big swallow,soul (ba) emerge above sky like / as (or example) great / big swallow
bread mother loaf prepare food,mother prepare food loaf bread,mother prepare food loaf bread
child heart mother sweet love life,mother love child heart sweet life,mother love child heart sweet life
great lord example) as / (or thing every mighty like authority / listen people hear / /,people hear / listen authority like / as (or example) great / mighty lord / every thing,people hear / listen authority like / as (or example) great / mighty lord / every thing
road scribe / riverbank do make good writing / scribe behind / / beautiful back to,scribe to do / make writing / scribe behind / back beautiful / good riverbank road,scribe to do / make writing / scribe behind / back beautiful / good riverbank road
god bring life from horizon emerge,god emerge from horizon bring life,god emerge from horizon bring life
snake horned be) desert (to road mountain hare viper above hill,desert hare (to be) horned viper snake above hill mountain road,desert hare (to be) horned viper snake above hill mountain road
road / senet house board scribe stool above mat sees town,scribe sees senet board above stool / mat house town road,scribe sees senet board above stool / mat house town road
god throne road gate above / back seated behind city town king / king,king seated god / king above throne behind / back gate city town road,king seated god / king above throne behind / back gate city town road
all city / hear / lord as authority example) / (or listen like scribe,scribe hear / listen authority like / as (or example) lord / all city,scribe hear / listen authority like / as (or example) lord / all city
desert horned above (to be) slope mountain viper hill hare snake,desert hare (to be) horned viper snake above hill slope mountain,desert hare (to be) horned viper snake above hill slope mountain
bread woman offering jar prepare,woman prepare offering bread jar,woman prepare offering bread jar
city heart above do good people make peace to / / beautiful / satisfy king,king to do / make peace / satisfy heart above beautiful / good people city,king to do / make peace / satisfy heart above beautiful / good people city
basket with above sees back handle / scribe papyrus stone temple behind scroll,scribe sees papyrus scroll above basket with handle behind / back stone temple,scribe sees papyrus scroll above basket with handle behind / back stone temple
youth / mother venerated become as / sees like example) god (or marrow,mother sees youth become venerated / marrow like / as (or example) god,mother sees youth become venerated / marrow like / as (or example) god
god birth example) (or begets as like / gives mother / youth,mother gives birth / begets youth like / as (or example) god,mother gives birth / begets youth like / as (or example) god
/ heart / temple behind back great hear / stone deity listen god mighty /,god / deity hear / listen heart behind / back great / mighty stone temple,god / deity hear / listen heart behind / back great / mighty stone temple
basket behind / sees scribe / all) town house above (lord back book city,scribe sees book above basket (lord / all) behind / back house city town,scribe sees book above basket (lord / all) behind / back house city town
book scribe man open read writing,man open book read writing scribe,man open book read writing scribe
basket / (lord make / above do all) servant stool to,servant to do / make basket (lord / all) above stool,servant to do / make basket (lord / all) above stool
youth woman child life sweet seated love,seated woman love child youth life sweet,seated woman love child youth life sweet
lotus woman plant plant sees above behind back / lake,woman sees lotus plant above lake behind / back plant,woman sees lotus plant above lake behind / back plant
foot house woman walk road,woman walk house foot road,woman walk house foot road
west star god / sees deity horizon above sky,god / deity sees sky star above horizon west,god / deity sees sky star above horizon west
brick sees man adze chisel house stone sickle hoe above,man sees sickle hoe adze chisel above brick stone house,man sees sickle hoe adze chisel above stone brick house
/ upon to life (ankh) give youth deity above / face god,god / deity to give life (ankh) above face / upon youth,god / deity to give life (ankh) above face / upon youth
life milk child carry woman jar,woman carry milk jar child life,woman carry milk jar child life
people gather joy temple festival,people gather festival temple joy,people gather festival temple joy
sees great man cobra with above basket great handle,man sees great cobra above great basket with handle,man sees great cobra above great basket with handle
swallow sees behind back clump papyrus river lake field above / owl scribe,scribe sees owl swallow above papyrus clump behind / back river lake field,scribe sees owl swallow above papyrus clump behind / back river lake field
bolt door man house close,man close door bolt house,man close door bolt house
loaf youth / woman mother bread sweet behind shelter house reed back,woman mother youth behind / back reed shelter house sweet loaf bread,woman mother youth behind / back reed shelter house sweet loaf bread
throne rule land king stand,king stand throne rule land,king stand throne rule land
sees / man / back backbone above belly / mountain rib side animal big great behind,man sees backbone side / rib above animal belly behind / back great / big mountain,man sees backbone side / rib above animal belly behind / back great / big mountain
/ house back behind scribe book sees stone negation (no/not),scribe negation (no/not) sees book behind / back stone house,scribe negation (no/not) sees book behind / back stone house
work people house after return,people return house after work,people return house after work
altar servant above / do / make temple offering to peace,servant to do / make offering above peace / altar temple,servant to do / make offering above peace / altar temple
(ankh) altar give behind king to life / beautiful back,king to give life (ankh) behind / back beautiful altar,king to give life (ankh) behind / back beautiful altar
lotus flower altar woman place,woman place flower lotus altar,woman place flower lotus altar
man god hear listen old power fear heart /,old man hear / listen heart fear god power,old man hear / listen heart fear god power
fox face mat stool sees upon three scribe / above / skins,scribe sees three fox skins above face / upon stool / mat,scribe sees three fox skins above face / upon stool / mat
seated life love sweet child woman youth,seated woman love child youth life sweet,seated woman love child youth life sweet
people journey follow road leader,people follow leader road journey,people follow leader road journey
plows king tills field inspect,king inspect field plows tills,king inspect field plows tills
man youth stone / old temple become behind great big back /,youth become old man behind / back great / big stone temple,youth become old man behind / back great / big stone temple
city venerated marrow / youth become / stone temple road back behind,youth become venerated / marrow behind / back stone temple city road,youth become venerated / marrow behind / back stone temple city road
example) emerge / soul (or (ba) sky star as like horizon above,soul (ba) emerge above horizon like / as (or example) star sky,soul (ba) emerge above horizon like / as (or example) star sky
book house (lord / basket back above scribe town behind sees all) / stone,scribe sees book above basket (lord / all) behind / back stone house town,scribe sees book above basket (lord / all) behind / back stone house town
/ / back stone behind speak / drink woman sweet pellet / grain eat,woman eat / drink / speak sweet grain / pellet behind / back stone,woman eat / drink / speak sweet grain / pellet behind / back stone
lotus woman behind sees plant back lake above beautiful / river,woman sees lotus plant above lake behind / back beautiful river,woman sees lotus plant above lake behind / back beautiful river
fear storm god send fire,god send storm fire fear,god send storm fire fear
/ city stone bolt above gate people town road door road,people gate door bolt city / town above stone road road,people gate door bolt city / town above stone road road
great above opens town west god river city gate,great god opens gate city town above river west,great god opens gate city town above river west
satisfy good beautiful / peace above city / do / people to make king heart,king to do / make peace / satisfy heart above beautiful / good people city,king to do / make peace / satisfy heart above beautiful / good people city
shelter birth mat above gives reed youth mother / / stool begets,mother gives birth / begets youth above stool / mat reed shelter,mother gives birth / begets youth above stool / mat reed shelter
offering king god give peace back / / to altar above behind,king to give offering above peace / altar behind / back god,king to give offering above peace / altar behind / back god
star (ba) sky soul fly night,soul (ba) fly sky star night,soul (ba) fly sky star night
sky / deity horizon star above sees soul (ba) god emerge,god / deity sees soul (ba) emerge above sky horizon star,god / deity sees soul (ba) emerge above sky horizon star
man mountain desert road hill walk,man walk road desert hill mountain,man walk road desert hill mountain
gate town authority beautiful behind every thing / / hear listen city back good / lord / people /,people hear / listen authority behind / back gate beautiful / good city / town lord / every thing,people hear / listen authority behind / back gate beautiful / good city / town lord / every thing
loaf / house / speak ka milk (spirit) eat bread of sweet drink,ka (spirit) eat / drink / speak loaf of bread milk sweet house,ka (spirit) eat / drink / speak loaf of bread milk sweet house
bolt town / house big behind gate city back great / people door /,people gate door bolt city / town behind / back great / big house,people gate door bolt city / town behind / back great / big house
behind road / retreat / great return mighty back to king above / mountain,king to return / retreat behind / back mountain above great / mighty road,king to return / retreat behind / back mountain above great / mighty road
board / coil house senet basket / of seat throne rope above all) (lord,senet board coil of rope basket (lord / all) above seat / throne house,senet board coil of rope basket (lord / all) above seat / throne house
to make jar do / / back offering jar behind servant milk,servant to do / make offering jar milk jar behind / back,servant to do / make offering jar milk jar behind / back
(ankh) scribe heart beautiful thing listen / life above good / hear,scribe hear / listen heart above beautiful / good life (ankh) thing,scribe hear / listen heart above beautiful / good life (ankh) thing
back reed behind shelter house / birth / youth begets gives mother,mother gives birth / begets youth behind / back reed shelter house,mother gives birth / begets youth behind / back reed shelter house
/ behind god back truth sees / deity face upon man /,god / deity sees truth behind / back face / upon man,god / deity sees truth behind / back face / upon man
book sees city great / house behind above scribe back,scribe sees book above house behind / back great city,scribe sees book above house behind / back great city
house behind handle above man back / cobra with basket stone sees,man sees cobra above basket with handle behind / back stone house,man sees cobra above basket with handle behind / back stone house
deity / peace heart satisfy god / above (ba) face soul thing life upon,heart peace / satisfy soul (ba) above face / upon god deity life thing,heart peace / satisfy soul (ba) above face / upon god deity life thing
star horizon / youth good / sees (or example) beautiful mother like as,mother sees youth like / as (or example) beautiful / good star horizon,mother sees youth like / as (or example) beautiful / good star horizon
city above behind great gate temple / / mighty / town emerge people back road,people emerge above road behind / back great / mighty gate city / town temple,people emerge above gate behind / back great / mighty city town temple road
/ / satisfy city people give to above deity god heart peace,god / deity to give peace / satisfy heart above people city,god / deity to give peace / satisfy heart above people city
lift joy child shoulder father,father lift child shoulder joy,father lift child shoulder joy
leave man desert toward town,man leave town toward desert,man leave town toward desert
above satisfy upon god face / / soul peace heart (ba),heart peace / satisfy soul (ba) above face / upon god,heart peace / satisfy soul (ba) above face / upon god
back hill man / return retreat / road behind to mountain west,man to return / retreat west mountain road behind / back hill,man to return / retreat west mountain road behind / back hill
desert be) road hare (to snake horned desert hill viper mountain above,desert hare (to be) horned viper snake above desert hill mountain road,desert hare (to be) horned viper snake above desert hill mountain road
/ writing / example) like scribe (or as stool scroll scribe papyrus thing,scribe writing / scribe papyrus scroll like / as (or example) thing stool,scribe writing / scribe papyrus scroll like / as (or example) thing stool
riverbank woman sit lotus plant,woman sit lotus plant riverbank,woman sit lotus plant riverbank
god create maat order truth,god create order maat truth,god create order maat truth
move basket town goods people,people move goods basket town,people move goods basket town
great gate big town stone bolt door house road / road people,people gate door bolt house town road great / big stone road,people gate door bolt house town road great / big stone road
woman god place offering temple altar,woman place offering altar temple god,woman place offering altar temple god
beautiful hear / behind / thing listen life / / god deity good back heart,god / deity hear / listen heart behind / back beautiful / good life thing,god / deity hear / listen heart behind / back beautiful / good life thing
king to city / / / peace good make people do satisfy above beautiful heart,king to do / make peace / satisfy heart above beautiful / good people city,king to do / make peace / satisfy heart above beautiful / good people city
field plant man life seed,man plant seed field life,man plant seed field life
behind (to emerge sees back / slope desert man hill be) hare,man sees desert hare (to be) emerge behind / back hill slope,man sees desert hare (to be) emerge behind / back hill slope
house fox basket handle above with scribe sees skins three,scribe sees three fox skins above basket with handle house,scribe sees three fox skins above basket with handle house
peace heart do / to / make above town satisfy people city king,king to do / make peace / satisfy heart above people city town,king to do / make peace / satisfy heart above people city town
servant mat sees three above / house fox skins stool,servant sees three fox skins above stool / mat house,servant sees three fox skins above stool / mat house
sweet above sickle sees / hoe grain field pellet man,man sees sickle hoe above sweet grain / pellet field,man sees sickle hoe above sweet grain / pellet field
servant king grant offering reward,king grant servant reward offering,king grant servant reward offering
scarab sees / god above deity star face / horizon become upon /,god / deity sees scarab / become above face / upon horizon star,god / deity sees scarab / become above face / upon horizon star
hear owl listen / man night fear,man hear / listen owl night fear,man hear / listen owl night fear
gather house peace offering people altar /,people gather house peace / altar offering,people gather house peace / altar offering
good shelter gives above house birth / beautiful mother youth / begets reed stone,mother gives birth / begets youth above beautiful / good reed shelter house stone,mother gives birth / begets youth above beautiful / good reed shelter house stone
speak pellet woman / / drink grain back house behind / sweet eat /,woman eat / drink / speak sweet grain / pellet behind / back house,woman eat / drink / speak sweet grain / pellet behind / back house
scribe chisel road adze above house brick town stone sees / city town,scribe sees adze chisel above brick stone house town city / town road,scribe sees adze chisel above brick stone house town city / town road
sky plant lotus sweet father life star love mother,father mother love life lotus plant sweet sky star,father mother love life lotus plant sweet sky star
above give / peace to / offering great altar god king behind / big back,king to give offering above peace / altar behind / back great / big god,king to give offering above peace / altar behind / back great / big god
(ba) soul / deity sees horizon star above great sky emerge god mighty,god / deity sees soul (ba) emerge above sky horizon star great mighty,god / deity sees soul (ba) emerge above sky horizon star great / mighty
youth / (or become venerated father marrow as great / example) like,youth become venerated / marrow like / as (or example) great father,youth become venerated / marrow like / as (or example) great father
great king beautiful above / good stone cobra sees house,king sees great cobra above beautiful / good stone house,king sees great cobra above beautiful / good stone house
every man basket offering lift lord,man lift basket lord every offering,man lift basket lord every offering
/ vessel to jar god deity heart / give altar peace offering,god / deity to give peace / altar offering jar vessel heart,god / deity to give peace / altar offering jar vessel heart
stone king above sees adze temple back chisel behind / mighty,king sees adze chisel above stone behind / back mighty temple,king sees adze chisel above stone behind / back mighty temple
above mat road / / west mother gives begets house birth stool town youth,mother gives birth / begets youth above stool / mat house town road west,mother gives birth / begets youth above stool / mat house town road west
as example) / / stool book writing scribe scroll papyrus thing like (or mat / scribe,scribe writing / scribe papyrus scroll book like / as (or example) thing stool / mat,scribe writing / scribe papyrus scroll book like / as (or example) thing stool / mat
king deliver servant message send,king send servant deliver message,king send servant deliver message
/ retreat behind town mountain road / return back west man hill desert to,man to return / retreat west mountain road behind / back desert hill town,man to return / retreat west mountain road behind / back desert hill town
big behind temple old stone man great / youth / back become,youth become old man behind / back great / big stone temple,youth become old man behind / back great / big stone temple
plows work pellet grain man field / (tills) do,man do work field plows (tills) grain / pellet,man do work field plows (tills) grain / pellet
servant all) / make to stool basket / mat (lord / do above,servant to do / make basket (lord / all) above stool / mat,servant to do / make basket (lord / all) above stool / mat
good house mat youth / birth / above mother stone gives west begets stool / beautiful,mother gives birth / begets youth above beautiful / good stool / mat stone house west,mother gives birth / begets youth above beautiful / good stool / mat stone house west
like field / / man plows house (tills) stone (or back father example) behind as,man plows (tills) field like / as (or example) father behind / back stone house,man plows (tills) field like / as (or example) father behind / back stone house
wisdom old man speak heart,old man speak wisdom heart,old man speak wisdom heart
hear people voice heart god,god hear heart voice people,god hear heart voice people
mat birth above gives stool house mother begets / / youth,mother gives birth / begets youth above stool / mat house,mother gives birth / begets youth above stool / mat house
bolt door house scribe above sees stone (no/not) negation,scribe negation (no/not) sees door bolt above stone house,scribe negation (no/not) sees door bolt above stone house
seated above king / gate / throne god behind back king,king seated god / king above throne behind / back gate,king seated god / king above throne behind / back gate
fire woman house warmth tend,woman tend fire warmth house,woman tend fire warmth house
child hand hold father love,father hold child hand love,father hold child hand love
life above heart / scribe listen / hear beautiful (ankh) good,scribe hear / listen heart above beautiful / good life (ankh),scribe hear / listen heart above beautiful / good life (ankh)
back / horned viper behind man sees mountain hill emerge slope road desert hill,man sees horned viper emerge behind / back desert hill mountain hill slope road,man sees horned viper emerge behind / back desert hill mountain hill slope road
king authority / scribe upon face road / hear temple above listen,scribe hear / listen authority above face / upon king temple road,scribe hear / listen authority above face / upon king temple road
big as youth / great old become man life like father heart / example) (or,youth become old man like / as (or example) great / big father heart life,youth become old man like / as (or example) great / big father heart life
(djed) god face stability to above / power king deity give,god / deity to give stability (djed) power above face king,god / deity to give stability (djed) power above king face
king / stone adze back behind temple chisel sees mighty above,king sees adze chisel above stone behind / back mighty temple,king sees adze chisel above stone behind / back mighty temple
milk speak eat servant thing / drink sweet of / loaf bread jar,servant eat / drink / speak loaf of bread milk jar sweet thing,servant eat / drink / speak loaf of bread milk jar sweet thing
gather jars rack grain people,people gather grain jars rack,people gather grain jars rack
stone / all) behind book sees house back / scribe basket above (lord,scribe sees book above basket (lord / all) behind / back stone house,scribe sees book above basket (lord / all) behind / back stone house
/ altar back king to (ankh) mighty / great give life behind,king to give life (ankh) behind / back great / mighty altar,king to give life (ankh) behind / back great / mighty altar
great altar father / offering to / above peace do god make / mighty,father to do / make offering above peace / altar great / mighty god,father to do / make offering above peace / altar great / mighty god
man pellet sweet / sickle grain field hoe above sees,man sees sickle hoe above sweet grain / pellet field,man sees sickle hoe above sweet grain / pellet field
king throne / throne seat power (djed) stability,king throne seat / throne stability (djed) power,king throne seat / throne stability (djed) power
scribe house / sees city all) back (lord basket above book town behind /,scribe sees book above basket (lord / all) behind / back house city town,scribe sees book above basket (lord / all) behind / back house city town
love / man house woman content peace life (satisfied),man love woman life house peace / content (satisfied),man love woman life house peace / content (satisfied)
king / above god throne king seated / gate behind back temple,king seated god / king above throne behind / back temple gate,king seated god / king above throne behind / back temple gate
great temple seated to / / upon (ankh) deity god life / man face above good beautiful give,god / deity to give life (ankh) above face / upon beautiful / good seated man great temple,god / deity to give life (ankh) above face / upon beautiful / good seated man great temple
begets star / / mother birth youth example) gives as (or like,mother gives birth / begets youth like / as (or example) star,mother gives birth / begets youth like / as (or example) star
/ papyrus scribe / stool book city mat scribe writing above scroll,scribe writing / scribe papyrus scroll book above stool / mat city,scribe writing / scribe papyrus scroll book above stool / mat city
father listen son hear teach,father teach son hear listen,father teach son hear listen
temple / king he opens gate god,he / king opens gate temple god,he / king opens gate temple god
great / / become youth mother deity sky god sees horizon big west,mother sees youth become great / big god / deity sky horizon west,mother sees youth become great / big god / deity sky horizon west
offering give temple great peace king mighty to / above / altar,king to give offering above peace / altar great / mighty temple,king to give offering above peace / altar great / mighty temple
marrow old become man youth venerated / as (or / example) like,youth become venerated / marrow like / as (or example) old man,youth become venerated / marrow like / as (or example) old man
/ life soul god thing satisfy heart peace deity / (ba) upon above face,heart peace / satisfy soul (ba) above face / upon god deity life thing,heart peace / satisfy soul (ba) above face / upon god deity life thing
prepare mat seat stool woman,woman prepare seat stool mat,woman prepare seat stool mat
watch god truth heart maat,god watch heart truth maat,god watch heart truth maat
behind lotus beautiful woman river lake back / / good sees above plant,woman sees lotus plant above lake behind / back beautiful / good river,woman sees lotus plant above lake behind / back beautiful / good river
house town sees / adze chisel brick back above stone scribe behind,scribe sees adze chisel above brick stone behind / back house town,scribe sees adze chisel above brick stone behind / back house town
scribe fox vessel stone skins / town sees back house three above behind,scribe sees three fox skins above vessel behind / back stone house town,scribe sees three fox skins above vessel behind / back stone house town
king power raise force strength,king raise power strength force,king raise power strength force
stone wall build man shape chisel,man shape stone chisel build wall,man shape stone chisel build wall
mighty above great back road / people temple gate behind city / emerge,people emerge above gate behind / back great / mighty city road temple,people emerge above gate behind / back great / mighty city road temple
star example) gives (or youth like / birth / mother as begets,mother gives birth / begets youth like / as (or example) star,mother gives birth / begets youth like / as (or example) star
/ hill emerge back hare behind mountain be) desert (to man desert sees,man sees desert hare (to be) emerge behind / back desert hill mountain,man sees desert hare (to be) emerge behind / back desert hill mountain
people to give above / / city deity satisfy god peace heart,god / deity to give peace / satisfy heart above people city,god / deity to give peace / satisfy heart above people city
animal backbone mountain back sees man behind belly side / rib /,man sees animal belly backbone side / rib behind / back mountain,man sees animal belly backbone side / rib behind / back mountain
stone king offering give / great mighty / above altar peace temple to,king to give offering above peace / altar great / mighty stone temple,king to give offering above peace / altar great / mighty stone temple
scroll / town make stone scribe papyrus / to scribe above road house do writing,scribe to do / make writing / scribe above papyrus scroll stone house town road,scribe to do / make writing / scribe above papyrus scroll stone house town road
(spirit) stone eat house sweet pellet / ka / drink speak grain /,ka (spirit) eat / drink / speak sweet grain / pellet stone house,ka (spirit) eat / drink / speak sweet grain / pellet stone house
/ / back / do above god horizon great behind / big peace satisfy sky to heart make,god to do / make peace / satisfy heart above sky behind / back great / big horizon,god to do / make peace / satisfy heart above sky behind / back great / big horizon
heart scribe (ankh) life good hear / listen / beautiful above,scribe hear / listen heart above beautiful / good life (ankh),scribe hear / listen heart above beautiful / good life (ankh)
god behind / / truth life sees deity heart good / back beautiful thing,god / deity sees truth behind / back beautiful / good heart life thing,god / deity sees truth behind / back beautiful / good heart life thing
/ king / give altar good life peace behind to beautiful / (ankh) back,king to give life (ankh) behind / back beautiful / good peace / altar,king to give life (ankh) behind / back beautiful / good peace / altar
reach man end horizon road,man reach horizon end road,man reach horizon end road
above reed mother / birth youth town house gives shelter begets road,mother gives birth / begets youth above reed shelter house town road,mother gives birth / begets youth above reed shelter house town road
woman shelter mother sweet youth bread reed back loaf / behind,woman mother youth behind / back reed shelter sweet loaf bread,woman mother youth behind / back reed shelter sweet loaf bread
youth deity mother god sky great horizon sees become big / /,mother sees youth become great / big god / deity sky horizon,mother sees youth become great / big god / deity sky horizon
to above make do house mat servant / stool town / offering,servant to do / make offering above stool / mat house town,servant to do / make offering above stool / mat house town
servant / / above all) / (lord make road mat town to stool basket house do,servant to do / make basket (lord / all) above stool / mat house town road,servant to do / make basket (lord / all) above stool / mat house town road
club road sickle brick above hoe town house chisel adze stone,adze chisel sickle hoe club above stone brick house town road,adze chisel sickle hoe club above stone brick house town road
/ mighty city above gate road back great behind people emerge /,people emerge above road behind / back great / mighty gate city,people emerge above gate behind / back great / mighty city road
storm fire desert mountain hill / behind road above back,storm fire above mountain behind / back desert hill road,storm fire above mountain behind / back desert hill road
prayer people peace hear god temple,god hear prayer people temple peace,god hear prayer people temple peace
youth / (or venerated man like old father as become example),youth become old man like / as (or example) venerated father,youth become old man like / as (or example) venerated father
soul after body leave death,soul leave body after death,soul leave body after death
like example) / hear (or gate servant / man authority / listen good beautiful as,servant hear / listen authority like / as (or example) beautiful / good man gate,servant hear / listen authority like / as (or example) beautiful / good man gate
/ / king offering to altar above great mighty give peace temple,king to give offering above peace / altar great / mighty temple,king to give offering above peace / altar great / mighty temple
people hear / listen / (or thing great like / authority lord / example) mighty as every,people hear / listen authority like / as (or example) great / mighty lord / every thing,people hear / listen authority like / as (or example) great / mighty lord / every thing
begets behind shelter gives / birth reed mother / youth town back,mother gives birth / begets youth behind / back reed shelter town,mother gives birth / begets youth behind / back reed shelter town
horizon soul like (ba) star as sky above emerge example) / (or,soul (ba) emerge above sky like / as (or example) star horizon,soul (ba) emerge above horizon like / as (or example) star sky
stool scribe back stone skins sees fox / behind three,scribe sees three fox skins behind / back stone stool,scribe sees three fox skins behind / back stone stool
beautiful (or / sky example) gives begets mother youth as good like star / / birth,mother gives birth / begets youth like / as (or example) beautiful / good star sky,mother gives birth / begets youth like / as (or example) beautiful / good star sky
back desert emerge / hill desert hare (to sees behind man be),man sees desert hare (to be) emerge behind / back desert hill,man sees desert hare (to be) emerge behind / back desert hill
sit mat old stool house / man,old man sit stool / mat house,old man sit stool / mat house
heart / / god back deity listen stone / hear great mighty / behind,god / deity hear / listen heart behind / back great / mighty stone,god / deity hear / listen heart behind / back great / mighty stone
(spirit) heart ka to above life life man thing (ankh) give,ka (spirit) to give life (ankh) above heart man life thing,ka (spirit) to give life (ankh) above heart man life thing
/ grain pellet / eat / house above drink speak basket woman sweet,woman eat / drink / speak sweet grain / pellet above basket house,woman eat / drink / speak sweet grain / pellet above basket house
(or / youth as like venerated / marrow father heart become example),youth become venerated / marrow like / as (or example) father heart,youth become venerated / marrow like / as (or example) father heart
/ road house town / scribe make papyrus do scribe writing stone to above scroll,scribe to do / make writing / scribe above papyrus scroll stone house town road,scribe to do / make writing / scribe above papyrus scroll stone house town road
above / scribe scroll make to do papyrus house scribe writing stone /,scribe to do / make writing / scribe above papyrus scroll stone house,scribe to do / make writing / scribe above papyrus scroll stone house
horned viper (to slope hill hill be) desert above mountain desert snake hare,desert hare (to be) horned viper snake above desert hill hill slope mountain,desert hare (to be) horned viper snake above desert hill hill slope mountain
stone make / altar peace / offering do / great to servant mighty temple above,servant to do / make offering above peace / altar great / mighty temple stone,servant to do / make offering above peace / altar great / mighty temple stone
sees behind lake back soul lotus above (ba) plant river /,soul (ba) sees lotus plant above lake behind / back river,soul (ba) sees lotus plant above lake behind / back river
good lake / beautiful behind plant river back woman lotus / riverbank sees above,woman sees lotus plant above lake behind / back beautiful / good riverbank river,woman sees lotus plant above lake behind / back beautiful / good riverbank river
sees good house heart woman man / seated beautiful,seated man sees beautiful / good woman house heart,seated man sees beautiful / good woman house heart
back god gate / king throne seated above behind city king /,king seated god / king above throne behind / back gate city,king seated god / king above throne behind / back gate city
peace sit god temple throne,god sit throne temple peace,god sit throne temple peace
heart / back / hear beautiful life good deity / listen god behind thing /,god / deity hear / listen heart behind / back beautiful / good life thing,god / deity hear / listen heart behind / back beautiful / good life thing
/ above man backbone / / behind belly big rib animal sees back great mountain side,man sees backbone side / rib above animal belly behind / back great / big mountain,man sees backbone side / rib above animal belly behind / back great / big mountain
mighty / city back / hear great / road gate people authority behind listen,people hear / listen authority behind / back gate great / mighty city road,people hear / listen authority behind / back gate great / mighty city road
stool / all) basket back (lord / above servant behind to mat gate make town / do / house,servant to do / make basket (lord / all) above stool / mat behind / back gate house town,servant to do / make basket (lord / all) above stool / mat behind / back gate house town
god sees above soul horizon / deity sky emerge mighty / star (ba) great,god / deity sees soul (ba) emerge above sky horizon star great / mighty,god / deity sees soul (ba) emerge above sky horizon star great / mighty
great sees / above mountain mighty strength king club / desert hill force,king sees strength / force above great / mighty club mountain desert hill,king sees strength / force above great / mighty club mountain desert hill
leave soul death after body,soul leave body after death,soul leave body after death
king tills inspect field plows,king inspect field plows tills,king inspect field plows tills
life birth gives deity ka (spirit) god begets / /,god / deity gives birth / begets life ka (spirit),god / deity gives birth / begets life ka (spirit)
behind road desert hill mountain to / / west retreat back king return,king to return / retreat west mountain road behind / back desert hill,king to return / retreat west mountain road behind / back desert hill
sees feather truth heart god (truth/maat),god sees truth feather (truth/maat) heart,god sees truth feather (truth/maat) heart
soul back mountain (ba) / horizon star behind hill desert west emerge above,soul (ba) emerge above desert hill behind / back mountain west horizon star,soul (ba) emerge above desert hill behind / back mountain west horizon star
scribe back vessel three above / behind skins great sees fox house stone / big,scribe sees three fox skins above vessel behind / back great / big stone house,scribe sees three fox skins above vessel behind / back great / big stone house
/ deity sees great mighty emerge horizon sky soul (ba) / god above,god / deity sees soul (ba) emerge above sky great / mighty horizon,god / deity sees soul (ba) emerge above sky great / mighty horizon
stone / / town city good sees above man house beautiful,man sees stone house above beautiful / good city / town,man sees stone house above beautiful / good city / town
/ example) servant like listen authority man / hear good / beautiful as (or,servant hear / listen authority like / as (or example) beautiful / good man,servant hear / listen authority like / as (or example) beautiful / good man
life carry child milk jar woman,woman carry milk jar child life,woman carry milk jar child life
skins scribe vessel behind fox above / three sees back house,scribe sees three fox skins above vessel behind / back house,scribe sees three fox skins above vessel behind / back house
scribe scroll mat stone / stool scribe writing city / above papyrus,scribe writing / scribe papyrus scroll above stone stool / mat city,scribe writing / scribe papyrus scroll above stone stool / mat city
(or as emerge (ba) example) above like / swallow soul sky great,soul (ba) emerge above sky like / as (or example) great swallow,soul (ba) emerge above sky like / as (or example) great swallow
soul emerge mountain behind hill desert slope above hill mighty (ba) / / great back,soul (ba) emerge above mountain behind / back great / mighty desert hill hill slope,soul (ba) emerge above mountain behind / back great / mighty desert hill hill slope
sees stool mat fox / above skins three house servant,servant sees three fox skins above stool / mat house,servant sees three fox skins above stool / mat house
/ / deity heart / behind hear back beautiful / listen good god,god / deity hear / listen heart behind / back beautiful / good,god / deity hear / listen heart behind / back beautiful / good
above power sees face stability (djed) upon stone king / house,king sees stability (djed) power above face / upon stone house,king sees stability (djed) power above face / upon stone house
as people authority lord hear every thing / / listen mighty like (or / example) / great,people hear / listen authority like / as (or example) great / mighty lord / every thing,people hear / listen authority like / as (or example) great / mighty lord / every thing
mother father sky lotus star love plant life sweet,father mother love life lotus plant sweet sky star,father mother love life lotus plant sweet sky star
/ people above gate city mighty great back / road behind emerge,people emerge above road behind / back great / mighty gate city,people emerge above gate behind / back great / mighty city road
scribe field river papyrus lake above swallow sees clump owl,scribe sees owl swallow above papyrus clump field lake river,scribe sees owl swallow above papyrus clump field lake river
emerge back behind great gate / / mighty temple people above city road town,people emerge above gate behind / back great / mighty city town temple road,people emerge above gate behind / back great / mighty city town temple road
hear authority listen example) servant man as / like / (or,servant hear / listen authority like / as (or example) man,servant hear / listen authority like / as (or example) man
back city king / west return retreat road mountain / road to town behind,king to return / retreat behind / back mountain road city town road west,king to return / retreat behind / back mountain road city town road west
vessel wash ripple woman water,woman wash vessel water ripple,woman wash vessel water ripple
mighty / sees behind feather stone god deity temple / (truth/maat) great back /,god / deity sees feather (truth/maat) behind / back great / mighty stone temple,god / deity sees feather (truth/maat) behind / back great / mighty stone temple
/ beautiful above / god scarab good upon horizon face / star become sees / deity,god / deity sees scarab / become above face / upon beautiful / good horizon star,god / deity sees scarab / become above face / upon beautiful / good horizon star
road above mighty people emerge great gate behind / town temple city / back,people emerge above gate behind / back great / mighty city town temple road,people emerge above gate behind / back great / mighty city town temple road
stone book town (lord basket sees behind scribe / back house above all) /,scribe sees book above basket (lord / all) behind / back stone house town,scribe sees book above basket (lord / all) behind / back stone house town
/ life great heart youth back sees mighty father behind / beautiful good /,father sees beautiful / good heart behind / back great / mighty youth life,father sees beautiful / good heart behind / back great / mighty youth life
road / listen great mighty servant / house back hear / gate authority town behind,servant hear / listen authority behind / back great / mighty gate house town road,servant hear / listen authority behind / back great / mighty gate house town road
seat woman mat stool prepare,woman prepare seat stool mat,woman prepare seat stool mat
give jar above stone to altar milk offering king jar,king to give offering jar milk jar above stone altar,king to give offering jar milk jar above stone altar
scribe adze above sees road house chisel stone brick town,scribe sees adze chisel above brick stone house town road,scribe sees adze chisel above brick stone house town road
gives birth begets / son life father,father gives birth / begets son life,father gives birth / begets son life
writing mountain / to do scribe scribe desert / make / behind back,scribe to do / make writing / scribe behind / back mountain desert,scribe to do / make writing / scribe behind / back mountain desert
jar water pour mother ripple,mother pour water ripple jar,mother pour water ripple jar
beautiful like father good / (or example) field plows man (tills) servant / as,man plows (tills) field like / as (or example) beautiful / good servant father,man plows (tills) field like / as (or example) beautiful / good servant father
sees / force / great / club strength mighty mountain king above back behind,king sees strength / force above great / mighty club behind / back mountain,king sees strength / force above great / mighty club behind / back mountain
marrow / / example) become (or like great / as youth big venerated father,youth become venerated / marrow like / as (or example) great / big father,youth become venerated / marrow like / as (or example) great / big father
tills inspect king field plows,king inspect field plows tills,king inspect field plows tills
peace sit heart house father,father sit house heart peace,father sit house heart peace
mountain field man road (tills) as servant like / (or example) plows,man plows (tills) field like / as (or example) servant mountain road,man plows (tills) field like / as (or example) servant mountain road
ka life god spirit protect,god protect life ka spirit,god protect life ka spirit
(lord make all) servant do above stool basket to / /,servant to do / make basket (lord / all) above stool,servant to do / make basket (lord / all) above stool
behind / good beautiful mother begets youth birth / reed / back shelter gives,mother gives birth / begets youth behind / back beautiful / good reed shelter,mother gives birth / begets youth behind / back beautiful / good reed shelter
youth shelter mother reed / begets back birth / gives behind,mother gives birth / begets youth behind / back reed shelter,mother gives birth / begets youth behind / back reed shelter
basket lift man lord offering every,man lift basket lord every offering,man lift basket lord every offering
back great / road behind emerge / city mighty above temple gate people,people emerge above gate behind / back great / mighty city road temple,people emerge above gate behind / back great / mighty city road temple
above sees like (ba) / / god as star deity sky soul,god / deity sees soul (ba) above sky like / as star,god / deity sees soul (ba) above sky like / as star
upon face sees king stability (djed) power / stone house above,king sees stability (djed) power above face / upon stone house,king sees stability (djed) power above face / upon stone house
deity altar heart / to jar / god vessel peace offering give,god / deity to give peace / altar offering jar vessel heart,god / deity to give peace / altar offering jar vessel heart
above sees (truth/maat) king great / god / / deity upon face mighty feather,god / deity sees feather (truth/maat) above face / upon great / mighty king,god / deity sees feather (truth/maat) above face / upon great / mighty king
/ like as horizon above emerge great soul (ba) (or sky star example),soul (ba) emerge above sky like / as (or example) star great horizon,soul (ba) emerge above sky like / as (or example) star great horizon
above fox scribe vessel town behind three sees stone house skins back /,scribe sees three fox skins above vessel behind / back stone house town,scribe sees three fox skins above vessel behind / back stone house town
house above chisel adze brick stone sees sickle hoe man,man sees sickle hoe adze chisel above brick stone house,man sees sickle hoe adze chisel above stone brick house
sweet pellet sees hoe man above field / grain sickle,man sees sickle hoe above sweet grain / pellet field,man sees sickle hoe above sweet grain / pellet field
above / great peace altar / temple offering to mighty stone servant make / do,servant to do / make offering above peace / altar great / mighty stone temple,servant to do / make offering above peace / altar great / mighty stone temple
reward servant offering king grant,king grant servant reward offering,king grant servant reward offering
god deity altar jar offering to peace / vessel give /,god / deity to give peace / altar offering jar vessel,god / deity to give peace / altar offering jar vessel
/ sees behind man rib backbone side back mountain belly animal /,man sees animal belly backbone side / rib behind / back mountain,man sees animal belly backbone side / rib behind / back mountain
hill slope viper snake (to mountain hare be) above desert horned,desert hare (to be) horned viper snake above hill slope mountain,desert hare (to be) horned viper snake above hill slope mountain
emerge desert slope sees above man be) hill (to hare,man sees desert hare (to be) emerge above hill slope,man sees desert hare (to be) emerge above hill slope
/ / as mother / like gives sky youth example) begets birth (or good beautiful star,mother gives birth / begets youth like / as (or example) beautiful / good star sky,mother gives birth / begets youth like / as (or example) beautiful / good star sky
west back hill behind / retreat slope man return to / road mountain road,man to return / retreat west mountain road behind / back hill slope road,man to return / retreat west mountain road behind / back hill slope road
seat temple king enter throne,king enter temple seat throne,king enter temple seat throne
youth birth begets good reed beautiful mother / gives above / shelter,mother gives birth / begets youth above beautiful / good reed shelter,mother gives birth / begets youth above beautiful / good reed shelter
house dawn before leave man,man leave house before dawn,man leave house before dawn
as example) big like / (or / youth marrow father great / become venerated,youth become venerated / marrow like / as (or example) great / big father,youth become venerated / marrow like / as (or example) great / big father
heart sees house god stone bird of great above,great god sees heart of bird above stone house,great god sees heart of bird above stone house
city protect / town god gate,god protect city / town gate,god protect city / town gate
temple gather joy festival people,people gather festival temple joy,people gather festival temple joy
beautiful / gives youth begets good above birth shelter reed mother /,mother gives birth / begets youth above beautiful / good reed shelter,mother gives birth / begets youth above beautiful / good reed shelter
/ basket town back sees behind / stone scribe all) book above (lord house,scribe sees book above basket (lord / all) behind / back stone house town,scribe sees book above basket (lord / all) behind / back stone house town
deity / sees sky above emerge (ba) horizon great soul god,god / deity sees soul (ba) emerge above sky horizon great,god / deity sees soul (ba) emerge above sky horizon great
stone heart sees great god of bird house above,great god sees heart of bird above stone house,great god sees heart of bird above stone house
do mat stool offering make above town / house to / servant,servant to do / make offering above stool / mat house town,servant to do / make offering above stool / mat house town
brick door road stone sees scribe above bolt town house,scribe sees door bolt above brick stone house town road,scribe sees door bolt above brick stone house town road
do / offering make jar jar servant milk vessel to,servant to do / make offering jar milk jar vessel,servant to do / make offering jar milk jar vessel
scribe fox above vessel skins behind three / back sees,scribe sees three fox skins above vessel behind / back,scribe sees three fox skins above vessel behind / back
life plows grain field / pellet riverbank (repeated),riverbank field plows (repeated) grain / pellet life,riverbank field plows (repeated) grain / pellet life
above / good / town beautiful sees power great king city,king sees great power above beautiful / good city / town,king sees great power above beautiful / good city / town
servant send deliver king message,king send servant deliver message,king send servant deliver message
like as father / field (tills) (or man example) plows,man plows (tills) field like / as (or example) father,man plows (tills) field like / as (or example) father
god heart (truth/maat) love feather maat,god love maat feather (truth/maat) heart,god love maat feather (truth/maat) heart
basket above handle scroll give scribe town with papyrus house stone to,scribe to give papyrus scroll above basket with handle town stone house,scribe to give papyrus scroll above basket with handle town stone house
youth like birth mother begets / good / as star gives (or / beautiful example),mother gives birth / begets youth like / as (or example) beautiful / good star,mother gives birth / begets youth like / as (or example) beautiful / good star
big town stone great road people gate bolt house road / door,people gate door bolt house town road great / big stone road,people gate door bolt house town road great / big stone road
town city people gather gate,people gather gate city town,people gather gate city town
mat sit man house stool old /,old man sit stool / mat house,old man sit stool / mat house
beside lake rest man old,old man rest beside lake,old man rest beside lake
adze club house sickle brick above chisel hoe stone,adze chisel sickle hoe club above stone brick house,adze chisel sickle hoe club above stone brick house
god deity life to / face / (ankh) upon give above king,god / deity to give life (ankh) above face / upon king,god / deity to give life (ankh) above face / upon king
above life face people give (ankh) / upon king to,king to give life (ankh) above face / upon people,king to give life (ankh) above face / upon people
city enter / opens people town gate,city / town gate opens people enter,city / town gate opens people enter
behind god sees mountain king back / star above great,king sees great star above mountain behind / back god,king sees great star above mountain behind / back god
backbone man sees mountain back animal great / desert behind big / belly,man sees animal belly backbone behind / back great / big mountain desert,man sees animal belly backbone behind / back great / big mountain desert
sickle hold plant field cut man,man hold sickle cut plant field,man hold sickle cut plant field
owl papyrus clump scribe road emerge sees above swallow,scribe sees owl swallow emerge above papyrus clump road,scribe sees owl swallow emerge above papyrus clump road
sit king throne judge people,king sit throne judge people,king sit throne judge people
animal tethering hold rope man rope,man hold rope tethering rope animal,man hold rope tethering rope animal
/ reed gives mother youth behind begets town back birth shelter /,mother gives birth / begets youth behind / back reed shelter town,mother gives birth / begets youth behind / back reed shelter town
river sees behind back coil of riverbank man / rope road lake above,man sees coil of rope above road behind / back riverbank river lake,man sees coil of rope above road behind / back riverbank river lake
/ plant behind above lotus lake woman sees back plant,woman sees lotus plant above lake behind / back plant,woman sees lotus plant above lake behind / back plant
eat / drink bread (spirit) loaf / speak ka of milk,ka (spirit) eat / drink / speak loaf of bread milk,ka (spirit) eat / drink / speak loaf of bread milk
/ (or scroll book thing scribe like as papyrus scribe writing / example),scribe writing / scribe papyrus scroll book like / as (or example) thing,scribe writing / scribe papyrus scroll book like / as (or example) thing
desert horned viper snake be) mountain hare hill desert (to above,desert hare (to be) horned viper snake above desert hill mountain,desert hare (to be) horned viper snake above desert hill mountain
above behind scroll city sees papyrus / scribe back stone,scribe sees papyrus scroll above stone behind / back city,scribe sees papyrus scroll above stone behind / back city
be) behind sees desert riverbank hare man back emerge / (to,man sees desert hare (to be) emerge behind / back riverbank,man sees desert hare (to be) emerge behind / back riverbank
sickle road house chisel brick adze stone above club hoe town,adze chisel sickle hoe club above stone brick house town road,adze chisel sickle hoe club above stone brick house town road
stand gate waiting entry people,people stand gate waiting entry,people stand gate waiting entry
hare desert be) viper mountain snake (to hill desert horned above,desert hare (to be) horned viper snake above desert hill mountain,desert hare (to be) horned viper snake above desert hill mountain
hear life deity heart / / god / good listen beautiful above,god / deity hear / listen heart above beautiful / good life,god / deity hear / listen heart above beautiful / good life
/ power give above god stability (djed) deity to king,god / deity to give stability (djed) power above king,god / deity to give stability (djed) power above king
sees animal desert / behind back big great man backbone belly / mountain,man sees animal belly backbone behind / back great / big mountain desert,man sees animal belly backbone behind / back great / big mountain desert
bolt gate above / road door city town people stone road,people gate door bolt city / town above stone road road,people gate door bolt city / town above stone road road
field / plows man great back house / behind hill (tills) above river mighty,man plows (tills) field behind / back house great / mighty river above hill,man plows (tills) field behind / back house great / mighty river above hill
sickle stone chisel town club above hoe adze house road brick,adze chisel sickle hoe club above stone brick house town road,adze chisel sickle hoe club above stone brick house town road
beautiful behind to give back good altar / life (ankh) god king / / peace,king to give life (ankh) behind / back beautiful / good peace / altar god,king to give life (ankh) behind / back beautiful / good peace / altar god
gate big king great temple / back god / seated throne / behind above king,king seated god / king above throne behind / back gate great / big temple,king seated god / king above throne behind / back gate great / big temple
river woman draw jar water,woman draw water river jar,woman draw water river jar
beautiful sees upon / face / deity above good / god youth truth,god / deity sees truth above face / upon beautiful / good youth,god / deity sees truth above face / upon beautiful / good youth
(djed) town ka city face power above / gate (spirit) stability upon king,stability (djed) power ka (spirit) above face / upon king city town gate,stability (djed) power ka (spirit) above face / upon king city town gate
(spirit) seated ka above face king upon power stability / god (djed),stability (djed) power ka (spirit) above face / upon seated god king,stability (djed) power ka (spirit) above face / upon seated god king
beautiful / like begets birth youth good example) sky gives star (or as / / mother,mother gives birth / begets youth like / as (or example) beautiful / good star sky,mother gives birth / begets youth like / as (or example) beautiful / good star sky
chisel behind back / above scribe adze brick stone sees house,scribe sees adze chisel above brick behind / back stone house,scribe sees adze chisel above brick stone behind / back house
/ upon above face power (djed) stability give king city to,king to give stability (djed) power above face / upon city,king to give stability (djed) power above face / upon city
above stool become temple city youth stone scribe / / town mat behind back,youth become scribe behind / back temple above stone stool / mat city town,youth become scribe behind / back temple above stone stool / mat city town
papyrus scroll road basket give handle with house above to scribe town,scribe to give papyrus scroll above basket with handle house town road,scribe to give papyrus scroll above basket with handle house town road
sweet loaf mother house youth bread reed shelter back woman / behind,woman mother youth behind / back reed shelter house sweet loaf bread,woman mother youth behind / back reed shelter house sweet loaf bread
/ writing / great house stool stone mat scroll above scribe scribe papyrus,scribe writing / scribe papyrus scroll above stone stool / mat great house,scribe writing / scribe papyrus scroll above stone stool / mat great house
heart speak old man wisdom,old man speak wisdom heart,old man speak wisdom heart
papyrus above lake owl field clump sees scribe swallow river bank,scribe sees owl swallow above papyrus clump field lake river bank,scribe sees owl swallow above papyrus clump field lake river bank
scroll papyrus scribe / writing book mat scribe stool above house /,scribe writing / scribe papyrus scroll book above stool / mat house,scribe writing / scribe papyrus scroll book above stool / mat house
emerge desert above sees snake hill slope viper man horned,man sees horned viper snake emerge above desert hill slope,man sees horned viper snake emerge above desert hill slope
above beautiful upon give city / good ka (ankh) face king to life (spirit) /,ka (spirit) to give life (ankh) above face / upon beautiful / good king city,ka (spirit) to give life (ankh) above face / upon beautiful / good king city
/ people above peace do king / make heart to satisfy,king to do / make peace / satisfy heart above people,king to do / make peace / satisfy heart above people
throne senet coil seat house / of (lord basket rope all) board above /,senet board coil of rope basket (lord / all) above seat / throne house,senet board coil of rope basket with seat / throne house
/ bolt back road / people city stone behind town door gate,people gate door bolt city / town behind / back stone road,people gate door bolt city / town behind / back stone road
sweet back youth woman / mother reed bread behind shelter,woman mother youth behind / back reed shelter sweet bread,woman mother youth behind / back reed shelter sweet bread
man animal rib / stone brick backbone belly side sees above,man sees animal belly backbone side / rib above brick stone,man sees animal belly backbone side / rib above brick stone
mother / (or / birth like youth as star example) begets gives,mother gives birth / begets youth like / as (or example) star,mother gives birth / begets youth like / as (or example) star
mountain town retreat king back behind return / / road to,king to return / retreat behind / back mountain road town,king to return / retreat behind / back mountain road town
example) (ba) emerge sky (or soul like horizon / star above as,soul (ba) emerge above horizon like / as (or example) star sky,soul (ba) emerge above horizon like / as (or example) star sky
gate stone scribe above sees town road house adze brick chisel,scribe sees adze chisel above brick stone house town road gate,scribe sees adze chisel above brick stone house town road gate
heart hear people voice god,god hear heart voice people,god hear heart voice people
make / writing house book do scribe stool / mat above to scribe /,scribe to do / make writing / scribe above stool / mat book house,scribe to do / make writing / scribe above stool / mat book house
sees beautiful woman lake plant back / behind above river lotus,woman sees lotus plant above lake behind / back beautiful river,woman sees lotus plant above lake behind / back beautiful river
side above man animal sees rib backbone belly / brick,man sees animal belly backbone side / rib above brick,man sees animal belly backbone side / rib above brick
sees back behind / stone town adze scribe chisel above brick house,scribe sees adze chisel above brick stone behind / back house town,scribe sees adze chisel above brick stone behind / back house town
storm people see sky sign,people see sign sky storm,people see sign sky storm
scribe thing (or stool scribe writing papyrus house like mat / scroll example) as / /,scribe writing / scribe papyrus scroll like / as (or example) thing stool / mat house,scribe writing / scribe papyrus scroll like / as (or example) thing stool / mat house
offering / stone to above altar make peace temple do servant /,servant to do / make offering above peace / altar stone temple,servant to do / make offering above peace / altar stone temple
/ deity god altar vessel offering peace give / to heart jar,god / deity to give peace / altar offering jar vessel heart,god / deity to give peace / altar offering jar vessel heart
marrow as become heart / example) like (or youth venerated / father,youth become venerated / marrow like / as (or example) father heart,youth become venerated / marrow like / as (or example) father heart
bolt opens peace god house / door deity,god / deity opens door bolt house peace,god / deity opens door bolt house peace
jar milk / make to do jar vessel offering servant,servant to do / make offering jar milk jar vessel,servant to do / make offering jar milk jar vessel
above scribe sees city great back / book house behind,scribe sees book above house behind / back great city,scribe sees book above house behind / back great city
every lord lift basket man offering,man lift basket lord every offering,man lift basket lord every offering
stool / scribe sees city / board stone senet back above mat house behind,scribe sees senet board above stool / mat behind / back stone house city,scribe sees senet board above stool / mat behind / back stone house city
/ temple give offering above to altar stone peace king,king to give offering above peace / altar stone temple,king to give offering above peace / altar stone temple
work after house return people,people return house after work,people return house after work
woman sweet heart sing joy,woman sing joy sweet heart,woman sing joy sweet heart
big like mountain (ba) example) (or above as / emerge soul sky,soul (ba) emerge above mountain like / as (or example) big sky,soul (ba) emerge above mountain like / as (or example) big sky
thing (ankh) hear listen deity heart / / god / good / behind back beautiful life,god / deity hear / listen heart behind / back beautiful / good life (ankh) thing,god / deity hear / listen heart behind / back beautiful / good life (ankh) thing
emerge papyrus clump scribe swallow lake above owl field sees,scribe sees owl swallow emerge above papyrus clump field lake,scribe sees owl swallow emerge above papyrus clump field lake
mountain viper be) hare horned snake slope (to desert desert hill above hill,desert hare (to be) horned viper snake above desert hill hill slope mountain,desert hare (to be) horned viper snake above desert hill hill slope mountain
birth (or youth as like star beautiful mother / gives example) begets /,mother gives birth / begets youth like / as (or example) beautiful star,mother gives birth / begets youth like / as (or example) beautiful star
man temple become sees behind great youth back / god,man sees youth become great god behind / back temple,man sees youth become great god behind / back temple
milk sweet speak loaf jar / drink bread / ka of eat (spirit),ka (spirit) eat / drink / speak loaf of bread milk sweet jar,ka (spirit) eat / drink / speak loaf of bread milk sweet jar
gives town mother shelter youth / begets behind back / birth reed,mother gives birth / begets youth behind / back reed shelter town,mother gives birth / begets youth behind / back reed shelter town
star emerge soul (ba) horizon above sky,soul (ba) emerge above horizon sky star,soul (ba) emerge above horizon sky star
house (lord above rope coil / basket all) board of seat senet,senet board coil of rope basket (lord / all) above seat house,senet board coil of rope basket (lord / all) above seat house
begets beautiful mother birth gives shelter / above reed / good youth,mother gives birth / begets youth above beautiful / good reed shelter,mother gives birth / begets youth above beautiful / good reed shelter
great with above sees man basket handle great cobra,man sees great cobra above great basket with handle,man sees great cobra above great basket with handle
/ stability power upon face (spirit) ka king above city (djed),stability (djed) power ka (spirit) above face / upon king city,stability (djed) power ka (spirit) above face / upon king city
rise soul (ba) light sky,soul (ba) rise sky light,soul (ba) rise sky light
power authority king throne man seated,king seated man power authority throne,king seated man power authority throne
chisel sees stone back temple adze / behind above king,king sees adze chisel above stone behind / back temple,king sees adze chisel above stone behind / back temple
behind rib man mountain back sees animal backbone / belly / side,man sees animal belly backbone side / rib behind / back mountain,man sees animal belly backbone side / rib behind / back mountain
adze stone man above sees house chisel brick hoe sickle,man sees sickle hoe adze chisel above brick stone house,man sees sickle hoe adze chisel above brick stone house
rise soul west above mountain,soul rise above mountain west,soul rise above mountain west
plant lotus riverbank gather woman,woman gather lotus plant riverbank,woman gather lotus plant riverbank
stone above town / / man house beautiful good sees city,man sees stone house above beautiful / good city / town,man sees stone house above beautiful / good city / town
eat pellet grain woman sweet drink / house basket speak beautiful / above /,woman eat / drink / speak sweet grain / pellet above beautiful basket house,woman eat / drink / speak sweet grain / pellet above beautiful basket house
life power above god horizon rise,god rise above horizon life power,god rise above horizon life power
/ behind youth mighty / temple man back become old great,youth become old man behind / back great / mighty temple,youth become old man behind / back great / mighty temple
heart joy woman sing sweet,woman sing joy sweet heart,woman sing joy sweet heart
/ sees mat stool gate house board senet above scribe town,scribe sees senet board above stool / mat house town gate,scribe sees senet board above stool / mat house town gate
mat mother stool sit child,mother sit stool mat child,mother sit stool mat child
sees road house owl above emerge papyrus scribe swallow town clump,scribe sees owl swallow emerge above papyrus clump road house town,scribe sees owl swallow emerge above papyrus clump road house town
sickle sees hoe brick above / behind stone house man back,man sees sickle hoe above brick stone behind / back house,man sees sickle hoe above brick stone behind / back house
town toward king descend mountain,king descend mountain toward town,king descend mountain toward town
king force army command strength,king command army strength force,king command army strength force
lake lotus / behind back beautiful plant woman sees above river,woman sees lotus plant above lake behind / back beautiful river,woman sees lotus plant above lake behind / back beautiful river
back peace to give good king / altar / behind (ankh) god / life beautiful,king to give life (ankh) behind / back beautiful / good peace / altar god,king to give life (ankh) behind / back beautiful / good peace / altar god
eat grain sweet pellet / house drink / speak woman /,woman eat / drink / speak sweet grain / pellet house,woman eat / drink / speak sweet grain / pellet house
ka upon (djed) stability above king face / power (spirit),stability (djed) power ka (spirit) above face / upon king,stability (djed) power ka (spirit) above face / upon king
man old rest lake beside,old man rest beside lake,old man rest beside lake
soul west living from watch,soul watch living from west,soul watch living from west
stone stool begets / mother birth / mat good / gives house youth above beautiful,mother gives birth / begets youth above beautiful / good stool / mat stone house,mother gives birth / begets youth above beautiful / good stool / mat stone house
owl night listen hear / man fear,man hear / listen owl night fear,man hear / listen owl night fear
heart sit peace father house,father sit house heart peace,father sit house heart peace
(djed) town power gate / city above face stability king (spirit) upon ka,stability (djed) power ka (spirit) above face / upon king city town gate,stability (djed) power ka (spirit) above face / upon king city town gate
listen heart / beautiful good / / / behind hear back god deity,god / deity hear / listen heart behind / back beautiful / good,god / deity hear / listen heart behind / back beautiful / good
plant woman plant / good behind back lotus above sees lake beautiful /,woman sees lotus plant above lake behind / back beautiful / good plant,woman sees lotus plant above lake behind / back beautiful / good plant
scribe chick emerge quail above field papyrus sees clump,scribe sees quail chick emerge above papyrus clump field,scribe sees quail chick emerge above papyrus clump field
above stone youth house beautiful / mother birth gives / stool good begets / mat,mother gives birth / begets youth above beautiful / good stool / mat stone house,mother gives birth / begets youth above beautiful / good stool / mat stone house
tend with child woman care,woman tend child with care,woman tend child with care
sees emerge snake viper mountain hill horned desert man above,man sees horned viper snake emerge above desert hill mountain,man sees horned viper snake emerge above desert hill mountain
desert behind sees be) hill (to hare man emerge back /,man sees desert hare (to be) emerge behind / back hill,man sees desert hare (to be) emerge behind / back hill
(djed) power king house stability strength force above sees /,king sees strength / force above stability (djed) power house,king sees strength / force above stability (djed) power house
peace give / life beautiful king behind to back (ankh) / good altar /,king to give life (ankh) behind / back beautiful / good peace / altar,king to give life (ankh) behind / back beautiful / good peace / altar
mighty behind temple great / (truth/maat) sees stone feather / / deity back god,god / deity sees feather (truth/maat) behind / back great / mighty stone temple,god / deity sees feather (truth/maat) behind / back great / mighty stone temple
sickle adze / man stone house chisel behind hoe sees back,man sees sickle hoe adze chisel behind / back stone house,man sees sickle hoe adze chisel behind / back stone house
youth above upon life face ka (ankh) give to / (spirit),ka (spirit) to give life (ankh) above face / upon youth,ka (spirit) to give life (ankh) above face / upon youth
/ temple god he king opens gate,he / king opens gate temple god,he / king opens gate temple god
back behind / / mountain sees animal backbone rib great belly big / man side,man sees animal belly backbone side / rib behind / back great / big mountain,man sees animal belly backbone side / rib behind / back great / big mountain
town back above sees book stool / behind house scribe mat /,scribe sees book above stool / mat behind / back house town,scribe sees book above stool / mat behind / back house town
back / behind backbone rib man side / sees animal belly,man sees animal belly backbone side / rib behind / back,man sees animal belly backbone side / rib behind / back
stability good town above sky / back beautiful king city / sees (djed) behind / power,king sees stability (djed) power above sky behind / back beautiful / good city / town,king sees stability (djed) power above sky behind / back beautiful / good city / town
swallow scribe owl clump papyrus sees house above road emerge,scribe sees owl swallow emerge above papyrus clump house road,scribe sees owl swallow emerge above papyrus clump road house
deity god king (truth/maat) / feather sees face above upon / heart,god / deity sees feather (truth/maat) above face / upon king heart,god / deity sees feather (truth/maat) above face / upon king heart
above senet mat house town board scribe / sees stool,scribe sees senet board above stool / mat house town,scribe sees senet board above stool / mat house town
as example) man authority like hear / gate (or listen servant /,servant hear / listen authority like / as (or example) man gate,servant hear / listen authority like / as (or example) man gate
behind stone (no/not) / book scribe house back sees negation,scribe negation (no/not) sees book behind / back stone house,scribe negation (no/not) sees book behind / back stone house
place woman flower lotus altar,woman place flower lotus altar,woman place flower lotus altar
/ back to road king return / hill mountain retreat west behind,king to return / retreat west mountain road behind / back hill,king to return / retreat west mountain road behind / back hill
to mountain road behind man / return back / west retreat,man to return / retreat west mountain road behind / back,man to return / retreat west mountain road behind / back
all) / above back basket book behind scribe / sees (lord,scribe sees book above basket (lord / all) behind / back,scribe sees book above basket (lord / all) behind / back
truth king judge maat people,king judge people truth maat,king judge people truth maat
mat man / house sit stool old,old man sit stool / mat house,old man sit stool / mat house
mountain / backbone rib man big belly sees side behind great / back / animal,man sees animal belly backbone side / rib behind / back great / big mountain,man sees animal belly backbone side / rib behind / back great / big mountain
make back milk do god / to servant / offering behind jar jar,servant to do / make offering jar milk jar behind / back god,servant to do / make offering jar milk jar behind / back god
upon king / life (ankh) face people give above to,king to give life (ankh) above face / upon people,king to give life (ankh) above face / upon people
stool / house skins mat above sees three servant fox,servant sees three fox skins above stool / mat house,servant sees three fox skins above stool / mat house
handle sees house fox with skins three above woman basket,woman sees three fox skins above basket with handle house,woman sees three fox skins above basket with handle house
face power king sees (djed) stone above stability / upon,king sees stability (djed) power above face / upon stone,king sees stability (djed) power above face / upon stone
sees become / back god great temple youth man behind,man sees youth become great god behind / back temple,man sees youth become great god behind / back temple
/ give (ankh) upon deity youth to face life / god above,god / deity to give life (ankh) above face / upon youth,god / deity to give life (ankh) above face / upon youth
behind back great mighty gate authority / / king listen / hear,king hear / listen authority behind / back great / mighty gate,king hear / listen authority behind / back great / mighty gate
above mother reed / house town shelter youth road begets gives birth,mother gives birth / begets youth above reed shelter house town road,mother gives birth / begets youth above reed shelter house town road
do servant milk jar offering above / altar to jar make,servant to do / make offering jar milk jar above altar,servant to do / make offering jar milk jar above altar
example) father (or old man heart become / as youth like,youth become old man like / as (or example) father heart,youth become old man like / as (or example) father heart
town man gate enter city,man enter gate town city,man enter gate town city
above sees beautiful good river emerge riverbank youth quail / field lake chick,youth sees quail chick emerge above beautiful / good field riverbank river lake,youth sees quail chick emerge above beautiful / good field riverbank river lake
back / soul behind hill hill / above emerge slope mighty desert (ba) great mountain,soul (ba) emerge above mountain behind / back great / mighty desert hill hill slope,soul (ba) emerge above mountain behind / back great / mighty desert hill hill slope
city great behind road emerge above gate / / back mighty people,people emerge above road behind / back great / mighty city gate,people emerge above road behind / back great / mighty gate city
of / loaf eat jar milk servant sweet / drink bread speak,servant eat / drink / speak milk jar sweet loaf of bread,servant eat / drink / speak milk jar sweet loaf of bread
king truth case maat judge,king judge case truth maat,king judge case truth maat
temple sees king mighty above back adze stone behind / chisel,king sees adze chisel above stone behind / back mighty temple,king sees adze chisel above stone behind / back mighty temple
sees basket / all) book above behind / scribe back (lord,scribe sees book above basket (lord / all) behind / back,scribe sees book above basket (lord / all) behind / back
/ / city mighty hear behind stone back temple great / god deity listen / heart,god / deity hear / listen heart behind / back great / mighty stone temple city,god / deity hear / listen heart behind / back great / mighty stone temple city
horizon as emerge (or like soul (ba) example) above sky / great star,soul (ba) emerge above sky like / as (or example) star great horizon,soul (ba) emerge above sky like / as (or example) star great horizon
horned hill mountain road / viper man slope sees emerge hill desert back behind,man sees horned viper emerge behind / back desert hill mountain hill slope road,man sees horned viper emerge behind / back desert hill mountain hill slope road
/ god life / / / deity beautiful back listen good hear heart behind,god / deity hear / listen heart behind / back beautiful / good life,god / deity hear / listen heart behind / back beautiful / good life
life / face soul (ba) peace upon / satisfy heart deity god above,heart peace / satisfy soul (ba) above face / upon god deity life,heart peace / satisfy soul (ba) above face / upon god deity life
bread behind mother / back shelter reed sweet of woman loaf house youth,woman mother youth behind / back reed shelter house sweet loaf of bread,woman mother youth behind / back reed shelter house sweet loaf of bread
viper desert horned man mountain above sees hill emerge snake,man sees horned viper snake emerge above desert hill mountain,man sees horned viper snake emerge above desert hill mountain
hill mountain fire road storm desert above / behind back,storm fire above mountain behind / back desert hill road,storm fire above mountain behind / back desert hill road
sees papyrus back swallow above behind river lake clump / owl scribe,scribe sees owl swallow above papyrus clump behind / back river lake,scribe sees owl swallow above papyrus clump behind / back river lake
back (ba) above / behind river lotus soul sees lake plant,soul (ba) sees lotus plant above lake behind / back river,soul (ba) sees lotus plant above lake behind / back river
become behind old / / temple man great youth mighty back,youth become old man behind / back great / mighty temple,youth become old man behind / back great / mighty temple
above emerge soul horizon star (ba) / god sky sees deity,god / deity sees soul (ba) emerge above sky horizon star,god / deity sees soul (ba) emerge above sky horizon star
above / mountain mighty sees desert club / strength great king back force behind /,king sees strength / force above great / mighty club behind / back mountain desert,king sees strength / force above great / mighty club behind / back mountain desert
water ripple river create life god,god create life water ripple river,god create life water ripple river
god big / / / king to great offering behind above give peace back altar,king to give offering above peace / altar behind / back great / big god,king to give offering above peace / altar behind / back great / big god
do satisfy king heart to / peace / make above people,king to do / make peace / satisfy heart above people,king to do / make peace / satisfy heart above people
stone listen / heart / behind / deity back god hear mighty,god / deity hear / listen heart behind / back mighty stone,god / deity hear / listen heart behind / back mighty stone
man of back / riverbank road rope above behind sees coil,man sees coil of rope above road behind / back riverbank,man sees coil of rope above road behind / back riverbank
/ above town city beautiful king riverbank / good great sees,king sees great riverbank above beautiful / good city / town,king sees great riverbank above beautiful / good city / town
years fate mark thousand god,god mark fate thousand years,god mark fate thousand years
road chick river lake bank emerge above sees field scribe riverbank quail,scribe sees quail chick emerge above field riverbank lake river bank road,scribe sees quail chick emerge above field riverbank lake river bank road
mother offering peace altar house father /,father mother house peace / altar offering,father mother house peace / altar offering
great king star behind god above mountain sees back /,king sees great star above mountain behind / back god,king sees great star above mountain behind / back god
strength (djed) above house force sees / king stability power,king sees strength / force above stability (djed) power house,king sees strength / force above stability (djed) power house
king stone temple give / above altar offering to peace,king to give offering above peace / altar stone temple,king to give offering above peace / altar stone temple
good / / as / man beautiful example) (or servant hear like authority listen,servant hear / listen authority like / as (or example) beautiful / good man,servant hear / listen authority like / as (or example) beautiful / good man
/ behind sees temple become great scribe big father youth,father sees youth become great / big scribe behind temple,father sees youth become great / big scribe behind temple
good gives / mother above star begets reed shelter birth beautiful youth /,mother gives birth / begets youth above reed shelter beautiful / good star,mother gives birth / begets youth above reed shelter beautiful / good star
emerge above clump house scribe road owl sees town swallow papyrus,scribe sees owl swallow emerge above papyrus clump road house town,scribe sees owl swallow emerge above papyrus clump road house town
/ star back sees mountain king great god behind above,king sees great star above mountain behind / back god,king sees great star above mountain behind / back god
(or above emerge star sky / example) soul as horizon (ba) like,soul (ba) emerge above sky like / as (or example) star horizon,soul (ba) emerge above sky like / as (or example) star horizon
great people behind back / big mountain above fire / sees desert storm,people sees storm fire above mountain behind / back great / big desert,people sees storm fire above mountain behind / back great / big desert
king seat temple enter throne,king enter temple seat throne,king enter temple seat throne
/ house behind sees back great city man riverbank above,man sees great riverbank above house behind / back city,man sees great riverbank above house behind / back city
west behind / road to return / desert retreat back mountain man hill,man to return / retreat west mountain road behind / back desert hill,man to return / retreat west mountain road behind / back desert hill
throne / city behind gate god / king seated above back king road town,king seated god / king above throne behind / back gate city town road,king seated god / king above throne behind / back gate city town road
birth youth / stool house gives above mat / mother begets,mother gives birth / begets youth above stool / mat house,mother gives birth / begets youth above stool / mat house
(or authority great scribe / / like king listen example) hear as,scribe hear / listen authority like / as (or example) great king,scribe hear / listen authority like / as (or example) great king
peace to / king altar give temple offering stone above,king to give offering above peace / altar stone temple,king to give offering above peace / altar stone temple
sees man mountain town behind back great god above /,great god sees man above mountain behind / back town,great god sees man above mountain behind / back town
scribe papyrus handle sees basket stone temple scroll above with,scribe sees papyrus scroll above basket with handle stone temple,scribe sees papyrus scroll above basket with handle stone temple
(ankh) / man to deity face / life god beautiful great temple good above / seated give upon,god / deity to give life (ankh) above face / upon beautiful / good seated man great temple,god / deity to give life (ankh) above face / upon beautiful / good seated man great temple
(ba) horizon / above example) emerge like sky soul as star (or,soul (ba) emerge above horizon like / as (or example) star sky,soul (ba) emerge above sky like / as (or example) star horizon
great city big people road stone town bolt / door gate house city,people gate door bolt city town great / big house stone road city,people gate door bolt city town great / big house stone road city
/ back god city throne behind / great above gate seated king king,king seated god / king above throne behind / back great gate city,king seated god / king above throne behind / back great gate city
swallow papyrus sees owl field clump above scribe lake,scribe sees owl swallow above papyrus clump field lake,scribe sees owl swallow above papyrus clump field lake
from bring life god emerge horizon,god emerge from horizon bring life,god emerge from horizon bring life
people travel city road town,people travel road town city,people travel road town city
man horizon road end reach,man reach horizon end road,man reach horizon end road
stone back bolt town house / door sees man behind,man sees door bolt behind / back stone house town,man sees door bolt behind / back stone house town
back / scribe / behind brick gate city writing road town stone scribe above,scribe writing / scribe above brick stone behind / back city town road gate,scribe writing / scribe above brick stone behind / back city town road gate
to road hill back slope man mountain return / retreat road west / behind,man to return / retreat west mountain road behind / back hill slope road,man to return / retreat west mountain road behind / back hill slope road
king throne enter seat temple,king enter temple seat throne,king enter temple seat throne
brick make above do stone writing city behind scribe / / / back to scribe,scribe to do / make writing / scribe above brick stone behind / back city,scribe to do / make writing / scribe above brick stone behind / back city
/ rib side animal sees belly brick backbone above man,man sees animal belly backbone side / rib above brick,man sees animal belly backbone side / rib above brick
hear above face authority scribe king upon / road / listen temple,scribe hear / listen authority above face / upon king temple road,scribe hear / listen authority above face / upon king temple road
/ (djed) give god king to above power deity face stability,god / deity to give stability (djed) power above face king,god / deity to give stability (djed) power above face king
sees hill horned mountain viper desert man slope above snake hill emerge,man sees horned viper snake emerge above desert hill hill slope mountain,man sees horned viper snake emerge above desert hill hill slope mountain
/ seated king / great city power god town authority,seated god / king authority power great city / town,seated god / king authority power great city / town
/ back listen behind / hear beautiful heart good / god deity /,god / deity hear / listen heart behind / back beautiful / good,god / deity hear / listen heart behind / back beautiful / good
plant woman back / lotus good river above / behind beautiful sees lake,woman sees lotus plant above lake behind / back beautiful / good river,woman sees lotus plant above lake behind / back beautiful / good river
hear authority gate king behind back / / city listen road,king hear / listen authority behind / back gate city road,king hear / listen authority behind / back gate city road
sees all) above basket / behind scribe house town / book (lord back,scribe sees book above basket (lord / all) behind / back house town,scribe sees book above basket (lord / all) behind / back house town
stool papyrus house / mat / above book city scribe writing scroll scribe,scribe writing / scribe papyrus scroll book above stool / mat house city,scribe writing / scribe papyrus scroll book above stool / mat house city
house leave dawn before man,man leave house before dawn,man leave house before dawn
chick quail above sees papyrus lake emerge people clump,people sees quail chick emerge above papyrus clump lake,people sees quail chick emerge above papyrus clump lake
/ god great sees horizon good above beautiful mountain star,great god sees beautiful / good star above mountain horizon,great god sees beautiful / good star above mountain horizon
as / every example) great people lord / mighty (or / authority hear / listen thing like,people hear / listen authority like / as (or example) great / mighty lord / every thing,people hear / listen authority like / as (or example) great / mighty lord / every thing
town city / road gate door people / bolt great big,people gate door bolt city / town great / big road,people gate door bolt city / town great / big road
milk jar life child mother give,mother give milk jar child life,mother give milk jar child life
river behind beautiful sees back mountain / / star good god,god sees beautiful / good star behind / back mountain river,god sees beautiful / good star behind / back mountain river
/ lotus lake plant behind quail above river youth back swallow (great) chick sees,youth sees quail chick swallow (great) above lotus plant behind / back river lake,youth sees quail chick swallow (great) above lotus plant behind / back river lake
/ altar life back king give (ankh) mighty behind / to great,king to give life (ankh) behind / back great / mighty altar,king to give life (ankh) behind / back great / mighty altar
behind / back / god / mighty heart listen deity stone hear,god / deity hear / listen heart behind / back mighty stone,god / deity hear / listen heart behind / back mighty stone
youth shelter bread loaf / woman sweet mother back behind reed,woman mother youth behind / back reed shelter sweet loaf bread,woman mother youth behind / back reed shelter sweet loaf bread
/ to scroll writing scribe scribe above stone / papyrus house make do,scribe to do / make writing / scribe above papyrus scroll stone house,scribe to do / make writing / scribe above papyrus scroll stone house
strong god power force / strength great,god power strength / force strong great,god power strength / force strong great
/ altar vessel deity give god offering heart / peace jar to,god / deity to give peace / altar offering jar vessel heart,god / deity to give peace / altar offering jar vessel heart
give king stability above power deity / to (djed) god,god / deity to give stability (djed) power above king,god / deity to give stability (djed) power above king
reed gives / begets mother birth above shelter youth house gate,mother gives birth / begets youth above reed shelter house gate,mother gives birth / begets youth above reed shelter house gate
/ desert (to sees desert back hare man be) mountain behind hill slope,man sees desert hare (to be) behind / back desert hill slope mountain,man sees desert hare (to be) behind / back desert hill slope mountain
beautiful plant behind lotus sees / above soul / back (ba) river good lake,soul (ba) sees lotus plant above lake behind / back beautiful / good river,soul (ba) sees lotus plant above lake behind / back beautiful / good river
owl field above swallow / scribe river back clump sees lake behind papyrus,scribe sees owl swallow above papyrus clump behind / back river lake field,scribe sees owl swallow above papyrus clump behind / back river lake field
offering stone jar king peace altar to jar above milk give temple /,king to give offering jar milk jar above stone peace / altar temple,king to give offering jar milk jar above stone peace / altar temple
jar speak loaf eat bread drink milk / of / servant sweet,servant eat / drink / speak milk jar sweet loaf of bread,servant eat / drink / speak milk jar sweet loaf of bread
emerge papyrus clump field lake quail chick above sees scribe,scribe sees quail chick emerge above papyrus clump field lake,scribe sees quail chick emerge above papyrus clump field lake
man seated write papyrus scroll book,seated man write book papyrus scroll,seated man write book papyrus scroll
hear door (spirit) authority behind back / stone bolt listen / ka,ka (spirit) hear / listen authority behind / back stone door bolt,ka (spirit) hear / listen authority behind / back stone door bolt
stone scribe with above temple handle basket papyrus scroll sees,scribe sees papyrus scroll above basket with handle stone temple,scribe sees papyrus scroll above basket with handle stone temple
writing make house mat / / above / book scribe do to stool scribe,scribe to do / make writing / scribe above stool / mat book house,scribe to do / make writing / scribe above stool / mat book house
sees father / big scribe youth behind become great temple,father sees youth become great / big scribe behind temple,father sees youth become great / big scribe behind temple
example) house / as like / behind plows man (or (tills) father field back,man plows (tills) field like / as (or example) father behind / back house,man plows (tills) field like / as (or example) father behind / back house
man god / behind become back temple sees youth great,man sees youth become great god behind / back temple,man sees youth become great god behind / back temple
man father become example) (or / as like youth old venerated,youth become old man like / as (or example) venerated father,youth become old man like / as (or example) venerated father
papyrus book scribe mat / stool above city / house scroll writing scribe,scribe writing / scribe papyrus scroll book above stool / mat house city,scribe writing / scribe papyrus scroll book above stool / mat house city
stool fox back scribe / skins three behind sees stone,scribe sees three fox skins behind / back stone stool,scribe sees three fox skins behind / back stone stool
sees above cobra basket handle great great with man,man sees great cobra above great basket with handle,man sees great cobra above great basket with handle
seated stone behind god gate / / king back king above throne,king seated god / king above throne behind / back stone gate,king seated god / king above throne behind / back stone gate
god maat heart feather love (truth/maat),god love maat feather (truth/maat) heart,god love maat feather (truth/maat) heart
deity / above big become mountain west king offering to to / god great give,king to give offering to become god / deity above great / big mountain west,king to give offering to become god / deity above great / big mountain west
mighty / city / stone door behind gate bolt house great back,door bolt stone house gate behind / back great / mighty city,door bolt stone house gate behind / back great / mighty city
make / altar great to / temple servant offering peace stone above do / mighty,servant to do / make offering above peace / altar great / mighty stone temple,servant to do / make offering above peace / altar great / mighty stone temple
gate give stone / altar to peace temple king offering above,king to give offering above stone peace / altar temple gate,king to give offering above stone peace / altar temple gate
peace / king good make do people to / above city / heart satisfy beautiful,king to do / make peace / satisfy heart above beautiful / good people city,king to do / make peace / satisfy heart above beautiful / good people city
horned (to mountain above desert hill snake be) hare viper,desert hare (to be) horned viper snake above hill mountain,desert hare (to be) horned viper snake above hill mountain
make writing / / papyrus city behind stone scroll to above scribe / town / back scribe do house,scribe to do / make writing / scribe above papyrus scroll behind / back stone house city / town,scribe to do / make writing / scribe above papyrus scroll behind / back stone house city / town
man old sit beneath sky,old man sit beneath sky,old man sit beneath sky
behind hill fire back / mountain desert storm above road,storm fire above mountain behind / back desert hill road,storm fire above mountain behind / back desert hill road
great gate behind mighty people road city / back emerge / above temple,people emerge above gate behind / back great / mighty city road temple,people emerge above gate behind / back great / mighty city road temple
see man / scarab life become,man see scarab / become life,man see scarab / become life
/ youth example) sees as (or like mother / star good beautiful,mother sees youth like / as (or example) beautiful / good star,mother sees youth like / as (or example) beautiful / good star
beautiful woman house man good heart seated / sees,seated man sees beautiful / good woman house heart,seated man sees beautiful / good woman house heart
city book / / stool scribe writing scroll scribe mat papyrus house above,scribe writing / scribe papyrus scroll book above stool / mat house city,scribe writing / scribe papyrus scroll book above stool / mat house city
create god water river life ripple,god create life water ripple river,god create life water ripple river
milk ka (spirit) sweet eat loaf / of / bread speak drink,ka (spirit) eat / drink / speak loaf of bread milk sweet,ka (spirit) eat / drink / speak loaf of bread milk sweet
basket rope of house gate (lord / above all) coil board senet,senet board coil of rope basket (lord / all) above house gate,senet board coil of rope basket (lord / all) above house gate
/ make behind to jar do milk offering back jar / servant god,servant to do / make offering jar milk jar behind / back god,servant to do / make offering jar milk jar behind / back god
mighty above / god horizon deity star (ba) soul sky emerge great sees,god / deity sees soul (ba) emerge above sky horizon star great mighty,god / deity sees soul (ba) emerge above sky horizon star great / mighty
/ above / pellet woman speak house eat grain basket drink sweet /,woman eat / drink / speak sweet grain / pellet above basket house,woman eat / drink / speak sweet grain / pellet above basket house
soul star (ba) with travel sun,soul (ba) travel with sun star,soul (ba) travel with sun star
throne people sit judge king,king sit throne judge people,king sit throne judge people
above / back temple king god king throne / behind seated,king seated god / king above throne behind / back temple,king seated god / king above throne behind / back temple
good riverbank plows / man field / back beautiful (tills) behind,man plows (tills) field behind / back beautiful / good riverbank,man plows (tills) field behind / back beautiful / good riverbank
sees side rib belly / / animal back behind man backbone,man sees animal belly backbone side / rib behind / back,man sees animal belly backbone side / rib behind / back
town stone drink / eat behind speak / grain sweet house pellet / back / woman,woman eat / drink / speak sweet grain / pellet behind / back stone house town,woman eat / drink / speak sweet grain / pellet behind / back stone house town
snake fear mother protect child,mother protect child fear snake,mother protect child fear snake
servant speak loaf bread milk / / drink jar eat house of,servant eat / drink / speak loaf of bread milk jar house,servant eat / drink / speak loaf of bread milk jar house
sees quail emerge above clump people papyrus lake chick,people sees quail chick emerge above papyrus clump lake,people sees quail chick emerge above papyrus clump lake
ka jar drink / bread sweet eat speak / (spirit) milk of loaf,ka (spirit) eat / drink / speak loaf of bread milk sweet jar,ka (spirit) eat / drink / speak loaf of bread milk sweet jar
storm hill sees people fire / behind above back mountain desert,people sees storm fire above mountain behind / back desert hill,people sees storm fire above mountain behind / back desert hill
woman prepare bread jar offering,woman prepare offering bread jar,woman prepare offering bread jar
night child house guard mother,mother guard house child night,mother guard house child night
maat judge case truth king,king judge case truth maat,king judge case truth maat
writing man open scribe book read,man open book read writing scribe,man open book read writing scribe
as writing example) stool / (or scribe papyrus thing scroll scribe / like,scribe writing / scribe papyrus scroll like / as (or example) thing stool,scribe writing / scribe papyrus scroll like / as (or example) thing stool
to / make / mighty do servant great altar peace above temple / offering stone,servant to do / make offering above peace / altar great / mighty temple stone,servant to do / make offering above peace / altar great / mighty temple stone
back scribe stool sees / three mat fox / skins behind,scribe sees three fox skins behind / back stool / mat,scribe sees three fox skins behind / back stool / mat
/ above emerge stone door people town city bolt gate,people emerge above gate door bolt city / town stone,people emerge above gate door bolt city / town stone
sees house viper emerge snake stone brick man horned above,man sees horned viper snake emerge above brick stone house,man sees horned viper snake emerge above brick stone house
(or / riverbank father field (tills) as like man plows example),man plows (tills) field like / as (or example) father riverbank,man plows (tills) field like / as (or example) father riverbank
youth riverbank sees good field lake chick / above river beautiful quail emerge,youth sees quail chick emerge above beautiful / good field riverbank river lake,youth sees quail chick emerge above beautiful / good field riverbank river lake
give (ankh) altar king / good life behind back to beautiful /,king to give life (ankh) behind / back beautiful / good altar,king to give life (ankh) behind / back beautiful / good altar
god deity ankh beautiful hear behind / listen / good life / back heart /,god / deity hear / listen heart behind / back beautiful / good life ankh,god / deity hear / listen heart behind / back beautiful / good life ankh
(or man as like example) (tills) plows servant / field house,man plows (tills) field like / as (or example) servant house,man plows (tills) field like / as (or example) servant house
pour water mother ripple jar,mother pour water ripple jar,mother pour water ripple jar
basket offering carry handle with man,man carry basket with handle offering,man carry basket with handle offering
woman sing heart sweet joy,woman sing joy sweet heart,woman sing joy sweet heart
example) life father / (or great as man old youth heart big like / become,youth become old man like / as (or example) great / big father heart life,youth become old man like / as (or example) great / big father heart life
city / scribe (or / all example) as listen like / lord hear authority,scribe hear / listen authority like / as (or example) lord / all city,scribe hear / listen authority like / as (or example) lord / all city
town leave desert toward man,man leave town toward desert,man leave town toward desert
west mother youth beautiful / above / stool house birth good mat stone begets / gives,mother gives birth / begets youth above beautiful / good stool / mat stone house west,mother gives birth / begets youth above beautiful / good stool / mat stone house west
king (djed) upon / face (spirit) seated above king stability power ka / god,stability (djed) power ka (spirit) above face / upon seated god / king king,stability (djed) power ka (spirit) above face / upon seated god / king king
/ stone woman speak above with basket pellet / / beautiful / good sweet grain drink handle eat house,woman eat / drink / speak sweet grain / pellet above beautiful / good basket with handle stone house,woman eat / drink / speak sweet grain / pellet above beautiful / good basket with handle stone house
great mighty (ba) soul deity emerge god sees horizon above star sky /,god / deity sees soul (ba) emerge above sky horizon star great mighty,god / deity sees soul (ba) emerge above sky horizon star great / mighty
god peace / give above satisfy people / to heart deity,god / deity to give peace / satisfy heart above people,god / deity to give peace / satisfy heart above people
voice people god hear heart,god hear heart voice people,god hear heart voice people
stone / hear door / authority listen back scribe behind bolt,scribe hear / listen authority behind / back stone door bolt,scribe hear / listen authority behind / back stone door bolt
stone make above to peace offering do altar temple servant / /,servant to do / make offering above peace / altar stone temple,servant to do / make offering above peace / altar stone temple
above to give heart deity satisfy / peace gate city god / town people,god / deity to give peace / satisfy heart above people city town gate,god / deity to give peace / satisfy heart above people city town gate
as example) like (or house (tills) plows man / field servant,man plows (tills) field like / as (or example) servant house,man plows (tills) field like / as (or example) servant house
/ heart above listen god / good beautiful hear deity thing life /,god / deity hear / listen heart above beautiful / good life thing,god / deity hear / listen heart above beautiful / good life thing
king peace mighty / to stone temple / great above give offering altar,king to give offering above peace / altar great / mighty stone temple,king to give offering above peace / altar great / mighty stone temple
back sees good / above beautiful mountain star behind / god,god sees beautiful / good star above mountain behind / back,god sees beautiful / good star above mountain behind / back
bolt door people gate town stone city road big / house great /,people gate door bolt city / town great / big house stone road,people gate door bolt city / town great / big house stone road
papyrus to give stone house scroll scribe above basket with handle,scribe to give papyrus scroll above basket with handle stone house,scribe to give papyrus scroll above basket with handle stone house
people every house gate / lord opens,lord / every house opens gate people,lord / every house opens gate people
peace temple prayer hear god people,god hear prayer people temple peace,god hear prayer people temple peace
woman house plant lotus / town sees above back lake behind,woman sees lotus plant above lake behind / back house town,woman sees lotus plant above lake behind / back house town
life (ankh) / beautiful (satisfied) behind sees heart thing content good back / peace father /,father sees heart peace / content (satisfied) behind / back beautiful / good life (ankh) thing,father sees heart peace / content (satisfied) behind / back beautiful / good life (ankh) thing
writing book / house mat scribe above stool scroll papyrus / scribe,scribe writing / scribe papyrus scroll book above stool / mat house,scribe writing / scribe papyrus scroll book above stool / mat house
city town great road door bolt / stone people gate house big /,people gate door bolt city / town great / big house stone road,people gate door bolt city / town great / big house stone road
beautiful youth good / (great) swallow lake above back behind river / sees,youth sees swallow (great) above lake behind / back beautiful / good river,youth sees swallow (great) above lake behind / back beautiful / good river
hoe sees sickle back adze / house man chisel behind brick,man sees sickle hoe adze chisel behind / back brick house,man sees sickle hoe adze chisel behind / back brick house
reed / behind bread mother sweet woman shelter youth house back,woman mother youth behind / back reed shelter house sweet bread,woman mother youth behind / back reed shelter house sweet bread
back behind backbone belly sees / animal man rib side /,man sees animal belly backbone side / rib behind / back,man sees animal belly backbone side / rib behind / back
/ god milk jar offering jar to do / back make behind servant,servant to do / make offering jar milk jar behind / back god,servant to do / make offering jar milk jar behind / back god
above peace behind king / altar great god / offering / to big back give,king to give offering above peace / altar behind / back great / big god,king to give offering above peace / altar behind / back great / big god
carry with handle basket man offering,man carry basket with handle offering,man carry basket with handle offering
horizon (ba) star sky travel soul,soul (ba) travel sky star horizon,soul (ba) travel sky star horizon
riverbank behind lake / back swallow above / sees beautiful good river (great) scribe,scribe sees swallow (great) above lake behind / back beautiful / good riverbank river,scribe sees swallow (great) above lake behind / back beautiful / good riverbank river
behind listen great town back / hear big servant / / city authority / gate,servant hear / listen authority behind / back gate great / big city / town,servant hear / listen authority behind / back gate great / big city / town
man desert (to hare behind emerge hill slope back sees be) /,man sees desert hare (to be) emerge behind / back hill slope,man sees desert hare (to be) emerge behind / back hill slope
rope boat man tie river,man tie rope boat river,man tie rope boat river
/ mighty / people emerge behind city above gate back great,people emerge above gate behind / back great / mighty city,people emerge above gate behind / back great / mighty city
sit lotus riverbank plant woman,woman sit lotus plant riverbank,woman sit lotus plant riverbank
house sickle above brick town stone hoe chisel adze club,adze chisel sickle hoe club above stone brick house town,adze chisel sickle hoe club above brick stone house town
clump sees scribe swallow house papyrus emerge above owl road,scribe sees owl swallow emerge above papyrus clump house road,scribe sees owl swallow emerge above papyrus clump road house
back gate behind strong god great deity / sees / / power mighty city,god / deity sees strong power behind / back great / mighty gate city,god / deity sees strong power behind / back great / mighty gate city
(tills) as example) field (or like man servant / father plows,man plows (tills) field like / as (or example) servant father,man plows (tills) field like / as (or example) servant father
servant jar / thing eat speak bread drink sweet / milk of loaf,servant eat / drink / speak loaf of bread milk jar sweet thing,servant eat / drink / speak loaf of bread milk jar sweet thing
satisfy deity peace / heart / to give city god above people,god / deity to give peace / satisfy heart above people city,god / deity to give peace / satisfy heart above people city
life youth deity face upon (ankh) / give heart / above to god life,god / deity to give life (ankh) above face / upon youth heart life,god / deity to give life (ankh) above face / upon youth heart life
man without fear storm face,man face storm without fear,man face storm without fear
king to (no/not) give above city negation life town (ankh),king negation (no/not) to give life (ankh) above city town,king negation (no/not) to give life (ankh) above city town
sit judge throne king people,king sit throne judge people,king sit throne judge people
become youth like old man heart (or as father / example),youth become old man like / as (or example) father heart,youth become old man like / as (or example) father heart
retreat behind king to road town return back mountain / /,king to return / retreat behind / back mountain road town,king to return / retreat behind / back mountain road town
sweet peace smile heart woman,woman smile sweet heart peace,woman smile sweet heart peace
sky star above ka (spirit) great sees soul horizon (ba),ka (spirit) sees soul (ba) above sky horizon great star,ka (spirit) sees soul (ba) above sky horizon great star
lord like every listen people (or / / thing / as mighty example) great authority / hear,people hear / listen authority like / as (or example) great / mighty lord / every thing,people hear / listen authority like / as (or example) great / mighty god
back to behind west man return road / retreat mountain town /,man to return / retreat west mountain road behind / back town,man to return / retreat west mountain road behind / back town
birth / gives mother begets youth great above house stone,mother gives birth / begets youth above great stone house,mother gives birth / begets youth above great stone house
/ deity to offering mountain west great god / big to give king become above,king to give offering to become god / deity above great / big mountain west,king to give offering to become god / deity above great / big mountain west
sees handle scribe with above great papyrus scroll basket,scribe sees papyrus scroll above great basket with handle,scribe sees papyrus scroll above great basket with handle
people basket goods move town,people move goods basket town,people move goods basket town
road people big town house gate road bolt great stone door /,people gate door bolt house town road great / big stone road,people gate door bolt house town road great / big stone road
gate town gather people city,people gather gate city town,people gather gate city town
behind city / gate emerge road people great above back / mighty,people emerge above gate behind / back great / mighty city road,people emerge above road behind / back great / mighty city gate
life youth child sweet seated love woman,seated woman love child youth life sweet,seated woman love child youth life sweet
above horizon star place sky god,god place star sky above horizon,god place star sky above horizon
handle above temple sees basket scroll scribe papyrus with stone,scribe sees papyrus scroll above basket with handle stone temple,scribe sees papyrus scroll above basket with handle stone temple
begets youth / mother shelter gives reed house above birth,mother gives birth / begets youth above reed shelter house,mother gives birth / begets youth above reed shelter house
/ behind town stability sees beautiful power above back / sky (djed) / good king city,king sees stability (djed) power above sky behind / back beautiful / good city / town,king sees stability (djed) power above sky behind / back beautiful / good city / town
every lord opens / people gate house,lord / every house opens gate people,lord / every house opens gate people
soul (ba) heart beautiful / life upon satisfy / above face god peace,heart peace / satisfy soul (ba) above face / upon beautiful god life,heart peace / satisfy soul (ba) above face / upon beautiful god life
give jar life child milk mother,mother give milk jar child life,mother give milk jar child life
side great / sees backbone belly rib mountain / back man animal behind,man sees animal belly backbone side / rib behind / back great mountain,man sees animal belly backbone side / rib behind / back great mountain
water vessel woman ripple wash,woman wash vessel water ripple,woman wash vessel water ripple
stone / / door authority scribe listen back behind hear bolt,scribe hear / listen authority behind / back stone door bolt,scribe hear / listen authority behind / back stone door bolt
house writing stool / papyrus / stone above / scroll scribe mat big great scribe,scribe writing / scribe papyrus scroll above stone stool / mat great / big house,scribe writing / scribe papyrus scroll above stone stool / mat great / big house
big house great sees skins behind / vessel / scribe back above fox three stone,scribe sees three fox skins above vessel behind / back great / big stone house,scribe sees three fox skins above vessel behind / back great / big stone house
(spirit) / (djed) ka upon above power stability king face,stability (djed) power ka (spirit) above face / upon king,stability (djed) power ka (spirit) above face / upon king
(or (ba) as soul like emerge above example) sky / big mountain,soul (ba) emerge above mountain like / as (or example) big sky,soul (ba) emerge above mountain like / as (or example) big sky
milk speak behind / drink / eat / back stone woman sweet house jar,woman eat / drink / speak sweet milk jar behind / back stone house,woman eat / drink / speak sweet milk jar behind / back stone house
leader road follow journey people,people follow leader road journey,people follow leader road journey
sees mighty above king club / strength mountain great / force,king sees strength / force above great / mighty club mountain,king sees strength / force above great / mighty club mountain
/ road to mountain man hill road west back / behind return slope retreat,man to return / retreat west mountain road behind / back hill slope road,man to return / retreat west mountain road behind / back hill slope road
sweet of milk bread jar / eat ka (spirit) / loaf speak drink,ka (spirit) eat / drink / speak loaf of bread milk sweet jar,ka (spirit) eat / drink / speak loaf of bread milk sweet jar
town stone / / behind back temple city house youth venerated become marrow road,youth become venerated / marrow behind / back stone temple house road city town,youth become venerated / marrow behind / back stone temple house road city town
youth (or / venerated example) father man become like old as,youth become old man like / as (or example) venerated father,youth become old man like / as (or example) venerated father
woman milk jar child life carry,woman carry milk jar child life,woman carry milk jar child life
great gate town stone road bolt city door people house big / city,people gate door bolt city town great / big house stone road city,people gate door bolt city town great / big house stone road city
/ field do (tills) work grain pellet man plows,man do work field plows (tills) grain / pellet,man do work field plows (tills) grain / pellet
sees beautiful stability (djed) / sky power town back / behind / good above king city,king sees stability (djed) power above sky behind / back beautiful / good city / town,king sees stability (djed) power above sky behind / back beautiful / good city / town
death body leave after soul,soul leave body after death,soul leave body after death
upon (djed) town / gate (spirit) stability city above face ka power king,stability (djed) power ka (spirit) above face / upon king city town gate,stability (djed) power ka (spirit) above face / upon king city town gate
great adze king mighty / back behind road above stone temple chisel sees /,king sees adze chisel above stone behind / back great / mighty temple road,king sees adze chisel above stone behind / back great / mighty temple road
back people / eat sweet speak grain behind house pellet / stone drink / /,people eat / drink / speak sweet grain / pellet behind / back stone house,people eat / drink / speak sweet grain / pellet behind / back stone house
behind sees lake above plant lotus back plant / woman,woman sees lotus plant above lake behind / back plant,woman sees lotus plant above lake behind / back plant
hear authority mighty house back road great / behind listen / servant / gate,servant hear / listen authority behind / back great / mighty gate house road,servant hear / listen authority behind / back great / mighty gate house road
great / strength club behind desert / mighty sees / above mountain force back king,king sees strength / force above great / mighty club behind / back mountain desert,king sees strength / force above great / mighty club behind / back mountain desert
man animal rope hold rope tethering,man hold rope tethering rope animal,man hold rope tethering rope animal
road clump owl above swallow house scribe emerge sees papyrus,scribe sees owl swallow emerge above papyrus clump road house,scribe sees owl swallow emerge above papyrus clump house road
field man riverbank behind hoe above back sees / sickle,man sees sickle hoe above field behind / back riverbank,man sees sickle hoe above field behind / back riverbank
horned above hill man desert sees slope mountain emerge viper snake hill,man sees horned viper snake emerge above desert hill hill slope mountain,man sees horned viper snake emerge above desert hill hill slope mountain
father / as example) / youth become (or like venerated marrow,youth become venerated / marrow like / as (or example) father,youth become venerated / marrow like / as (or example) father
good clump beautiful quail field / emerge lake chick river papyrus above,quail chick emerge above beautiful / good papyrus clump field lake river,quail chick emerge above beautiful / good papyrus clump field lake river
love child seated woman youth life sweet,seated woman love child youth life sweet,seated woman love child youth life sweet
book scroll basket / city writing scribe scribe above papyrus,scribe writing / scribe papyrus scroll book above basket city,scribe writing / scribe papyrus scroll book above basket city
god / hear back listen deity / / good heart life beautiful / behind,god / deity hear / listen heart behind / back beautiful / good life,god / deity hear / listen heart behind / back beautiful / good life
man love sweet seated woman heart,seated woman love man heart sweet,seated woman love man heart sweet
god altar jar offering give / / to life deity peace vessel,god / deity to give peace / altar offering jar vessel life,god / deity to give peace / altar offering jar vessel life
house sickle back sees brick behind / adze man chisel hoe,man sees sickle hoe adze chisel behind / back brick house,man sees sickle hoe adze chisel behind / back brick house
/ people back city door stone behind / road town gate bolt,people gate door bolt city / town behind / back stone road,people gate door bolt city / town behind / back stone road
behind road rope man coil of back sees above /,man sees coil of rope above road behind / back,man sees coil of rope above road behind / back
sky horizon emerge sees great soul above mighty star (ba) / deity god,god / deity sees soul (ba) emerge above sky horizon star great mighty,god / deity sees soul (ba) emerge above sky horizon star great / mighty
do back road / scribe beautiful good make to / riverbank writing / behind scribe /,scribe to do / make writing / scribe behind / back beautiful / good riverbank road,scribe to do / make writing / scribe behind / back beautiful / good riverbank road
king messenger town word send,king send word messenger town,king send word messenger town
behind sees chisel / adze back above king stone temple,king sees adze chisel above stone behind / back temple,king sees adze chisel above stone behind / back temple
/ / above / sweet house basket woman eat speak pellet drink grain,woman eat / drink / speak sweet grain / pellet above basket house,woman eat / drink / speak sweet grain / pellet above basket house
adze house brick stone club chisel hoe sickle town above,adze chisel sickle hoe club above stone brick house town,adze chisel sickle hoe club above stone brick house town
life (ankh) back to altar beautiful king behind / give,king to give life (ankh) behind / back beautiful altar,king to give life (ankh) behind / back beautiful altar
grain land bless field god,god bless land field grain,god bless land field grain
old beneath man sky sit,old man sit beneath sky,old man sit beneath sky
peace house door opens deity / god bolt,god / deity opens door bolt house peace,god / deity opens door bolt house peace
/ papyrus mat above / scribe stool city scribe scroll writing stone,scribe writing / scribe papyrus scroll above stone stool / mat city,scribe writing / scribe papyrus scroll above stone stool / mat city
above mat writing scroll / stool / scribe book papyrus scribe,scribe writing / scribe papyrus scroll book above stool / mat,scribe writing / scribe papyrus scroll book above stool / mat
sees (lord above book stone / scribe house basket behind / back all),scribe sees book above basket (lord / all) behind / back stone house,scribe sees book above basket (lord / all) behind / back stone house
give jar jar offering king milk above to altar,king to give offering jar milk jar above altar,king to give offering jar milk jar above altar
/ gives good youth (or like / sky above / as birth horizon begets mother beautiful example) star,mother gives birth / begets youth like / as (or example) beautiful / good star above sky horizon,mother gives birth / begets youth like / as (or example) beautiful / good star above sky horizon
rise west above soul mountain,soul rise above mountain west,soul rise above mountain west
people deity / above to god satisfy peace give heart /,god / deity to give peace / satisfy heart above people,god / deity to give peace / satisfy heart above people
writing scribe scroll stool / scribe papyrus / book above city mat,scribe writing / scribe papyrus scroll book above stool / mat city,scribe writing / scribe papyrus scroll book above stool / mat city
rise sky light (ba) soul,soul (ba) rise sky light,soul (ba) rise sky light
(king) power king crown sedge wear,king wear sedge (king) crown power,king wear sedge (king) crown power
/ behind sky satisfy do back great god / peace above make to / heart / big horizon,god to do / make peace / satisfy heart above sky behind / back great / big horizon,god to do / make peace / satisfy heart above sky behind / back great / big horizon
sees / / back house town brick stone city above adze behind scribe chisel,scribe sees adze chisel above brick stone behind / back house city / town,scribe sees adze chisel above brick stone behind / back house city / town
/ gate back writing behind scribe / to above scribe city do make stone / town,scribe to do / make writing / scribe above stone behind / back city town gate,scribe to do / make writing / scribe above stone behind / back city town gate
/ / stone house behind drink / people grain eat speak / pellet sweet back,people eat / drink / speak sweet grain / pellet behind / back stone house,people eat / drink / speak sweet grain / pellet behind / back stone house
above sees handle house behind man basket cobra / with stone back,man sees cobra above basket with handle behind / back stone house,man sees cobra above basket with handle behind / back stone house
old stone house sees youth become mother / man back behind,mother sees youth become old man behind / back stone house,mother sees youth become old man behind / back stone house
give mother jar milk life child,mother give milk jar child life,mother give milk jar child life
road cross hill desert people,people cross road desert hill,people cross road desert hill
heart hear voice man storm fear,man hear voice heart fear storm,man hear voice heart fear storm
town gate big behind / city / hear / listen servant back / authority great,servant hear / listen authority behind / back gate great / big city / town,servant hear / listen authority behind / back gate great / big city / town
/ road town bolt city stone road door people above gate,people gate door bolt city / town above stone road road,people gate door bolt city / town above stone road road
maat heart god truth watch,god watch heart truth maat,god watch heart truth maat
strong power force / god great strength,god power strength / force strong great,god power strength / force strong great
summon people king city square,king summon people city square,king summon people city square
example) man house field plows / (or like as behind father (tills),man plows (tills) field like / as (or example) father behind house,man plows (tills) field like / as (or example) father behind house
skins scribe three / back above fox behind sees vessel,scribe sees three fox skins above vessel behind / back,scribe sees three fox skins above vessel behind / back
hear road back behind king / city authority listen gate /,king hear / listen authority behind / back gate city road,king hear / listen authority behind / back gate city road
truth king maat judge case,king judge case truth maat,king judge case truth maat
back behind / fire desert hill road mountain storm above,storm fire above mountain behind / back desert hill road,storm fire above mountain behind / back desert hill road
temple celebrate peace altar people,people celebrate peace altar temple,people celebrate peace altar temple
behind adze chisel / stone man sees sickle hoe house back,man sees sickle hoe adze chisel behind / back stone house,man sees sickle hoe adze chisel behind / back stone house
king god throne above city gate / great seated king / back behind,king seated god / king above throne behind / back great gate city,king seated god / king above throne behind / back great gate city
(or god example) listen like authority scribe / / hear as,scribe hear / listen authority like / as (or example) god,scribe hear / listen authority like / as (or example) god
behind / house scribe fox three back skins above vessel sees,scribe sees three fox skins above vessel behind / back house,scribe sees three fox skins above vessel behind / back house
temple road behind old back youth city man town / become stone,youth become old man behind / back stone temple city town road,youth become old man behind / back stone temple city town road
lift every offering man lord basket,man lift basket lord every offering,man lift basket lord every offering
beautiful like / begets youth (or birth as mother example) / star gives,mother gives birth / begets youth like / as (or example) beautiful star,mother gives birth / begets youth like / as (or example) beautiful star
example) / all as authority servant / (or hear like lord / listen,servant hear / listen authority like / as (or example) lord / all,servant hear / listen authority like / as (or example) lord / all
west (ba) hill underground return soul mountain,soul (ba) return underground west mountain hill,soul (ba) return underground west mountain hill
build shape chisel stone wall man,man shape stone chisel build wall,man shape stone chisel build wall
reed youth shelter emerge above city beautiful stone / mother good sees house,mother sees youth emerge above beautiful / good reed shelter stone house city,mother sees youth emerge above beautiful / good reed shelter stone house city
as plows (or field example) good man servant beautiful (tills) / father like /,man plows (tills) field like / as (or example) beautiful / good servant father,man plows (tills) field like / as (or example) beautiful / good servant father
town city gather gate people,people gather gate city town,people gather gate city town
face upon to above king (ankh) / life give people,king to give life (ankh) above face / upon people,king to give life (ankh) above face / upon people
jar / speak loaf drink of eat sweet / (spirit) house milk stone bread ka,ka (spirit) eat / drink / speak loaf of bread milk jar sweet stone house,ka (spirit) eat / drink / speak loaf of bread milk jar sweet stone house
example) truth star / like god sees beautiful deity (or as /,god / deity sees truth like / as (or example) beautiful star,god / deity sees truth like / as (or example) beautiful star
love heart feather (truth/maat) god maat,god love maat feather (truth/maat) heart,god love maat feather (truth/maat) heart
god great / strength force power strong,god power strength / force strong great,god power strength / force strong great
to god face above (djed) king deity give stability power /,god / deity to give stability (djed) power above king face,god / deity to give stability (djed) power above king face
woman basket / house / speak grain eat above / drink pellet sweet,woman eat / drink / speak sweet grain / pellet above basket house,woman eat / drink / speak sweet grain / pellet above basket house
life ankh grant people god,god grant life ankh people,god grant life ankh people
stone gives youth mother above birth house / great begets,mother gives birth / begets youth above great stone house,mother gives birth / begets youth above great stone house
/ heart / life deity feather above (truth/maat) beautiful face god good sees upon /,god / deity sees feather (truth/maat) above face / upon beautiful / good heart life,god / deity sees feather (truth/maat) above face / upon beautiful / good heart life
emerge town gate / above people / / great city road behind mighty back,people emerge above gate behind / back great / mighty city / town road,people emerge above gate behind / back great / mighty city / town road
bolt door big house gate / great road people stone / city town,people gate door bolt city / town great / big house stone road,people gate door bolt city / town great / big house stone road
beautiful scribe to scribe city / behind riverbank make / writing good / / back do,scribe to do / make writing / scribe behind / back beautiful / good riverbank city,scribe to do / make writing / scribe behind / back beautiful / good riverbank city
papyrus sees scribe / scroll behind above temple stone basket handle with back,scribe sees papyrus scroll above basket with handle behind / back stone temple,scribe sees papyrus scroll above basket with handle behind / back stone temple
like / man field plows as (tills) stone father example) (or,man plows (tills) field like / as (or example) father stone,man plows (tills) field like / as (or example) father stone
mountain god back / good star / river behind beautiful sees,god sees beautiful / good star behind / back mountain river,god sees beautiful / good star behind / back mountain river
peace vessel heart to jar give / deity god ankh altar / offering life,god / deity to give peace / altar offering jar vessel heart life ankh,god / deity to give peace / altar offering jar vessel heart life ankh
/ shelter reed mother sweet bread back loaf house behind of woman youth,woman mother youth behind / back reed shelter house sweet loaf of bread,woman mother youth behind / back reed shelter sweet loaf of bread house
back lotus chick / plant swallow (great) lake river above behind quail youth sees,youth sees quail chick swallow (great) above lotus plant behind / back river lake,youth sees quail chick swallow (great) above lotus plant behind / back river lake
deity sees youth above beautiful / (truth/maat) good / upon / god face feather thing,god / deity sees feather (truth/maat) above face / upon beautiful / good youth thing,god / deity sees feather (truth/maat) above face / upon beautiful / good youth thing
life back give to (ankh) / beautiful behind altar king,king to give life (ankh) behind / back beautiful altar,king to give life (ankh) behind / back beautiful altar
god fear storm fire send,god send storm fire fear,god send storm fire fear
/ life beautiful to behind / king altar back good (ankh) give,king to give life (ankh) behind / back beautiful / good altar,king to give life (ankh) behind / back beautiful / good altar
scribe scribe / writing stool city mat above book papyrus scroll /,scribe writing / scribe papyrus scroll book above stool / mat city,scribe writing / scribe papyrus scroll book above stool / mat city
king give city (no/not) to life town above negation (ankh),king negation (no/not) to give life (ankh) above city town,king negation (no/not) to give life (ankh) above city town
scroll (or stool scribe like scribe book as example) papyrus writing / /,scribe writing / scribe papyrus scroll book like / as (or example) stool,scribe writing / scribe papyrus scroll book like / as (or example) stool
skins / house above fox sees back scribe stone vessel behind three,scribe sees three fox skins above vessel behind / back stone house,scribe sees three fox skins above vessel behind / back stone house
/ offering milk jar to make servant vessel jar do,servant to do / make offering jar milk jar vessel,servant to do / make offering jar milk jar vessel
/ example) as horizon (or (ba) soul like star sky emerge above,soul (ba) emerge above sky like / as (or example) star horizon,soul (ba) emerge above horizon like / as (or example) star sky
god stability / power face (djed) city deity sees / upon king above town,god / deity sees stability (djed) power above face / upon king city town,god / deity sees stability (djed) power above face / upon king city town
listen like / (or god authority as / example) scribe hear,scribe hear / listen authority like / as (or example) god,scribe hear / listen authority like / as (or example) god
beautiful back good woman sees lotus lake plant above / plant river / behind,woman sees lotus plant above lake behind / back beautiful / good plant river,woman sees lotus plant above lake behind / back beautiful / good plant river
brick to back / city / writing scribe make stone scribe / behind do above,scribe to do / make writing / scribe above brick stone behind / back city,scribe to do / make writing / scribe above brick stone behind / back city
field (tills) plows house like servant man (or / example) as,man plows (tills) field like / as (or example) servant house,man plows (tills) field like / as (or example) servant house
sees mat behind above senet / stool / board city house scribe back stone,scribe sees senet board above stool / mat behind / back stone house city,scribe sees senet board above stool / mat behind / back stone house city
woman sweet man heart love seated,seated woman love man heart sweet,seated woman love man heart sweet
house (satisfied) / woman content peace man love life,man love woman life house peace / content (satisfied),man love woman life house peace / content (satisfied)
big great temple back / behind / marrow become hill / above venerated youth horizon,youth become venerated / marrow behind / back great / big temple above hill horizon,youth become venerated / marrow behind / back great / big temple above hill horizon
sweet / drink / / house basket above grain eat woman speak beautiful pellet,woman eat / drink / speak sweet grain / pellet above beautiful basket house,woman eat / drink / speak sweet grain / pellet above beautiful basket house
above to do scribe writing city / stone brick make scribe /,scribe to do / make writing / scribe above brick stone city,scribe to do / make writing / scribe above brick stone city
people desert road lead king,king lead people road desert,king lead people road desert
strength behind mighty great / / / mountain king force desert back above sees club,king sees strength / force above great / mighty club behind / back mountain desert,king sees strength / force above great / mighty club behind / back mountain desert
follow star (ba) soul sky,soul (ba) follow star sky,soul (ba) follow star sky
scribe sees handle basket above great papyrus scroll with,scribe sees papyrus scroll above great basket with handle,scribe sees papyrus scroll above great basket with handle
people build brick stone house,people build house brick stone,people build house brick stone
power land strength protect king,king protect land power strength,king protect land power strength
house birth stool youth above / mat / begets mother gives,mother gives birth / begets youth above stool / mat house,mother gives birth / begets youth above stool / mat house
town youth father road guide,father guide youth road town,father guide youth road town
horizon god / / sees great emerge sky above (ba) mighty soul deity,god / deity sees soul (ba) emerge above sky great / mighty horizon,god / deity sees soul (ba) emerge above sky great / mighty horizon
/ back listen hear behind / mighty / deity heart god stone,god / deity hear / listen heart behind / back mighty stone,god / deity hear / listen heart behind / back mighty stone
sees man slope above emerge be) hare desert desert hill (to,man sees desert hare (to be) emerge above desert hill slope,man sees desert hare (to be) emerge above desert hill slope
back riverbank road behind scribe writing make / to / / do / scribe good beautiful,scribe to do / make writing / scribe behind / back beautiful / good riverbank road,scribe to do / make writing / scribe behind / back beautiful / good riverbank road
back writing / scribe good / do scribe / city beautiful riverbank behind / to make,scribe to do / make writing / scribe behind / back beautiful / good riverbank city,scribe to do / make writing / scribe behind / back beautiful / good riverbank city
(or writing example) scribe mat papyrus scribe / scroll stool as / house book like,scribe writing / scribe papyrus scroll book like / as (or example) stool mat house,scribe writing / scribe papyrus scroll book like / as (or example) stool mat house
soul world observe ba silently,soul ba observe world silently,soul ba observe world silently
vessel altar give peace to deity / jar / god offering,god / deity to give peace / altar offering jar vessel,god / deity to give peace / altar offering jar vessel
jar altar to jar give offering above peace stone king / milk,king to give offering jar milk jar above stone peace / altar,king to give offering jar milk jar above stone peace / altar
mother / gives stone youth birth begets stool above house good west beautiful mat / /,mother gives birth / begets youth above beautiful / good stool / mat stone house west,mother gives birth / begets youth above beautiful / good stool / mat stone house west
man side rib mountain / behind back belly / backbone animal sees,man sees animal belly backbone side / rib behind / back mountain,man sees animal belly backbone side / rib behind / back mountain
father (or man as (tills) / example) field plows like stone,man plows (tills) field like / as (or example) father stone,man plows (tills) field like / as (or example) father stone
/ to house scribe make stone town / scroll do papyrus writing above scribe,scribe to do / make writing / scribe above papyrus scroll stone house town,scribe to do / make writing / scribe above papyrus scroll stone house town
to / give face above deity (ankh) / god life upon,god / deity to give life (ankh) above face / upon,god / deity to give life (ankh) above face / upon
lake behind (great) beautiful sees good above back swallow / scribe / riverbank river,scribe sees swallow (great) above lake behind / back beautiful / good riverbank river,scribe sees swallow (great) above lake behind / back beautiful / good riverbank river
speak mother words gentle heart,mother speak gentle words heart,mother speak gentle words heart
do behind jar back / to / jar milk servant make offering,servant to do / make offering jar milk jar behind / back,servant to do / make offering jar milk jar behind / back
seated sweet youth child woman life love,seated woman love child youth life sweet,seated woman love child youth life sweet
(great) swallow youth / lake back sees above behind river,youth sees swallow (great) above lake behind / back river,youth sees swallow (great) above lake behind / back river
above emerge be) / sees back road man (to behind hill desert desert mountain hare,man sees desert hare (to be) emerge behind / back desert hill above mountain road,man sees desert hare (to be) emerge behind / back desert hill above mountain road
stability king face to people (djed) above give power,king to give stability (djed) power above face people,king to give stability (djed) power above face people
great west become sees / god sky horizon deity / mother youth big,mother sees youth become great / big god / deity sky horizon west,mother sees youth become great / big god / deity sky horizon west
sees stone (djed) stability power / upon house king above face,king sees stability (djed) power above face / upon stone house,king sees stability (djed) power above face / upon stone house
senet board town sees house / scribe above mat stool,scribe sees senet board above stool / mat house town,scribe sees senet board above stool / mat house town
behind back life king to beautiful / altar give (ankh),king to give life (ankh) behind / back beautiful altar,king to give life (ankh) behind / back beautiful altar
scribe town scroll / make above to scribe do writing house / stone papyrus,scribe to do / make writing / scribe above papyrus scroll stone house town,scribe to do / make writing / scribe above papyrus scroll stone house town
river behind plant chick / swallow above (great) lake back lotus youth quail sees,youth sees quail chick swallow (great) above lotus plant behind / back river lake,youth sees quail chick swallow (great) above lotus plant behind / back river lake
(great) lake youth sees / swallow back good above / beautiful behind river,youth sees swallow (great) above lake behind / back beautiful / good river,youth sees swallow (great) above lake behind / back beautiful / good river
above coil riverbank rope behind sees man road of / back,man sees coil of rope above road behind / back riverbank,man sees coil of rope above road behind / back riverbank
listen power god hear fear / old man heart,old man hear / listen heart fear god power,old man hear / listen heart fear god power
above (ankh) give ka life to life man heart thing (spirit),ka (spirit) to give life (ankh) above heart man life thing,ka (spirit) to give life (ankh) above heart man life thing
mountain to man retreat / road / return behind hill back west,man to return / retreat west mountain road behind / back hill,man to return / retreat west mountain road behind / back hill
return / retreat road back / king behind town west to mountain,king to return / retreat west mountain road behind / back town,king to return / retreat west mountain road behind / back town
/ heart good content sees back / peace / father behind life thing (satisfied) (ankh) beautiful,father sees heart peace / content (satisfied) behind / back beautiful / good life (ankh) thing,father sees heart peace / content (satisfied) behind / back beautiful / good life (ankh) thing
upon stability (djed) king ka face / / god seated power above king (spirit),stability (djed) power ka (spirit) above face / upon seated god / king king,stability (djed) power ka (spirit) above face / upon seated god / king king
(ba) soul above deity sky god sees star / horizon great,god / deity sees soul (ba) above star sky horizon great,god / deity sees soul (ba) above star sky horizon great
/ / / / face star deity beautiful above good become scarab god sees horizon upon,god / deity sees scarab / become above face / upon beautiful / good horizon star,god / deity sees scarab / become above face / upon beautiful / good horizon star
life satisfied man water drink,man drink water life satisfied,man drink water life satisfied
above mountain great good god sees beautiful star horizon /,great god sees beautiful / good star above mountain horizon,great god sees beautiful / good star above mountain horizon
(or authority / like example) listen king as / great scribe hear,scribe hear / listen authority like / as (or example) great king,scribe hear / listen authority like / as (or example) great king
life face youth / life god heart (ankh) give to upon deity above /,god / deity to give life (ankh) above face / upon youth heart life,god / deity to give life (ankh) above face / upon youth heart life
man back chisel hoe sickle adze behind / brick sees house,man sees sickle hoe adze chisel behind / back brick house,man sees sickle hoe adze chisel behind / back brick house
soul sky star big as / like (or great hear example) god heart (ba) above /,god hear heart soul (ba) above sky like / as (or example) great / big star,god hear heart soul (ba) above sky like / as (or example) great / big star
town gather gate people city,people gather gate city town,people gather gate city town
road hill horned above (to viper hare mountain snake desert be) desert,desert hare (to be) horned viper snake above desert hill mountain road,desert hare (to be) horned viper snake above desert hill mountain road
(lord above scribe back / all) sees basket behind city book /,scribe sees book above basket (lord / all) behind / back city,scribe sees book above basket (lord / all) behind / back city
mighty deity / / / god back hear heart great stone behind / listen,god / deity hear / listen heart behind / back great / mighty stone,god / deity hear / listen heart behind / back great / mighty stone
clump field chick above quail emerge papyrus sees scribe,scribe sees quail chick emerge above papyrus clump field,scribe sees quail chick emerge above papyrus clump field
above seated / / great back behind king throne mighty gate king god /,king seated god / king above throne behind / back great / mighty gate,king seated god / king above throne behind / back great / mighty gate
loaf of speak / sweet bread milk / jar eat drink servant,servant eat / drink / speak milk jar sweet loaf of bread,servant eat / drink / speak milk jar sweet loaf of bread
/ face upon above / / deity god sees horizon scarab become,god / deity sees scarab / become above face / upon horizon,god / deity sees scarab / become above face / upon horizon
scroll papyrus book mat scribe scribe / / stool above writing,scribe writing / scribe papyrus scroll book above stool / mat,scribe writing / scribe papyrus scroll book above stool / mat
servant / make stool / do to basket gate mat house above all) / (lord,servant to do / make basket (lord / all) above stool / mat house gate,servant to do / make basket (lord / all) above stool / mat house gate
strength king command army force,king command army strength force,king command army strength force
life child jar woman milk carry,woman carry milk jar child life,woman carry milk jar child life
god above life rise power horizon,god rise above horizon life power,god rise above horizon life power
above man / behind sees great heart city back god,god sees heart above man behind / back great city,god sees heart above man behind / back great city
god upon beautiful sees deity / / above truth face / man good,god / deity sees truth above face / upon beautiful / good man,god / deity sees truth above face / upon beautiful / good man
with care child tend woman,woman tend child with care,woman tend child with care
west back king hill mountain behind to retreat return / road /,king to return / retreat west mountain road behind / back hill,king to return / retreat west mountain road behind / back hill
mountain / behind return retreat back to road king / hill west,king to return / retreat west mountain road behind / back hill,king to return / retreat west mountain road behind / back hill
road back / sees of rope coil behind man above,man sees coil of rope above road behind / back,man sees coil of rope above road behind / back
underground gate soul west cross,soul cross gate west underground,soul cross gate west underground
gate people road bolt behind town / door city / stone back,people gate door bolt city / town behind / back stone road,people gate door bolt city / town behind / back stone road
seat throne power rise king,king rise seat throne power,king rise seat throne power
beautiful good clump youth / above emerge quail chick sees field papyrus,youth sees quail chick emerge above beautiful / good papyrus clump field,youth sees quail chick emerge above beautiful / good papyrus clump field
beautiful lake / lotus behind river back woman good sees above plant /,woman sees lotus plant above lake behind / back beautiful / good river,woman sees lotus plant above lake behind / back beautiful / good river
stability strong king / throne great (djed) mighty he power /,he / king power strong great / mighty throne stability (djed),he / king power strong great / mighty throne stability (djed)
beautiful / / as good like star example) youth (or sees mother,mother sees youth like / as (or example) beautiful / good star,mother sees youth like / as (or example) beautiful / good star
great mighty / / above seated back behind throne gate / king king god,king seated god / king above throne behind / back great / mighty gate,king seated god / king above throne behind / back great / mighty gate
stone bolt sees house road brick door above town scribe,scribe sees door bolt above brick stone house town road,scribe sees door bolt above brick stone house town road
like emerge soul great big swallow sky example) horizon (or above / / (ba) as,soul (ba) emerge above sky like / as (or example) great / big swallow horizon,soul (ba) emerge above sky like / as (or example) great / big swallow horizon
twisted rope woman flax braid,woman braid twisted flax rope,woman braid twisted flax rope
/ king peace stone offering milk above give jar temple jar altar to,king to give offering jar milk jar above stone peace / altar temple,king to give offering jar milk jar above stone peace / altar temple
dawn body soul at return,soul return body at dawn,soul return body at dawn
above field papyrus clump sees scribe owl swallow lake,scribe sees owl swallow above papyrus clump field lake,scribe sees owl swallow above papyrus clump field lake
beautiful sees king good above city great / riverbank / town,king sees great riverbank above beautiful / good city / town,king sees great riverbank above beautiful / good city / town
star god west sky / sees horizon above deity,god / deity sees sky star above horizon west,god / deity sees sky star above horizon west
behind temple become scribe sees back father / big youth / great,father sees youth become great / big scribe behind / back temple,father sees youth become great / big scribe behind / back temple
town back city beautiful / behind / sees / servant good house,servant sees house behind / back beautiful / good city / town,servant sees house behind / back beautiful / good city / town
hear behind thing listen servant life good / (ankh) / / heart beautiful back,servant hear / listen heart behind / back beautiful / good life (ankh) thing,servant hear / listen heart behind / back beautiful / good life (ankh) thing
big father scribe temple become youth great behind sees /,father sees youth become great / big scribe behind temple,father sees youth become great / big scribe behind temple
/ heart to peace people god above town satisfy gate deity city / give,god / deity to give peace / satisfy heart above people city town gate,god / deity to give peace / satisfy heart above people city town gate
horned above hill viper emerge mountain sees hill desert man snake slope,man sees horned viper snake emerge above desert hill hill slope mountain,man sees horned viper snake emerge above desert hill hill slope mountain
youth / as / venerated example) marrow (or become like father,youth become venerated / marrow like / as (or example) father,youth become venerated / marrow like / as (or example) father
store rack jars woman grain,woman store grain jars rack,woman store grain jars rack
peace god satisfy face upon / (ba) life soul above / heart deity,heart peace / satisfy soul (ba) above face / upon god deity life,heart peace / satisfy soul (ba) above face / upon god deity life
order stability djed land set god,god set order stability djed land,god set order stability djed land
eat / / speak basket sweet beautiful woman / / pellet drink good grain above house,woman eat / drink / speak sweet grain / pellet above beautiful / good basket house,woman eat / drink / speak sweet grain / pellet above beautiful / good basket house
god (ba) above sky deity sees / soul star great horizon,god / deity sees soul (ba) above star sky horizon great,god / deity sees soul (ba) above star sky horizon great
rule power king authority people,king rule people power authority,king rule people power authority
sees (no/not) door stone negation house scribe above bolt,scribe negation (no/not) sees door bolt above stone house,scribe negation (no/not) sees door bolt above stone house
/ father example) plows servant field like (or as (tills) man,man plows (tills) field like / as (or example) servant father,man plows (tills) field like / as (or example) servant father
to vessel make / jar milk do jar servant offering,servant to do / make offering jar milk jar vessel,servant to do / make offering jar milk jar vessel
sky great (spirit) ka above (ba) star soul horizon sees,ka (spirit) sees soul (ba) above sky horizon great star,ka (spirit) sees soul (ba) above sky horizon great star
force man lift strength stone,man lift stone strength force,man lift stone strength force
people judge king maat truth,king judge people truth maat,king judge people truth maat
face king (truth/maat) above / great god feather deity / sees / upon mighty,god / deity sees feather (truth/maat) above face / upon great / mighty king,god / deity sees feather (truth/maat) above face / upon great / mighty king
/ senet basket board coil of rope all) seat (lord,senet board coil of rope basket (lord / all) seat,senet board coil of rope basket with handle seat
/ example) youth gives as mother / (or birth like star begets,mother gives birth / begets youth like / as (or example) star,mother gives birth / begets youth like / as (or example) star
drink of jar / speak eat / loaf milk sweet bread woman,woman eat / drink / speak loaf of bread milk jar sweet,woman eat / drink / speak loaf of bread milk jar sweet
upon skins fox mat stool sees above face / / three scribe,scribe sees three fox skins above face / upon stool / mat,scribe sees three fox skins above face / upon stool / mat
(djed) to people power king above give stability city,king to give stability (djed) power above people city,king to give stability (djed) power above people city
hill man back (to sees / desert emerge above desert hare behind be) road mountain,man sees desert hare (to be) emerge behind / back desert hill above mountain road,man sees desert hare (to be) emerge behind / back desert hill above mountain road
milk bread / servant sweet speak / jar loaf drink eat,servant eat / drink / speak milk jar sweet loaf bread,servant eat / drink / speak milk jar sweet loaf bread
temple people god offering praise,people praise god temple offering,people praise god temple offering
above clump road emerge / house hear papyrus scribe listen owl,scribe hear / listen owl emerge above papyrus clump road house,scribe hear / listen owl emerge above papyrus clump road house
road papyrus scribe sees emerge swallow house owl above clump,scribe sees owl swallow emerge above papyrus clump road house,scribe sees owl swallow emerge above papyrus clump house road
above negation sees stone house (no/not) bolt door scribe,scribe negation (no/not) sees door bolt above stone house,scribe negation (no/not) sees door bolt above stone house
walk slowly man road old,old man walk slowly road,old man walk slowly road
rope tethering animal man rope hold,man hold rope tethering rope animal,man hold rope tethering rope animal
tool stone man strike adze,man strike stone adze tool,man strike stone adze tool
horizon man reach end road,man reach horizon end road,man reach horizon end road
birth / above stool house stone gives youth mother / mat begets,mother gives birth / begets youth above stool / mat stone house,mother gives birth / begets youth above stool / mat stone house
lake people peace rest riverbank,people rest lake riverbank peace,people rest lake riverbank peace
god door peace house / deity bolt opens,god / deity opens door bolt house peace,god / deity opens door bolt house peace
sees lake youth / above back (great) swallow river behind,youth sees swallow (great) above lake behind / back river,youth sees swallow (great) above lake behind / back river
back / drink eat jar / milk / house speak woman behind stone sweet,woman eat / drink / speak sweet milk jar behind / back stone house,woman eat / drink / speak sweet milk jar behind / back stone house
/ make behind scribe scribe good to riverbank / do / city beautiful back writing /,scribe to do / make writing / scribe behind / back beautiful / good riverbank city,scribe to do / make writing / scribe behind / back beautiful / good riverbank city
return west road to mountain town / / man back retreat behind,man to return / retreat west mountain road behind / back town,man to return / retreat west mountain road behind / back town
river beautiful man field good (tills) plows riverbank / / behind back,man plows (tills) field behind / back beautiful / good riverbank river,man plows (tills) field behind / back beautiful / good riverbank river
king (no/not) scribe above / house hear listen negation authority,scribe negation (no/not) hear / listen authority above king house,scribe negation (no/not) hear / listen authority above king house
deity temple / back / god stone behind (truth/maat) / feather sees mighty great,god / deity sees feather (truth/maat) behind / back great / mighty stone temple,god / deity sees feather (truth/maat) behind / back great / mighty stone temple
of house ka sweet drink stone eat jar speak loaf (spirit) / bread / milk,ka (spirit) eat / drink / speak loaf of bread milk jar sweet stone house,ka (spirit) eat / drink / speak loaf of bread milk jar sweet stone house
riverbank back / man plows field beautiful / (tills) good behind,man plows (tills) field behind / back beautiful / good riverbank,man plows (tills) field behind / back beautiful / good riverbank
handle scribe with three fox basket house above skins sees,scribe sees three fox skins above basket with handle house,scribe sees three fox skins above basket with handle house
town people / great city / gate house behind bolt big back door /,people gate door bolt city / town behind / back great / big house,people gate door bolt city / town behind / back great / big house
altar behind give to back king / / above peace offering god,king to give offering above peace / altar behind / back god,king to give offering above peace / altar behind / back god
face authority king upon above hear listen / scribe great /,scribe hear / listen authority above face / upon great king,scribe hear / listen authority above face / upon great king
peace king altar to / give offering temple gate above stone,king to give offering above stone peace / altar temple gate,king to give offering above stone peace / altar temple gate
/ / sees swallow beautiful behind (great) lake youth good river back above,youth sees swallow (great) above lake behind / back beautiful / good river,youth sees swallow (great) above lake behind / back beautiful / good river
authority power people rule king,king rule people power authority,king rule people power authority
to make altar servant jar above milk jar offering / do,servant to do / make offering jar milk jar above altar,servant to do / make offering jar milk jar above altar
people house build brick stone,people build house brick stone,people build house brick stone
/ to / road return mountain retreat town back king behind,king to return / retreat behind / back mountain road town,king to return / retreat behind / back mountain road town
(no/not) above house listen negation king authority / hear scribe,scribe negation (no/not) hear / listen authority above king house,scribe negation (no/not) hear / listen authority above king house
force / sees mountain above strength / mighty king club desert great,king sees strength / force above great / mighty club mountain desert,king sees strength / force above great / mighty club mountain desert
good behind plows beautiful back man field / river riverbank / (tills),man plows (tills) field behind / back beautiful / good riverbank river,man plows (tills) field behind / back beautiful / good riverbank river
back fire riverbank sees above great mountain god storm sky / behind big /,god sees storm fire above mountain behind / back great / big riverbank sky,god sees storm fire above mountain behind / back great / big riverbank sky
/ deity / great above horizon (ba) emerge soul god sees mighty sky,god / deity sees soul (ba) emerge above sky great / mighty horizon,god / deity sees soul (ba) emerge above sky great / mighty horizon
open sweet life milk woman jar,woman open jar sweet milk life,woman open jar sweet milk life
above / book sees house (lord all) behind basket scribe,scribe sees book above basket (lord / all) behind house,scribe sees book above basket (lord / all) behind house
lotus / lake woman town plant house back above sees behind,woman sees lotus plant above lake behind / back house town,woman sees lotus plant above lake behind / back house town
dwell content peace god temple,god dwell temple peace content,god dwell temple peace content
house pellet drink sweet grain / speak woman eat / back / behind /,woman eat / drink / speak sweet grain / pellet behind / back house,woman eat / drink / speak sweet grain / pellet behind / back house
city king ka stability (djed) / upon face above (spirit) town power,stability (djed) power ka (spirit) above face / upon king city town,stability (djed) power ka (spirit) above face / upon king city town
side back great behind / animal belly sees backbone / rib mountain man,man sees animal belly backbone side / rib behind / back great mountain,man sees animal belly backbone side / rib behind / back great mountain
judge god feather heart maat,god judge heart feather maat,god judge heart feather maat
mother / above beautiful / shelter reed gives birth youth good begets,mother gives birth / begets youth above beautiful / good reed shelter,mother gives birth / begets youth above beautiful / good reed shelter
beautiful deity sees / as example) god / like star (or truth,god / deity sees truth like / as (or example) beautiful star,god / deity sees truth like / as (or example) beautiful star
sweet house / back grain / pellet people stone behind drink / / eat speak,people eat / drink / speak sweet grain / pellet behind / back stone house,people eat / drink / speak sweet grain / pellet behind / back stone house
life / above beautiful soul satisfy peace / face god (ba) heart upon,heart peace / satisfy soul (ba) above face / upon beautiful god life,heart peace / satisfy soul (ba) above face / upon beautiful god life
town road travel city people,people travel road town city,people travel road town city
bolt behind (spirit) ka door / authority / listen back stone hear,ka (spirit) hear / listen authority behind / back stone door bolt,ka (spirit) hear / listen authority behind / back stone door bolt
heart / like marrow become as (or father example) venerated youth /,youth become venerated / marrow like / as (or example) father heart,youth become venerated / marrow like / as (or example) father heart
good / mother / birth begets stone house shelter beautiful youth reed gives above,mother gives birth / begets youth above beautiful / good reed shelter house stone,mother gives birth / begets youth above beautiful / good reed shelter house stone
above mat house / birth / gives stool youth mother begets,mother gives birth / begets youth above stool / mat house,mother gives birth / begets youth above stool / mat house
door man close house bolt,man close door bolt house,man close door bolt house
king above god / / good great beautiful seated throne city king,king seated god / king above throne beautiful / good city great,king seated god / king above throne beautiful / good city great
/ eat woman milk / bread speak loaf sweet drink jar of,woman eat / drink / speak loaf of bread milk jar sweet,woman eat / drink / speak loaf of bread milk jar sweet
town deity / satisfy to heart gate above / give god people city peace,god / deity to give peace / satisfy heart above people city town gate,god / deity to give peace / satisfy heart above people city town gate
watch sleep mother child safely,mother watch child sleep safely,mother watch child sleep safely
/ do to scribe / scribe make / behind writing mountain desert back,scribe to do / make writing / scribe behind / back mountain desert,scribe to do / make writing / scribe behind / back mountain desert
jar / deity give altar vessel to offering peace / heart god,god / deity to give peace / altar offering jar vessel heart,god / deity to give peace / altar offering jar vessel heart
behind mother sweet bread / of house woman reed youth back shelter loaf,woman mother youth behind / back reed shelter sweet loaf of bread house,woman mother youth behind / back reed shelter house sweet loaf of bread
field chick papyrus sees quail above clump emerge scribe,scribe sees quail chick emerge above papyrus clump field,scribe sees quail chick emerge above papyrus clump field
above all) basket (lord of rope coil senet gate board / house,senet board coil of rope basket (lord / all) above house gate,senet board coil of rope basket (lord / all) above house gate
behind / god back stone heart temple / great hear mighty / city deity listen /,god / deity hear / listen heart behind / back great / mighty stone temple city,god / deity hear / listen heart behind / back great / mighty stone temple city
emerge above beautiful river good quail lake / chick clump field papyrus,quail chick emerge above beautiful / good papyrus clump field lake river,quail chick emerge above beautiful / good papyrus clump field lake river
senet above board city stone house behind / sees stool / back mat scribe,scribe sees senet board above stool / mat behind / back stone house city,scribe sees senet board above stool / mat behind / back stone house city
gate town city open man,man open gate city town,man open gate city town
behind / beautiful / back to riverbank make good / scribe / writing scribe city do,scribe to do / make writing / scribe behind / back beautiful / good riverbank city,scribe to do / make writing / scribe behind / back beautiful / good riverbank city
riverbank plows (tills) field man like as example) father (or /,man plows (tills) field like / as (or example) father riverbank,man plows (tills) field like / as (or example) father riverbank
star (ba) mountain / back above hill desert horizon west emerge behind soul,soul (ba) emerge above desert hill behind / back mountain west horizon star,soul (ba) emerge above desert hill behind / back mountain west horizon star
heart / back great behind / hear god / stone mighty listen deity /,god / deity hear / listen heart behind / back great / mighty stone,god / deity hear / listen heart behind / back great / mighty stone
above behind mountain / back soul god sees great (ba),god sees soul (ba) above great mountain behind / back,god sees soul (ba) above great mountain behind / back
riverbank back / lotus woman above lake plant behind sees,woman sees lotus plant above lake behind / back riverbank,woman sees lotus plant above lake behind / back riverbank
good hear (ankh) god heart back deity / listen life / / thing behind / beautiful,god / deity hear / listen heart behind / back beautiful / good life (ankh) thing,god / deity hear / listen heart behind / back beautiful / good life (ankh) thing
sickle house / brick man above back hoe stone behind sees,man sees sickle hoe above brick stone behind / back house,man sees sickle hoe above brick stone behind / back house
mother youth / behind house back become venerated / sees marrow,mother sees youth become venerated / marrow behind / back house,mother sees youth become venerated / marrow behind / back house
scroll basket scribe / above writing papyrus city book scribe,scribe writing / scribe papyrus scroll book above basket city,scribe writing / scribe papyrus scroll book above basket city
/ above gate sees stool senet scribe house board mat town,scribe sees senet board above stool / mat house town gate,scribe sees senet board above stool / mat house town gate
above sees god / star king mountain behind back great,king sees great star above mountain behind / back god,king sees great star above mountain behind / back god
face (truth/maat) mighty sees / / feather deity above upon great god king /,god / deity sees feather (truth/maat) above face / upon great / mighty king,god / deity sees feather (truth/maat) above face / upon great / mighty king
hear / great listen as king (or like / authority scribe example),scribe hear / listen authority like / as (or example) great king,scribe hear / listen authority like / as (or example) great king
become / example) venerated marrow like father (or man old youth as /,youth become old man like / as (or example) venerated / marrow father,youth become old man like / as (or example) venerated / marrow father
door / house gate stone great bolt town city road / big people,people gate door bolt city / town great / big house stone road,people gate door bolt city / town great / big house stone road
heart sweet woman smile peace,woman smile sweet heart peace,woman smile sweet heart peace
birth gives youth (or mother good like above beautiful begets star sky / / horizon as / example),mother gives birth / begets youth like / as (or example) beautiful / good star above sky horizon,mother gives birth / begets youth like / as (or example) beautiful / good star above sky horizon
/ above to temple offering stone do make peace / altar servant,servant to do / make offering above peace / altar stone temple,servant to do / make offering above peace / altar stone temple
become youth / stone old above town behind city back road man temple,youth become old man behind / back temple above stone road city town,youth become old man behind / back temple above stone road city town
servant / all) (lord basket / behind house stool to mat above do gate back town / / make,servant to do / make basket (lord / all) above stool / mat behind / back gate house town,servant to do / make basket (lord / all) above stool / mat behind / back gate house town
town great stone house gate big bolt door people road / road,people gate door bolt house town road great / big stone road,people gate door bolt house town road great / big stone road
people above town / city gate temple great emerge behind mighty road / back,people emerge above gate behind / back great / mighty city town temple road,people emerge above gate behind / back great / mighty city town temple road
behind stone / mighty bolt house great gate door back city /,door bolt stone house gate behind / back great / mighty city,door bolt stone house gate behind / back great / mighty city
altar celebrate temple peace people,people celebrate peace altar temple,people celebrate peace altar temple
people hill cross road desert,people cross road desert hill,people cross road desert hill
deity / give god / above city satisfy people heart to peace,god / deity to give peace / satisfy heart above people city,god / deity to give peace / satisfy heart above people city
like (or as venerated become example) marrow / youth father /,youth become venerated / marrow like / as (or example) father,youth become venerated / marrow like / as (or example) father
sees quail chick lake emerge river scribe bank field above,scribe sees quail chick emerge above field lake river bank,scribe sees quail chick emerge above field lake river bank
mighty great become back / / youth behind old man temple,youth become old man behind / back great / mighty temple,youth become old man behind / back great / mighty temple
make / do behind servant back vessel god jar offering / to,servant to do / make offering jar vessel behind / back god,servant to do / make offering jar vessel behind / back god
mother birth back gives shelter youth / begets reed / town behind,mother gives birth / begets youth behind / back reed shelter town,mother gives birth / begets youth behind / back reed shelter town
beautiful gate good / thing town people hear back / every authority lord behind / / listen / city,people hear / listen authority behind / back gate beautiful / good city / town lord / every thing,people hear / listen authority behind / back gate beautiful / good city / town lord / every thing
youth mighty become / stone road / behind house marrow venerated / great temple back,youth become venerated / marrow behind / back great / mighty stone temple house road,youth become venerated / marrow behind / back great / mighty stone temple house road
emerge scribe lake above papyrus chick clump sees quail,scribe sees quail chick emerge above papyrus clump lake,scribe sees quail chick emerge above papyrus clump lake
sees god / upon / behind man truth back good / face beautiful deity /,god / deity sees truth behind / back face / upon beautiful / good man,god / deity sees truth behind / back face / upon beautiful / good man
city king good / town great sees above / power beautiful,king sees great power above beautiful / good city / town,king sees great power above beautiful / good city / town
beautiful / good sees / begets shelter youth gives house back mother placenta reed / birth behind,mother sees placenta gives birth / begets youth behind / back beautiful / good reed shelter house,mother sees placenta gives birth / begets youth behind / back beautiful / good reed shelter house
as god become sees example) / mother (or youth marrow like / venerated,mother sees youth become venerated / marrow like / as (or example) god,mother sees youth become venerated / marrow like / as (or example) god
great house city bolt / town big gate / / behind door people back,people gate door bolt city / town behind / back great / big house,people gate door bolt city / town behind / back great / big house
/ mountain mighty strength club behind / above force sees back great / king,king sees strength / force above great / mighty club behind / back mountain,king sees strength / force above great / mighty club behind / back mountain
of board basket / senet coil above all) house rope (lord seat,senet board coil of rope basket (lord / all) above seat house,senet board coil of rope basket (lord / all) above seat house
gate road people great house town bolt door / road stone big,people gate door bolt house town road great / big stone road,people gate door bolt house town road great / big stone road
truth face deity heart above / upon beautiful thing sees / good god / life,god / deity sees truth above face / upon beautiful / good heart life thing,god / deity sees truth above face / upon beautiful / good heart life thing
good stone sees / beautiful / above city town house man,man sees stone house above beautiful / good city / town,man sees stone house above beautiful / good city / town
toward town mountain king descend,king descend mountain toward town,king descend mountain toward town
woman water vessel ripple wash,woman wash vessel water ripple,woman wash vessel water ripple
sees back plant lotus above plant woman behind lake / beautiful,woman sees lotus plant above lake behind / back beautiful plant,woman sees lotus plant above lake behind / back beautiful plant
eat bread servant jar / of milk drink / sweet loaf speak,servant eat / drink / speak milk jar sweet loaf of bread,servant eat / drink / speak milk jar sweet loaf of bread
/ above king (djed) stability city gate upon ka (spirit) face power town,stability (djed) power ka (spirit) above face / upon king city town gate,stability (djed) power ka (spirit) above face / upon king city town gate
bread shelter sweet behind house youth mother of back woman loaf reed /,woman mother youth behind / back reed shelter sweet loaf of bread house,woman mother youth behind / back reed shelter house sweet loaf of bread
/ (djed) god deity to above power give face stability,god / deity to give stability (djed) power above face,god / deity to give stability (djed) power above face
house woman sit cloth weaving folded,woman sit house weaving folded cloth,woman sit house weaving folded cloth
man as (tills) like field plows father (or / example),man plows (tills) field like / as (or example) father,man plows (tills) field like / as (or example) father
good do scribe / scribe make back / riverbank beautiful to writing behind / / gate,scribe to do / make writing / scribe behind / back beautiful / good riverbank gate,scribe to do / make writing / scribe behind / back beautiful / good riverbank gate
to give altar peace stone above offering king gate / temple,king to give offering above stone peace / altar temple gate,king to give offering above stone peace / altar temple gate
(or like / authority good as servant example) / beautiful / listen man hear gate,servant hear / listen authority like / as (or example) beautiful / good man gate,servant hear / listen authority like / as (or example) beautiful / good man gate
great people back mighty above / city / behind gate road emerge,people emerge above road behind / back great / mighty gate city,people emerge above gate behind / back great / mighty city road
temple / stone behind town back scribe / above become mat stool city youth,youth become scribe behind / back temple above stone stool / mat city town,youth become scribe behind / back temple above stone stool / mat city town
strength king land power protect,king protect land power strength,king protect land power strength
heart hear voice people god,god hear heart voice people,god hear heart voice people
horizon above place sky god star,god place star sky above horizon,god place star sky above horizon
sees bolt door town stone / behind house man back,man sees door bolt behind / back stone house town,man sees door bolt behind / back stone house town
/ mighty face / upon hear above / great authority listen scribe king,scribe hear / listen authority above face / upon great / mighty king,scribe hear / listen authority above face / upon great / mighty king
/ above like lake peace father (or plant (satisfied) / sees lotus river as heart content example),father sees heart peace / content (satisfied) like / as (or example) lotus plant above lake river,father sees heart peace / content (satisfied) like / as (or example) lotus plant above lake river
(tills) mountain above field man riverbank behind slope / back plows desert hill,man plows (tills) field above riverbank behind / back mountain desert hill slope,man plows (tills) field above riverbank behind / back mountain desert hill slope
people god fear heart cry hears,god hears people cry heart fear,god hears people cry heart fear
west man back / to retreat behind / road mountain return hill,man to return / retreat west mountain road behind / back hill,man to return / retreat west mountain road behind / back hill
lotus plant riverbank walk woman,woman walk riverbank lotus plant,woman walk riverbank lotus plant
/ make / scribe mountain / back to desert scribe writing do behind,scribe to do / make writing / scribe behind / back mountain desert,scribe to do / make writing / scribe behind / back mountain desert
/ good sees youth beautiful example) star like mother as horizon (or /,mother sees youth like / as (or example) beautiful / good star horizon,mother sees youth like / as (or example) beautiful / good star horizon
behind back papyrus city scribe stone scroll above / sees,scribe sees papyrus scroll above stone behind / back city,scribe sees papyrus scroll above stone behind / back city
after journey return man house,man return house after journey,man return house after journey
god gate / king temple he opens,he / king opens gate temple god,he / king opens gate temple god
bolt town stone emerge above city people gate / door,people emerge above gate door bolt city / town stone,people emerge above gate door bolt city / town stone
tend with care child woman,woman tend child with care,woman tend child with care
/ above behind riverbank sees lake plant woman back lotus,woman sees lotus plant above lake behind / back riverbank,woman sees lotus plant above lake behind / back riverbank
stool sees road town / senet house board scribe mat above,scribe sees senet board above stool / mat house town road,scribe sees senet board above stool / mat house town road
mountain above desert hill hare (to be) snake horned viper,desert hare (to be) horned viper snake above hill mountain,desert hare (to be) horned viper snake above hill mountain
man / adze chisel behind hoe sickle back sees stone,man sees sickle hoe adze chisel behind / back stone,man sees sickle hoe adze chisel behind / back stone
/ like gate hear authority (or / listen servant example) man as,servant hear / listen authority like / as (or example) man gate,servant hear / listen authority like / as (or example) man gate
teach youth man wisdom old,old man teach youth wisdom,old man teach youth wisdom
behind content (ankh) / peace / life / sees father (satisfied) beautiful heart good back thing,father sees heart peace / content (satisfied) behind / back beautiful / good life (ankh) thing,father sees heart peace / content (satisfied) behind / back beautiful / good life (ankh) thing
as man plows (or like / good (tills) / father beautiful field servant example),man plows (tills) field like / as (or example) beautiful / good servant father,man plows (tills) field like / as (or example) beautiful / good servant father
house leave before man dawn,man leave house before dawn,man leave house before dawn
deity sky soul god horizon above mighty (ba) great sees star emerge /,god / deity sees soul (ba) emerge above sky horizon star great mighty,god / deity sees soul (ba) emerge above sky horizon star great / mighty
behind back / great to mountain mighty retreat king road above / / return,king to return / retreat behind / back mountain above great / mighty road,king to return / retreat behind / back mountain above great / mighty road
(tills) field servant plows as man mountain example) (or road / like,man plows (tills) field like / as (or example) servant mountain road,man plows (tills) field like / as (or example) servant mountain road
(ba) god above / sky emerge soul great horizon sees deity,god / deity sees soul (ba) emerge above sky great horizon,god / deity sees soul (ba) emerge above sky horizon great
ripple river water life fish lake,river water ripple lake fish life,river water ripple lake fish life
joy gather temple festival people,people gather festival temple joy,people gather festival temple joy
/ behind woman plant above back house lake sees town lotus,woman sees lotus plant above lake behind / back house town,woman sees lotus plant above lake behind / back house town
power seat king stability / throne (djed) throne,king throne seat / throne stability (djed) power,king throne seat / throne stability (djed) power
papyrus above sees owl emerge scribe clump field swallow,scribe sees owl swallow emerge above papyrus clump field,scribe sees owl swallow emerge above papyrus clump field
sweet jar milk woman life open,woman open jar sweet milk life,woman open jar sweet milk life
desert man sees above hare desert hill be) (to emerge,man sees desert hare (to be) emerge above desert hill,man sees desert hare (to be) emerge above desert hill
gives good shelter beautiful above / / youth star mother reed birth begets,mother gives birth / begets youth above reed shelter beautiful / good star,mother gives birth / begets youth above reed shelter beautiful / good star
child seated sweet youth love life woman,seated woman love child youth life sweet,seated woman love child youth life sweet
upon peace (ba) / / above satisfy god heart face life soul,heart peace / satisfy soul (ba) above face / upon god life,heart peace / satisfy soul (ba) above face / upon god life
man behind sees riverbank back coil of rope river / road above,man sees coil of rope above road behind / back riverbank river,man sees coil of rope above road behind / back riverbank river
quail scribe chick above emerge field clump lake papyrus sees,scribe sees quail chick emerge above papyrus clump field lake,scribe sees quail chick emerge above papyrus clump field lake
face fox three scribe mat upon skins / stool sees / above,scribe sees three fox skins above face / upon stool / mat,scribe sees three fox skins above face / upon stool / mat
upon deity above god life face to give / (ankh) /,god / deity to give life (ankh) above face / upon,god / deity to give life (ankh) above face / upon
offering count grain king thousand,king count thousand grain offering,king count thousand grain offering
/ beautiful above hear good heart (ankh) thing / scribe listen life,scribe hear / listen heart above beautiful / good life (ankh) thing,scribe hear / listen heart above beautiful / good life (ankh) thing
return mountain hill back behind road to west retreat king / / desert,king to return / retreat west mountain road behind / back desert hill,king to return / retreat west mountain road behind / back desert hill
altar offering peace king mighty great / temple give / to above,king to give offering above peace / altar great / mighty temple,king to give offering above peace / altar great / mighty temple
town walk road city gate man,man walk road city town gate,man walk road city town gate
snake people viper cobra horned fear,people fear snake cobra horned viper,people fear snake cobra horned viper
great / temple / / behind stone listen deity hear mighty back heart / god,god / deity hear / listen heart behind / back great / mighty stone temple,god / deity hear / listen heart behind / back great / mighty stone temple
scribe beautiful make scribe back riverbank behind do / to / / writing,scribe to do / make writing / scribe behind / back beautiful riverbank,scribe to do / make writing / scribe behind / back beautiful riverbank
emerge clump house hear above listen papyrus scribe / road owl,scribe hear / listen owl emerge above papyrus clump road house,scribe hear / listen owl emerge above papyrus clump road house
sweet woman / drink / grain / speak eat house pellet,woman eat / drink / speak sweet grain / pellet house,woman eat / drink / speak sweet grain / pellet house
field above owl lake emerge papyrus swallow clump sees scribe,scribe sees owl swallow emerge above papyrus clump field lake,scribe sees owl swallow emerge above papyrus clump field lake
gate soul west cross underground,soul cross gate west underground,soul cross gate west underground
bread woman loaf mother of behind back reed house youth / shelter sweet,woman mother youth behind / back reed shelter house sweet loaf of bread,woman mother youth behind / back reed shelter house sweet loaf of bread
field riverbank hill slope plows mountain above / desert (tills) back behind man,man plows (tills) field above riverbank behind / back mountain desert hill slope,man plows (tills) field above riverbank behind / back mountain desert hill slope
good behind mother mountain / / beautiful youth back sees above,mother sees beautiful / good youth above mountain behind / back,mother sees beautiful / good youth above mountain behind / back
beautiful / king / above good peace heart make people satisfy city do to /,king to do / make peace / satisfy heart above beautiful / good people city,king to do / make peace / satisfy heart above beautiful / good people city
above lake sees swallow (great) back / youth river behind,youth sees swallow (great) above lake behind / back river,youth sees swallow (great) above lake behind / back river
underground soul return west life after,soul return west underground after life,soul return west underground after life
man house door close bolt,man close door bolt house,man close door bolt house
road desert walk mountain hill man,man walk road desert hill mountain,man walk road desert hill mountain
woman shelter mother behind / reed youth back bread loaf sweet,woman mother youth behind / back reed shelter sweet loaf bread,woman mother youth behind / back reed shelter sweet loaf bread
road listen back behind scribe / clump town papyrus / owl riverbank hear above,scribe hear / listen owl above papyrus clump behind / back riverbank town road,scribe hear / listen owl above papyrus clump behind / back riverbank town road
chisel carve wood man tool,man carve wood tool chisel,man carve wood tool chisel
good beautiful heart / sees / back truth god behind man,god sees truth behind / back beautiful / good heart man,god sees truth behind / back beautiful / good heart man
satisfy peace above heart soul / god face upon (ba) /,heart peace / satisfy soul (ba) above face / upon god,heart peace / satisfy soul (ba) above face / upon god
temple / behind king king gate seated back god / throne above,king seated god / king above throne behind / back temple gate,king seated god / king above throne behind / back temple gate
/ strength strong force great god power,god power strength / force strong great,god power strength / force strong great
authority listen / town scribe city / hear good / behind beautiful back,scribe hear / listen authority behind / back beautiful / good city town,scribe hear / listen authority behind / back beautiful / good city town
bolt gate city people great door town / / big road,people gate door bolt city / town great / big road,people gate door bolt city / town great / big road
cobra handle man with back sees behind / house basket above stone,man sees cobra above basket with handle behind / back stone house,man sees cobra above basket with handle behind / back stone house
of man above road / coil back sees behind rope,man sees coil of rope above road behind / back,man sees coil of rope above road behind / back
house all) behind sees basket (lord book / scribe above,scribe sees book above basket (lord / all) behind house,scribe sees book above basket (lord / all) behind house
horizon west youth sees mother sky become god deity / big great /,mother sees youth become great / big god / deity sky horizon west,mother sees youth become great / big god / deity sky horizon west
/ clump road papyrus owl listen house scribe emerge above hear,scribe hear / listen owl emerge above papyrus clump road house,scribe hear / listen owl emerge above papyrus clump road house
carve wood tool man chisel,man carve wood tool chisel,man carve wood tool chisel
/ gate city temple behind emerge great / above back people road mighty gate,people emerge above gate behind / back great / mighty city road temple gate,people emerge above gate behind / back great / mighty city road temple gate
stone handle with basket above temple scroll sees papyrus scribe,scribe sees papyrus scroll above basket with handle stone temple,scribe sees papyrus scroll above basket with handle stone temple
mighty king / adze road chisel / back stone behind temple above great sees,king sees adze chisel above stone behind / back great / mighty temple road,king sees adze chisel above stone behind / back great / mighty temple road
/ youth great as / become / like venerated (or father example) big marrow,youth become venerated / marrow like / as (or example) great / big father,youth become venerated / marrow like / as (or example) great / big father
soul sky god emerge / horizon above great sees deity (ba),god / deity sees soul (ba) emerge above sky great horizon,god / deity sees soul (ba) emerge above sky horizon great
power seated man authority throne king,king seated man power authority throne,king seated man power authority throne
(spirit) upon power god face (djed) ka seated / king above / stability king,stability (djed) power ka (spirit) above face / upon seated god / king king,stability (djed) power ka (spirit) above face / upon seated god / king king
(or / scroll as thing example) like scribe scribe papyrus / stool writing,scribe writing / scribe papyrus scroll like / as (or example) thing stool,scribe writing / scribe papyrus scroll like / as (or example) thing stool
club stone sickle hoe above house brick chisel town adze,adze chisel sickle hoe club above brick stone house town,adze chisel sickle hoe club above stone brick house town
sit father peace heart house,father sit house heart peace,father sit house heart peace
(ba) above soul example) as / emerge sky like star (or horizon,soul (ba) emerge above sky like / as (or example) star horizon,soul (ba) emerge above sky like / as (or example) star horizon
writing / scribe scribe / back to do road make riverbank behind good / / beautiful,scribe to do / make writing / scribe behind / back beautiful / good riverbank road,scribe to do / make writing / scribe behind / back beautiful / good riverbank road
beautiful behind riverbank man / / mountain above good back plows desert field (tills),man plows (tills) field above riverbank behind / back beautiful / good mountain desert,man plows (tills) field above riverbank behind / back beautiful / good mountain desert
people city king hear / negation authority listen (no/not) above,king negation (no/not) hear / listen authority above people city,king negation (no/not) hear / listen authority above people city
god (ba) soul / life upon good heart satisfy beautiful peace / / face above,heart peace / satisfy soul (ba) above face / upon beautiful / good god life,heart peace / satisfy soul (ba) above face / upon beautiful / good god life
/ back behind great people mighty emerge city / above gate,people emerge above gate behind / back great / mighty city,people emerge above gate behind / back great / mighty city
eat back / / behind sweet woman / drink grain house pellet town speak stone /,woman eat / drink / speak sweet grain / pellet behind / back stone house town,woman eat / drink / speak sweet grain / pellet behind / back stone house town
speak heart gentle words mother,mother speak gentle words heart,mother speak gentle words heart
example) as emerge star / sky horizon like above great ka (or (spirit),ka (spirit) emerge above horizon like / as (or example) star sky great,ka (spirit) emerge above horizon like / as (or example) star sky great
fire desert fear mountain storm hill people,people fear storm fire desert hill mountain,people fear storm fire desert hill mountain
upon (spirit) / hear authority listen above ka / king face,ka (spirit) hear / listen authority above face / upon king,ka (spirit) hear / listen authority above face / upon king
send deliver servant message king,king send servant deliver message,king send servant deliver message
above owl swallow sees emerge field scribe clump papyrus,scribe sees owl swallow emerge above papyrus clump field,scribe sees owl swallow emerge above papyrus clump field
sees / behind mat scribe / house above great stool big back / book,scribe sees book above stool / mat behind / back great / big house,scribe sees book above stool / mat behind / back great / big house
king / back mighty above retreat to return / behind road mountain great /,king to return / retreat behind / back mountain above great / mighty road,king to return / retreat behind / back mountain above great / mighty road
brick scribe / stone above chisel sees adze city behind back,scribe sees adze chisel above brick stone behind / back city,scribe sees adze chisel above brick stone behind / back city
to back do mat / / gate / (lord basket stool / house above town all) make servant behind,servant to do / make basket (lord / all) above stool / mat behind / back gate house town,servant to do / make basket (lord / all) above stool / mat behind / back gate house town
god heart satisfied peace grant,god grant peace satisfied heart,god grant peace satisfied heart
back authority / listen behind door scribe bolt / stone hear,scribe hear / listen authority behind / back stone door bolt,scribe hear / listen authority behind / back stone door bolt
like stool scribe scribe / book mat scroll as house (or example) writing / papyrus,scribe writing / scribe papyrus scroll book like / as (or example) stool mat house,scribe writing / scribe papyrus scroll book like / as (or example) stool mat house
to stool (lord mat / town above / servant do gate all) basket make house /,servant to do / make basket (lord / all) above stool / mat house town gate,servant to do / make basket (lord / all) above stool / mat house town gate
(or as man / youth like become old father heart example),youth become old man like / as (or example) father heart,youth become old man like / as (or example) father heart
ka seated (spirit) (djed) face / stability above king power upon king / god,stability (djed) power ka (spirit) above face / upon seated god / king king,stability (djed) power ka (spirit) above face / upon seated god / king king
become behind scribe / sees back / big great temple youth father,father sees youth become great / big scribe behind / back temple,father sees youth become great / big scribe behind / back temple
mat stool sit mother child,mother sit stool mat child,mother sit stool mat child
house horned snake emerge sees above brick man stone viper,man sees horned viper snake emerge above brick stone house,man sees horned viper snake emerge above brick stone house
above make peace king do heart people satisfy / to /,king to do / make peace / satisfy heart above people,king to do / make peace / satisfy heart above people
give with to town basket papyrus road house above stone scroll scribe handle,scribe to give papyrus scroll above basket with handle stone house town road,scribe to give papyrus scroll above basket with handle stone house town road
underground hill west soul return (ba) mountain,soul (ba) return underground west mountain hill,soul (ba) return underground west mountain hill
town man toward leave desert,man leave town toward desert,man leave town toward desert
/ youth back shelter reed gives mother begets behind birth / house,mother gives birth / begets youth behind / back reed shelter house,mother gives birth / begets youth behind / back reed shelter house
sweet reed mother shelter behind / bread woman back youth house,woman mother youth behind / back reed shelter house sweet bread,woman mother youth behind / back reed shelter house sweet bread
behind road mighty listen back hear house authority / servant / / gate great,servant hear / listen authority behind / back great / mighty gate house road,servant hear / listen authority behind / back great / mighty gate house road
woman gives life begets sweet / birth youth,woman gives birth / begets youth life sweet,woman gives birth / begets youth life sweet
/ jar give jar milk king stone offering altar above peace to,king to give offering jar milk jar above stone peace / altar,king to give offering jar milk jar above stone peace / altar
marrow stone city youth behind / venerated road temple / become back,youth become venerated / marrow behind / back stone temple city road,youth become venerated / marrow behind / back stone temple city road
great god behind / big offering to peace altar / give above / back king,king to give offering above peace / altar behind / back great / big god,king to give offering above peace / altar behind / back great / big god
town servant road house mighty / behind back authority gate / great / listen hear,servant hear / listen authority behind / back great / mighty gate house town road,servant hear / listen authority behind / back great / mighty gate house town road
sees above beautiful city great / / town man good star,man sees beautiful / good star above great city / town,man sees beautiful / good star above great city / town
sees fire / desert mountain above people back hill behind storm,people sees storm fire above mountain behind / back desert hill,people sees storm fire above mountain behind / back desert hill
life man satisfied drink water,man drink water life satisfied,man drink water life satisfied
mountain good sees mother behind above back beautiful youth / /,mother sees beautiful / good youth above mountain behind / back,mother sees beautiful / good youth above mountain behind / back
chisel man tool carve wood,man carve wood tool chisel,man carve wood tool chisel
/ eat sweet / behind speak / house stone jar back milk woman drink,woman eat / drink / speak sweet milk jar behind / back stone house,woman eat / drink / speak sweet milk jar behind / back stone house
/ house three sees / vessel fox skins scribe stone behind great big above back,scribe sees three fox skins above vessel behind / back great / big stone house,scribe sees three fox skins above vessel behind / back great / big stone house
(or / star mother sees youth like as example) beautiful,mother sees youth like / as (or example) beautiful star,mother sees youth like / as (or example) beautiful star
heart grant god satisfied peace,god grant peace satisfied heart,god grant peace satisfied heart
adze back chisel stone behind above brick sees / scribe,scribe sees adze chisel above brick behind / back stone,scribe sees adze chisel above brick behind / back stone
sky soul big / as / above emerge swallow (ba) great example) (or like,soul (ba) emerge above sky like / as (or example) great / big swallow,soul (ba) emerge above sky like / as (or example) great / big swallow
/ door mighty house back great gate bolt behind / stone city,door bolt stone house gate behind / back great / mighty city,door bolt stone house gate behind / back great / mighty city
door behind / bolt town scribe house back stone sees,scribe sees door bolt behind / back stone house town,scribe sees door bolt behind / back stone house town
behind back scribe stone writing / brick scribe / do / make city above to,scribe to do / make writing / scribe above brick stone behind / back city,scribe to do / make writing / scribe above brick stone behind / back city
door gate stone town bolt city road / above road people,people gate door bolt city / town above stone road road,people gate door bolt city / town above stone road road
beautiful (tills) behind above back desert riverbank / / good field plows man mountain,man plows (tills) field above riverbank behind / back beautiful / good mountain desert,man plows (tills) field above riverbank behind / back beautiful / good mountain desert
(ankh) face god give / above upon to life king deity /,god / deity to give life (ankh) above face / upon king,god / deity to give life (ankh) above face / upon king
as like hear man / servant listen (or authority / example),servant hear / listen authority like / as (or example) man,servant hear / listen authority like / as (or example) man
upon sees / face beautiful god above truth good deity / / man,god / deity sees truth above face / upon beautiful / good man,god / deity sees truth above face / upon beautiful / good man
back mighty road / stone temple adze chisel king behind sees above city,king sees adze chisel above stone behind / back mighty temple road city,king sees adze chisel above stone behind / back mighty temple road city
back stone house sees (spirit) above behind man ka /,man sees ka (spirit) above stone house behind / back,man sees ka (spirit) above stone house behind / back
road man retreat / to west behind back return hill / mountain,man to return / retreat west mountain road behind / back hill,man to return / retreat west mountain road behind / back hill
good behind lake plant river back above sees / beautiful lotus / woman plant,woman sees lotus plant above lake behind / back beautiful / good plant river,woman sees lotus plant above lake behind / back beautiful / good plant river
gate / seated behind above stone back king god throne / king,king seated god / king above throne behind / back stone gate,king seated god / king above throne behind / back stone gate
people celebrate altar temple peace,people celebrate peace altar temple,people celebrate peace altar temple
/ house sees beautiful reed good stone shelter mother emerge city above youth,mother sees youth emerge above beautiful / good reed shelter stone house city,mother sees youth emerge above beautiful / good reed shelter stone house city
like house as scribe / example) scroll thing stool scribe / writing papyrus (or / mat,scribe writing / scribe papyrus scroll like / as (or example) thing stool / mat house,scribe writing / scribe papyrus scroll like / as (or example) thing stool / mat house
mother birth youth / begets house mat stool / above gives,mother gives birth / begets youth above stool / mat house,mother gives birth / begets youth above stool / mat house
field owl papyrus emerge above swallow lake clump scribe sees,scribe sees owl swallow emerge above papyrus clump field lake,scribe sees owl swallow emerge above papyrus clump field lake
lake above plant river good / woman back riverbank lotus beautiful sees behind /,woman sees lotus plant above lake behind / back beautiful / good riverbank river,woman sees lotus plant above lake behind / back beautiful / good riverbank river
good beautiful youth / / deity thing god above face (truth/maat) / sees feather upon,god / deity sees feather (truth/maat) above face / upon beautiful / good youth thing,god / deity sees feather (truth/maat) above face / upon beautiful / good youth thing
/ (ba) heart god / thing upon above soul satisfy peace deity life face,heart peace / satisfy soul (ba) above face / upon god deity life thing,heart peace / satisfy soul (ba) above face / upon god deity life thing
stone king adze back behind above chisel sees / / mighty great temple road,king sees adze chisel above stone behind / back great / mighty temple road,king sees adze chisel above stone behind / back great / mighty temple road
youth become like father as sees marrow venerated / / mother,mother sees youth become venerated / marrow like / as father,mother sees youth become venerated / marrow like / as father
lake sees plant good / behind beautiful / soul above river back lotus (ba),soul (ba) sees lotus plant above lake behind / back beautiful / good river,soul (ba) sees lotus plant above lake behind / back beautiful / good river
/ vessel bread milk of / drink jar loaf servant eat speak,servant eat / drink / speak loaf of bread milk jar vessel,servant eat / drink / speak loaf of bread milk jar vessel
youth house reed mother loaf sweet back of behind / bread woman shelter,woman mother youth behind / back reed shelter sweet loaf of bread house,woman mother youth behind / back reed shelter house sweet loaf of bread
big / / deity become god horizon sees youth mother great sky,mother sees youth become great / big god / deity sky horizon,mother sees youth become great / big god / deity sky horizon
mighty force above / / club sees desert king mountain strength great,king sees strength / force above great / mighty club mountain desert,king sees strength / force above great / mighty club mountain desert
king wear sedge power crown (king),king wear sedge (king) crown power,king wear sedge (king) crown power
road / authority hear back city mighty behind great / people gate / listen,people hear / listen authority behind / back gate great / mighty city road,people hear / listen authority behind / back gate great / mighty city road
plant lotus woman gather riverbank,woman gather lotus plant riverbank,woman gather lotus plant riverbank
senet of coil (lord above basket board / house rope all),senet board coil of rope basket (lord / all) above house,senet board coil of rope basket (lord / all) above house
adze man cut work chisel stone,man cut stone chisel adze work,man cut stone chisel adze work
/ temple peace altar make offering / above servant to do stone,servant to do / make offering above peace / altar stone temple,servant to do / make offering above peace / altar stone temple
flax braid woman twisted rope,woman braid twisted flax rope,woman braid twisted flax rope
/ great king gate back above behind god mighty throne / city king / seated,king seated god / king above throne behind / back great / mighty gate city,king seated god / king above throne behind / back great / mighty gate city
gather grain rack people jars,people gather grain jars rack,people gather grain jars rack
senet scribe / house board sees mat stool above town gate,scribe sees senet board above stool / mat house town gate,scribe sees senet board above stool / mat house town gate
people fear hill fire storm desert mountain,people fear storm fire desert hill mountain,people fear storm fire desert hill mountain
hill (ba) horizon desert above soul emerge behind mountain west star / back,soul (ba) emerge above desert hill behind / back mountain west horizon star,soul (ba) emerge above desert hill behind / back mountain west horizon star
/ writing behind / scribe mountain make back to desert / scribe do,scribe to do / make writing / scribe behind / back mountain desert,scribe to do / make writing / scribe behind / back mountain desert
man without fear storm face,man face storm without fear,man face storm without fear
sky beneath man old sit,old man sit beneath sky,old man sit beneath sky
(repeated) grain / pellet field life plows riverbank,riverbank field plows (repeated) grain / pellet life,riverbank field plows (repeated) grain / pellet life
sees above field scribe clump papyrus emerge lake chick quail,scribe sees quail chick emerge above papyrus clump field lake,scribe sees quail chick emerge above papyrus clump field lake
soul light (ba) sky rise,soul (ba) rise sky light,soul (ba) rise sky light
belly rib side back man / great animal sees backbone / big / behind mountain above,man sees backbone side / rib above animal belly behind / back great / big mountain,man sees backbone side / rib above animal belly behind / back great / big mountain
stability (djed) ka face king / power above (spirit) upon,stability (djed) power ka (spirit) above face / upon king,stability (djed) power ka (spirit) above face / upon king
gives reed / shelter mother back / youth behind birth town begets,mother gives birth / begets youth behind / back reed shelter town,mother gives birth / begets youth behind / back reed shelter town
behind back brick sees stone scribe / adze house town chisel,scribe sees adze chisel behind / back brick stone house town,scribe sees adze chisel behind / back brick stone house town
walk road man old slowly,old man walk slowly road,old man walk slowly road
scribe adze / back brick behind chisel stone house sees above,scribe sees adze chisel above brick behind / back stone house,scribe sees adze chisel above brick behind / back stone house
/ (lord rope basket board of above coil seat all) house senet,senet board coil of rope basket (lord / all) above seat house,senet board coil of rope basket (lord / all) above seat house
sees father / mighty youth / beautiful heart behind good back,father sees beautiful / good heart behind / back mighty youth,father sees beautiful / good heart behind / back mighty youth
grant ankh life people god,god grant life ankh people,god grant life ankh people
underground darkness fear west people,people fear darkness underground west,people fear darkness underground west
(djed) great stability give king god / power to face above upon,king to give stability (djed) power above face / upon great god,king to give stability (djed) power above face / upon great god
grain riverbank pellet life plows (repeated) field /,riverbank field plows (repeated) grain / pellet life,riverbank field plows (repeated) grain / pellet life
(truth/maat) heart / deity / beautiful good / god back behind feather sees,god / deity sees feather (truth/maat) behind / back beautiful / good heart,god / deity sees feather (truth/maat) behind / back beautiful / good heart
(to be) slope sees man hare hill desert emerge above,man sees desert hare (to be) emerge above hill slope,man sees desert hare (to be) emerge above hill slope
god king gate king seated behind / throne above / back,king seated god / king above throne behind / back gate,king seated god / king above throne behind / back gate
drink (spirit) of milk sweet loaf / speak / ka eat bread,ka (spirit) eat / drink / speak loaf of bread milk sweet,ka (spirit) eat / drink / speak loaf of bread milk sweet
/ mountain sees club / king great force strength above mighty,king sees strength / force above great / mighty club mountain,king sees strength / force above great / mighty club mountain
beside man rest old lake,old man rest beside lake,old man rest beside lake
/ desert behind mountain road man to / west retreat return hill back,man to return / retreat west mountain road behind / back desert hill,man to return / retreat west mountain road behind / back desert hill
as example) beautiful servant / town / man listen authority like good / (or gate hear,servant hear / listen authority like / as (or example) beautiful / good man gate town,servant hear / listen authority like / as (or example) beautiful / good man gate town
god to heart give satisfy peace deity / above city / people,god / deity to give peace / satisfy heart above people city,god / deity to give peace / satisfy heart above people city
sees face horizon upon / deity / above / become scarab god,god / deity sees scarab / become above face / upon horizon,god / deity sees scarab / become above face / upon horizon
man city old road youth become behind town back / temple stone,youth become old man behind / back stone temple city town road,youth become old man behind / back stone temple city town road
do scroll stone scribe town / scribe road house / to make papyrus above writing,scribe to do / make writing / scribe above papyrus scroll stone house town road,scribe to do / make writing / scribe above papyrus scroll stone house town road
storm back people hill sees fire / behind above mountain desert,people sees storm fire above mountain behind / back desert hill,people sees storm fire above mountain behind / back desert hill
scribe / writing / back scribe do riverbank to / behind make,scribe to do / make writing / scribe behind / back riverbank,scribe to do / make writing / scribe behind / back riverbank
horizon bring from emerge god life,god emerge from horizon bring life,god emerge from horizon bring life
birth / reed begets / back gives mother shelter behind youth,mother gives birth / begets youth behind / back reed shelter,mother gives birth / begets youth behind / back reed shelter
mat board scribe town sees house senet above stool /,scribe sees senet board above stool / mat house town,scribe sees senet board above stool / mat house town
king to milk stone jar altar give jar above offering,king to give offering jar milk jar above stone altar,king to give offering jar milk jar above stone altar
return / mountain to king retreat town road / back behind,king to return / retreat behind / back mountain road town,king to return / retreat behind / back mountain road town road
sky / soul deity horizon star above (ba) sees god emerge,god / deity sees soul (ba) emerge above sky horizon star,god / deity sees soul (ba) emerge above sky horizon star
behind brick chisel adze stone back / sees scribe above,scribe sees adze chisel above brick stone behind / back,scribe sees adze chisel above brick stone behind / back
gate every / / city good thing / behind / listen hear people back / beautiful lord town authority,people hear / listen authority behind / back gate beautiful / good city / town lord / every thing,people hear / listen authority behind / back gate beautiful / good city / town lord / every thing
as become example) marrow youth (or father venerated like / / great,youth become venerated / marrow like / as (or example) great father,youth become venerated / marrow like / as (or example) great father
fox sees / stone stool back behind / scribe three mat skins,scribe sees three fox skins behind / back stone stool / mat,scribe sees three fox skins behind / back stone stool / mat
/ feather above / heart deity king upon face sees god (truth/maat),god / deity sees feather (truth/maat) above face / upon king heart,god / deity sees feather (truth/maat) above face / upon king heart
beautiful god upon deity youth / good / above face / truth sees,god / deity sees truth above face / upon beautiful / good youth,god / deity sees truth above face / upon beautiful / good youth
sky horizon soul great (spirit) (ba) above emerge ka sees,ka (spirit) sees soul (ba) emerge above sky horizon great,ka (spirit) sees soul (ba) emerge above sky horizon great
city back road above / behind gate / town mighty emerge people / great,people emerge above gate behind / back great / mighty city / town road,people emerge above gate behind / back great / mighty city / town road
great / power strength strong force god,god power strength / force strong great,god power strength / force strong great
hill above hare man be) emerge desert slope (to sees,man sees desert hare (to be) emerge above hill slope,man sees desert hare (to be) emerge above hill slope
(lord do all) basket / above stool servant / to make,servant to do / make basket (lord / all) above stool,servant to do / make basket (lord / all) above stool
mountain city king god / / road / return mighty behind to great back retreat,king to return / retreat behind / back mountain road great / mighty city god,king to return / retreat behind / back mountain road great / mighty city god
/ eat house milk drink (spirit) sweet stone loaf bread speak jar / ka of,ka (spirit) eat / drink / speak loaf of bread milk jar sweet stone house,ka (spirit) eat / drink / speak loaf of bread milk jar sweet stone house
/ peace above offering king altar give stone to temple,king to give offering above peace / altar stone temple,king to give offering above peace / altar stone temple
dawn at man gate cross,man cross gate at dawn,man cross gate at dawn
above house / basket / make to mat (lord servant all) do / stool gate,servant to do / make basket (lord / all) above stool / mat house gate,servant to do / make basket (lord / all) above stool / mat house gate
above sees (spirit) stone behind ka man back house /,man sees ka (spirit) above stone house behind / back,man sees ka (spirit) above stone house behind / back
power horizon rise god life above,god rise above horizon life power,god rise above horizon life power
above skins three road woman town sees vessel house fox,woman sees three fox skins above vessel house town road,woman sees three fox skins above vessel house town road
/ back god good deity life heart / beautiful / hear listen / behind thing,god / deity hear / listen heart behind / back beautiful / good life thing,god / deity hear / listen heart behind / back beautiful / good life thing
board / mat stool senet house town above scribe road sees,scribe sees senet board above stool / mat house town road,scribe sees senet board above stool / mat house town road
beautiful house / sees man woman heart good seated,seated man sees beautiful / good woman house heart,seated man sees beautiful / good woman house heart
drink woman house eat / sweet pellet / grain / speak,woman eat / drink / speak sweet grain / pellet house,woman eat / drink / speak sweet grain / pellet house
begets shelter / house town birth youth above gives road reed mother,mother gives birth / begets youth above reed shelter house town road,mother gives birth / begets youth above reed shelter house town road
