Input,Target,Prediction
road walks man horizon toward,man walks road toward horizon,man walks road toward horizon
farmer field plows grain food grows,farmer plows field grows grain food,farmer plows field grows grain food
behind king great servant the the stands,the servant stands behind the great king,the servant stands behind the great king
thousand power (plural authority thing marker) stroke god single stroke,single stroke stroke (plural marker) thousand thing power authority god,single stroke stroke (plural marker) thousand thing power authority god
journey horizon (ba) west god underground soul life,west horizon underground soul (ba) journey life god,west horizon underground soul (ba) journey life god
heart hears the the god cry great,the great god hears the heart cry,the great god hears the heart cry
on scribe the the writing makes brick,the scribe makes writing on the brick,the scribe makes writing on the brick
love life milk child mother jar,mother milk jar child life love,mother milk jar child life love
peace finds sky in the the soul,the soul finds peace in the sky,the soul finds peace in the sky
the stability gives to king the god,the god gives stability to the king,the god gives stability to the king
all backbone lord of the sees the,the lord of all sees the backbone,the lord of all sees the backbone
path the brick makes servant a of,the servant makes a path of brick,the servant makes a path of brick
in house snake the woman sees no,the woman sees no snake in house,the woman sees no snake in house
milk jar a of the gives master,the master gives a jar of milk,the master gives a jar of milk
gives peace god the to heart the,the god gives peace to the heart,the god gives peace to the heart
life people heart peace satisfy / love,heart love peace / satisfy life people,people love life peace / satisfy heart
the a gate brick scribe makes of,the scribe makes a gate of brick,the scribe makes a gate of brick
master the djed behind stands the pillar,the master stands behind the djed pillar,the master stands behind the djed pillar
offering plant life / reed field pellet grain leaf,reed leaf plant field grain / pellet life offering,reed leaf plant field grain / pellet life offering
life / peace people heart satisfy love,heart love peace / satisfy life people,people love life peace / satisfy heart
king of gives offering the an grain,the king gives an offering of grain,the king gives an offering of grain
heart fear force strength fire / storm,fire storm strength / force fear heart,fire storm fear strength / force heart
the becomes bright great a star soul,the great soul becomes a bright star,the great soul becomes a bright star
finds man venerated in the house peace,the venerated man finds peace in house,the venerated man finds peace in house
sees horizon star bird of head god eye sky,head of bird sky horizon sees eye god star,head of bird sky horizon sees eye god star
the the scribe on clump writes papyrus,the scribe writes on the papyrus clump,the scribe writes on the papyrus clump
above stars soul the sees a thousand,the soul sees a thousand stars above,the soul sees a thousand stars above
power (great) god swallow star swallow life sky,swallow swallow (great) sky star god life power,swallow swallow (great) sky star god life power
life heart woman love seated mother people,seated woman mother life love heart people,seated woman mother life love heart people
slope hill travel hill desert road,hill slope road desert hill travel,hill slope road desert hill travel
a holds rope tethering the servant now,the servant holds a tethering rope now,the servant holds a tethering rope now
the peace gives the world to god,the god gives peace to the world,the god gives peace to the world
a sees lotus plant woman the beautiful,the woman sees a beautiful lotus plant,the woman sees a beautiful lotus plant
long study scribe learns through writing,scribe learns writing through long study,scribe learns writing through long study
road hill desert hill slope travel,hill slope road desert hill travel,hill slope road desert hill travel
the scribe reads papyrus now scroll the,the scribe reads the papyrus scroll now,the scribe reads the papyrus scroll now
fox master the sees skins three the,the master sees the three fox skins,the master sees the three fox skins
the gives to strength servant master the,the master gives strength to the servant,the master gives strength to the servant
birth mother begets woman / life youth gives,gives birth / begets mother woman life youth,gives birth / begets mother woman life youth
(ba) god soul horizon life emerge star sky,emerge horizon sky life god soul (ba) star,emerge horizon sky life god soul (ba) star
a father the ring to child gives,the father gives a ring to child,the father gives a ring to child
great star bright becomes a soul the,the great soul becomes a bright star,the great soul becomes a bright star
all the sees lord horizon of the,the lord of all sees the horizon,the lord of all sees the horizon
the jar master sees milk the altar,the master sees the milk jar altar,the master sees the milk jar altar
a heart fire stone becomes the in,the heart becomes a stone in fire,the heart becomes a stone in fire
the scroll the scribe on papyrus writes,the scribe writes on the papyrus scroll,the scribe writes on the papyrus scroll
bread a the thousand gives god loaves,the god gives a thousand loaves bread,the god gives a thousand loaves bread
god owl above sky eye star sees,owl sees eye god sky star above,owl sees eye god sky star above
the a plant woman sees beautiful lotus,the woman sees a beautiful lotus plant,the beautiful woman sees a lotus plant
hand power force forearm king / authority strength life,forearm hand strength / force power authority life king,forearm hand strength / force power authority life king
in finds a house the woman jar,the woman finds a jar in house,the woman finds a jar in house
town in finds a woman ring the,the woman finds a ring in town,the woman finds a ring in town
lotus does ring make the a woman,the woman does make a lotus ring,the woman does make a lotus ring
for uses hoe man the a earth,the man uses a hoe for earth,the man uses a hoe for earth
power of tethering authority rope rope coil ring king god,tethering rope coil of rope ring power authority king god,coil of rope tethering rope ring power authority king god
desert emerges cobra the hill the from,the cobra emerges from the desert hill,the cobra emerges from the desert hill
light emerge god life sky horizon,emerge horizon sky light life god,emerge horizon sky light life god
king face god on power throne / seated (upon) /,face / on (upon) throne seated god / king power,face / on (upon) throne seated god / king power
/ king authority fear force strength power club,club strength / force authority king power fear,club strength / force authority king power fear
hand king power strength forearm / force life authority,forearm hand strength / force power authority life king,forearm hand strength / force power authority life king
father hears the of the heart son,the father hears the heart of son,the father hears the heart of son
a youth papyrus clump behind hides the,the youth hides behind a papyrus clump,the youth hides behind a papyrus clump
carries water vessel a of woman the,the woman carries a vessel of water,the woman carries a vessel of water
power future youth people strength force life /,youth strength / force life power people future,youth strength / force life power people future
god handle of with loaf peace bread temple offering altar basket / people,basket with handle offering loaf of bread god temple peace / altar people,basket with handle offering loaf of bread god temple peace / altar people
authority forearm force power strength / hand,forearm hand power authority strength / force,forearm hand power authority strength / force
king power tethering rope coil ring god of rope authority,tethering rope coil of rope ring power authority king god,coil of rope tethering rope ring power authority king god
house force fire life / strength,fire strength / force life house,fire strength / force life house
hides the cobra hill slope in the,the cobra hides in the hill slope,the cobra hides in the hill slope
the desert in lake a find people,the people find a lake in desert,the people find a lake in desert
a stone king makes temple of the,the king makes a temple of stone,the king makes a temple of stone
son heart of the the father hears,the father hears the heart of son,the father hears the heart of son
placenta life youth mother father people,father mother placenta life youth people,father mother placenta life youth people
fire strength house force / life,fire strength / force life house,fire strength / force life house
the a becomes in soul sky bird,the soul becomes a bird in sky,the soul becomes a bird in sky
sees of all horizon the the lord,the lord of all sees the horizon,the lord of all sees the horizon
finds in the city soul home a,the soul finds a home in city,the soul finds a home in city
lord hears master of the the voice,the lord hears the voice of master,the lord hears the voice of master
rack in pellet offering / jar grain jars,grain / pellet jar jars in rack offering,grain / pellet jar jars in rack offering
a lotus the nearby woman finds plant,the woman finds a lotus plant nearby,the woman finds a lotus plant nearby
writing master table the behind the sits,the master sits behind the writing table,the master sits behind the writing table
soul of life lake finds the the,the soul finds the lake of life,the soul finds the lake of life
star a shines top mountain the above,a star shines above the mountain top,a star shines above the mountain top
the returns to star soul the above,the soul returns to the star above,the soul returns to the star above
gives the king authority scribe to the,the king gives authority to the scribe,the king gives authority to the scribe
thousand things lord the beautiful gives a,the lord gives a thousand beautiful things,the lord gives a thousand beautiful things
eat bread / man of loaf / drink speak,man eat / drink / speak loaf of bread,man eat / drink / speak loaf of bread
the lord voice truth hears of the,the lord hears the voice of truth,the lord hears the voice of truth
/ satisfy life bolt heart door peace house,door bolt house peace / satisfy life heart,door bolt house peace / satisfy life heart
heart the fire becomes a in stone,the heart becomes a stone in fire,the heart becomes a stone in fire
chick old the man a quail sees,the old man sees a quail chick,the old man sees a quail chick
of ox youth the sees head the,the youth sees the head of ox,the youth sees the head of ox
sees of lord the ox head the,the lord sees the head of ox,the lord sees the head of ox
woman finds beauty the lotus in the,the woman finds beauty in the lotus,the woman finds beauty in the lotus
to a servant master gives the jar,the master gives a jar to servant,the master gives a jar to servant
life west exists is underground found) (or / opens,life opens / exists (or is found) underground west,life opens / exists (or is found) underground west
youth quail life town man chick people,quail chick youth life people town man,quail chick youth life people town man
king hears and people gives justice,king hears people and gives justice,king hears people and gives justice
upon places bread servant the altar the,the servant places bread upon the altar,the servant places bread upon the altar
people voice master the of hears the,the master hears the voice of people,the master hears the voice of people
servant house great the returns a to,a servant returns to the great house,a servant returns to the great house
sees lotus the woman a beautiful plant,the beautiful woman sees a lotus plant,the woman sees a beautiful lotus plant
the the cloth scribe upon folded writes,the scribe writes upon the folded cloth,the scribe writes upon the folded cloth
counts head cattle master a the thousand,the master counts a thousand cattle head,the master counts a thousand cattle head
above shines star desert night hill,star shines above desert hill night,star shines above desert hill night
of truth word a hears lord the,the lord hears a word of truth,the lord hears a word of truth
counts head cattle the master thousand a,the master counts a thousand cattle head,the master counts a thousand cattle head
/ water ripple grain river pellet field,river water ripple field grain / pellet,river water ripple field grain / pellet
scribe papyrus clump on writes the the,the scribe writes on the papyrus clump,the scribe writes on the papyrus clump
hill shines desert above star night,star shines above desert hill night,star shines above desert hill night
life great gives deity god / birth people,great god / deity gives birth life people,great god / deity gives birth life people
the soul a of becomes swallow sky,the soul becomes a swallow of sky,the soul becomes a swallow of sky
finds the west ba peace in soul,the soul ba finds peace in west,the soul ba finds peace in west
sickle plant a man a uses on,a man uses a sickle on plant,a man uses a sickle on plant
gives town of lord every the bread,the lord of every town gives bread,the lord of every town gives bread
god the great djed sees the pillar,the great god sees the djed pillar,the great god sees the djed pillar
in field stone a the woman finds,the woman finds a stone in field,the woman finds a stone in field
of makes a the servant coil rope,the servant makes a coil of rope,the servant makes a coil of rope
plant sickle a uses a man on,a man uses a sickle on plant,a man uses a sickle on plant
pen to the scribe uses a write,the scribe uses a pen to write,the scribe uses a pen to write
exists god the great the sky in,the great god exists in the sky,the great god guides the sky in sky
strength / people force life power future youth,youth strength / force life power people future,youth strength / force life power people future
the old upon sits the man stool,the old man sits upon the stool,the old man sits upon the stool
sits the above the throne king on,the king sits on the throne above,the king sits on the throne above
the gives mother father to jar a,the father gives a jar to mother,the father gives a jar to mother
on the the ground belly is animal,the animal belly is on the ground,the animal belly is on the ground
river road ripple town water cross,cross river water ripple road town,cross river water ripple road town
truth sees feather god heart (truth/maat),feather (truth/maat) heart truth god sees,feather (truth/maat) heart truth god sees
power deity strength great stability / / force mighty (djed) / god,god / deity great / mighty power strength / force stability (djed),god / deity great / mighty power strength / force stability (djed)
plows field youth small the the tills,the youth plows tills the small field,the youth plows tills the small field
symbol authority of king crown wears,king wears crown symbol of authority,king wears crown symbol of authority
sky (ba) light emerges soul horizon,soul (ba) emerges horizon sky light,soul (ba) emerges horizon sky light
the carries grain servant basket of a,the servant carries a basket of grain,the servant carries a basket of grain
finds the all heart of the lord,the lord of all finds the heart,the lord of all finds the heart
/ people give justice king listen hear,king hear / listen people give justice,king hear / listen people give justice
star in guides desert man a the,a star guides the man in desert,a star guides the man in desert
peace woman (satisfied) life love / content,woman love life peace / content (satisfied),woman love life peace / content (satisfied)
feather eye sees truth (truth/maat) god,god sees eye truth feather (truth/maat),god sees eye truth feather (truth/maat)
behind sits king brick stone the the,the king sits behind the stone brick,the king sits behind the stone brick
the does see west sky the soul,the soul does see the west sky,the soul does see the west sky
area tills servant riverbank the plows the,the servant plows tills the riverbank area,the servant plows tills the riverbank area
for hoe a work master the uses,the master uses a hoe for work,the master uses a hoe for work
the hears of the all servant lord,the servant hears the lord of all,the servant hears the lord of all
the a lotus sees thousand plants master,the master sees a thousand lotus plants,the master sees a thousand lotus plants
finds in the jar a woman town,the woman finds a jar in town,the woman finds a jar in town
the bread king scribe with eats the,the scribe eats bread with the king,the scribe eats bread with the king
scribe writes folded the the upon cloth,the scribe writes upon the folded cloth,the scribe writes upon the folded cloth
/ youth people woman birth gives begets life,woman gives birth / begets life youth people,woman gives birth / begets life youth people
people god bread loaf of offering temple / peace life altar,peace / altar offering loaf of bread god people life temple,peace / altar offering loaf of bread god people life temple
man seated heart house peace mat / satisfy stool life /,house stool / mat seated man peace / satisfy heart life,house stool / mat seated man peace / satisfy heart life
becomes the a spirit in soul sky,the soul becomes a spirit in sky,the soul becomes a spirit in sky
door gate content peace / bolt (satisfied) house,door bolt gate house peace / content (satisfied),door bolt gate house peace / content (satisfied)
(satisfied) / peace woman love content life,woman love life peace / content (satisfied),woman love life peace / content (satisfied)
king power great throne sits upon,king sits upon throne great power,king sits upon throne great power
the scribe authority gives to king the,the king gives authority to the scribe,the king gives authority to the scribe
power throne god stability (djed) throne king authority seat /,throne seat / throne authority power god king stability (djed),throne seat / throne authority power god king stability (djed)
reads scroll papyrus the now scribe the,the scribe reads the papyrus scroll now,the scribe reads the papyrus scroll now
stone the behind brick king the sits,the king sits behind the stone brick,the king sits behind the stone brick
king hears people of the the truth,the king hears the truth of people,the king hears the truth of people
the eats the bird great small grain,the great bird eats the small grain,the great bird eats the small grain
the servant master the gives to authority,the master gives authority to the servant,the master gives authority to the servant
(ba) soul afterlife west underground life,west underground soul (ba) afterlife life,west underground soul (ba) afterlife life
the bird sees the head youth of,the youth sees the head of bird,the youth sees the head of bird
the the to king people power gives,the king gives power to the people,the king gives power to the people
of soul west the the horizon sees,the soul sees the horizon of west,the soul sees the horizon of west
town cross ripple river road water,cross river water ripple road town,cross river water ripple road town
people king power justice hears speaks,king hears people speaks justice power,king hears people speaks justice power
of spirit fire the becomes a soul,the soul becomes a spirit of fire,the soul becomes a spirit of fire
a of all does thing lord the,the lord of all does a thing,the lord of all does a thing
woman life woman seated love heart,woman seated woman life love heart,woman seated woman life love heart
youth the the finds head of bird,the youth finds the head of bird,the youth finds the head of bird
woman a the finds bread of basket,the woman finds a basket of bread,the woman finds a basket of bread
fox the the skins three finds servant,the servant finds the three fox skins,the servant finds the three fox skins
across moves hill the cobra the desert,the cobra moves across the desert hill,the cobra moves across the desert hill
house / power life stone city brick people town,brick stone house city / town people life power,brick stone house city / town people life power
voice joyful with people praise god,people praise god with joyful voice,people praise god with joyful voice
life the of the soul lake finds,the soul finds the lake of life,the soul finds the lake of life
servant carries basket of the grain a,the servant carries a basket of grain,the servant carries a basket of grain
people sedge the to king life gives,the sedge king gives life to people,the sedge king gives life to people
great the the sees djed pillar god,the great god sees the djed pillar,the great god sees the djed pillar
gift gives the strength king the of,the king gives the gift of strength,the king gives the gift of strength
the in eats gate the scribe bread,the scribe eats bread in the gate,the scribe eats bread in the gate
door the the woman behind stays house,the woman stays behind the house door,the woman stays behind the house door
the the jar milk scribe finds inside,the scribe finds the milk jar inside,the scribe finds the milk jar inside
/ hill force mountain power horizon strength,hill mountain horizon strength / force power,hill mountain horizon strength / force power
master makes writing on vessel the the,the master makes writing on the vessel,the master makes writing on the vessel
soul becomes the now hare desert a,the soul becomes a desert hare now,the soul becomes a desert hare now
way to the city shows the horizon,the horizon shows the way to city,the horizon shows the way to city
plows field grain / life pellet hoe plant (repeated) people,hoe plows (repeated) field plant grain / pellet life people,hoe plows (repeated) field plant grain / pellet life people
great the storm a behind emerges mountain,a great storm emerges behind the mountain,a great storm emerges behind the mountain
a of the milk vessel gives servant,the servant gives a vessel of milk,the servant gives a vessel of milk
servant to gives the strength the master,the master gives strength to the servant,the master gives strength to the servant
lotus the nearby a finds woman plant,the woman finds a lotus plant nearby,the woman finds a lotus plant nearby
gate town found) opens / exists people life is (or,gate opens / exists (or is found) town people life,gate opens / exists (or is found) town people life
above sees sky star god horizon life,above horizon sky star god life sees,above horizon sky star god life sees
cross water ripple road town river,cross river water ripple road town,cross river water ripple road town
king plant sees the lotus the sedge,the sedge king sees the lotus plant,the sedge king sees the lotus plant
riverbank leaf water reed papyrus clump,riverbank reed leaf papyrus clump water,riverbank reed leaf papyrus clump water
of king horizon sky the sees the,the king sees the horizon of sky,the king sees the horizon of sky
marrow wisdom venerated / man old heart,old man venerated / marrow wisdom heart,old man venerated / marrow wisdom heart
the master the king gives authority to,the master gives authority to the king,the master gives authority to the king
power the the to people king gives,the king gives power to the people,the king gives power to the people
storm seek fear people house,people fear storm seek house,people fear storm seek house
plant lotus plant river ripple field water life,field plant lotus plant life water ripple river,field plant lotus plant life water ripple river
god above sky horizon sees star,above sky star horizon god sees,above sky star horizon god sees
grants and stability djed power god,god grants power and stability djed,god grants power and stability djed
the truth lord of every hears city,the lord of every city hears truth,the lord of every city hears truth
gift of king the life the gives,the king gives the gift of life,the king gives the gift of life
people (give) loaf conical life offering god,conical loaf (give) offering god people life,conical loaf (give) offering god people life
learns writing long through study scribe,scribe learns writing through long study,scribe learns writing through long study
the the from cobra emerges rack jar,the cobra emerges from the jar rack,the cobra emerges from the jar rack
/ force power big / hill mountain great strength,great / big mountain hill strength / force power,great / big mountain hill strength / force power
sky life god horizon emerge light,emerge horizon sky light life god,emerge horizon sky light life god
the the gate eats in scribe bread,the scribe eats bread in the gate,the scribe eats bread in the gate
truth every lord of city the hears,the lord of every city hears truth,the lord of every city hears truth
people stone house town brick / life city,brick stone house city / town people life,brick stone house city / town people life
from a scroll scribe reads the papyrus,the scribe reads from a papyrus scroll,the scribe reads from a papyrus scroll
god protects people with great strength,god protects people with great strength,god protects people with great strength
(or opens exists found) underground / is west life,life opens / exists (or is found) underground west,life opens / exists (or is found) underground west
the truth upon the lives word heart,the heart lives upon the word truth,the heart lives upon the word truth
man hears wisdom old god of,old man hears wisdom of god,old man hears wisdom of god
backbone / strength (djed) force power stability life,backbone stability (djed) strength / force life power,backbone stability (djed) strength / force life power
/ god three old heart fox venerated skins people marrow man life,three fox skins old man venerated / marrow heart life god people,three fox skins venerated / marrow old man heart life god people
water appears the star a above ripple,a star appears above the water ripple,a star appears above the water ripple
to town the youth finds a road,the youth finds a road to town,the youth finds a road to town
man desert hare the old sees the,the old man sees the desert hare,the old man sees the desert hare
thousand the gives lord things beautiful a,the lord gives a thousand beautiful things,the lord gives a thousand beautiful things
peace makes king the for people a,the king makes a peace for people,the king makes a peace for people
every of town bread the lord gives,the lord of every town gives bread,the lord of every town gives bread
gift strength the the gives of king,the king gives the gift of strength,the king gives the gift of strength
pen a write scribe to the uses,the scribe uses a pen to write,the scribe uses a pen to write
master now the land plows the tills,the master plows tills the land now,the master plows tills the land now
king the to the sedge lord gives,the king gives the sedge to lord,the king gives the sedge to lord
master uses on the chisel stone a,the master uses a chisel on stone,the master uses a chisel on stone
great gives birth deity life / god people,great god / deity gives birth life people,great god / deity gives birth life people
the the sedge gives to king lord,the king gives the sedge to lord,the king gives the sedge to lord
throne cloth / house seat seated man folded,folded cloth seat / throne seated man house,folded cloth seat / throne seated man house
youth the eats conical bread loaf a,the youth eats a conical loaf bread,the youth eats a conical loaf bread
board the on plays senet scribe the,the scribe plays on the senet board,the scribe plays on the senet board
stability people (djed) (ankh) god life power,life (ankh) power god people stability (djed),life (ankh) power god people stability (djed)
a of rope servant coil the makes,the servant makes a coil of rope,the servant makes a coil of rope
the the stability djed for king gives,the king gives the djed for stability,the king gives the djed for stability
scribe writing temple book scribe /,scribe writing / scribe book temple,scribe writing / scribe book temple
finds bird youth of sky a the,the youth finds a bird of sky,the youth finds a bird of sky
a carries fox servant the three skins,a servant carries the three fox skins,a servant carries the three fox skins
the people in the house peace find,the people find peace in the house,the people find peace in the house
life field water abundance ripple plant river,river water ripple field plant life abundance,river water ripple field plant life abundance
the gives a to master servant chisel,the master gives a chisel to servant,the master gives a chisel to servant
the lord of life the sees heart,the lord of life sees the heart,the lord of life sees the heart
plows ox (repeated) force field head strength of /,head of ox plows (repeated) field strength / force,head of ox plows (repeated) field strength / force
to king gives the authority father the,the king gives authority to the father,the king gives authority to the father
/ opens exists west underground found) life is (or,life opens / exists (or is found) underground west,life opens / exists (or is found) underground west
a uses for scribe work forearm a,a scribe uses a forearm for work,a scribe uses a forearm for work
soul (ba) sky star horizon,soul (ba) sky star horizon,soul (ba) sky star horizon
to god gives the heart peace the,the god gives peace to the heart,the god gives peace to the heart
life peace people heart satisfy /,peace / satisfy heart people life,peace / satisfy heart people life
riverbank near water holds flowing reeds,riverbank holds reeds near flowing water,riverbank holds reeds near flowing water
star sky a moves across desert the,a star moves across the desert sky,a star moves across the desert sky
snake woman the in no sees house,the woman sees no snake in house,the woman sees no snake in house
power to do thing do / king make authority god,do to do / make thing power authority god king,do to do / make thing power authority god king
finds a throne of the gold soul,the soul finds a throne of gold,the soul finds a throne of gold
counts pellets master a the thousand grain,the master counts a thousand grain pellets,the master counts a thousand grain pellets
heart man hear wisdom listen old /,old man wisdom heart hear / listen,old man wisdom heart hear / listen
great to king authority gives god the,the great god gives authority to king,the great god gives authority to king
the the moves hill viper horned on,the horned viper moves on the hill,the horned viper moves on the hill
small quail chick the sees youth the,the youth sees the small quail chick,the youth sees the small quail chick
life (to hare be) snake desert desert fear,desert hare (to be) fear snake desert life,desert hare (to be) fear snake desert life
milk servant the the now jar finds,the servant finds the milk jar now,the servant finds the milk jar now
eat drink loaf / speak / bread man of,man eat / drink / speak loaf of bread,man eat / drink / speak loaf of bread
people gives god the life to great,the great god gives life to people,the great god gives life to people
the under sky truth the scribe finds,the scribe finds truth under the sky,the scribe finds truth under the sky
sky sees woman the in a star,the woman sees a star in sky,the woman sees a star in sky
god king makes the a house for,the king makes a house for god,the king makes a house for god
man hill sees the old the desert,the old man sees the desert hill,the old man sees the desert hill
youth father mother people placenta life,father mother placenta life youth people,father mother placenta life youth people
top the mountain star shines above a,a star shines above the mountain top,a star shines above the mountain top
a the jar of master milk gives,the master gives a jar of milk,the master gives a jar of milk
life an makes lord the of offering,the lord makes an offering of life,the lord makes an offering of life
brick king of the a makes city,the king makes a city of brick,the king makes a city of brick
town quail town city / life gate chick people youth,quail chick youth life people town city / town gate,quail chick youth life people town city / town gate
bolt the door cobra lies a behind,a cobra lies behind the door bolt,a cobra lies behind the door bolt
the head of ox lord the sees,the lord sees the head of ox,the lord sees the head of ox
the djed ba soul the finds pillar,the soul ba finds the djed pillar,the soul ba finds the djed pillar
soul underground horizon journey (ba) west god life,west horizon underground soul (ba) journey life god,west horizon underground soul (ba) journey life god
god grants thousand life years,god grants life thousand years,god grants life thousand years
table master writing sits the behind the,the master sits behind the writing table,the master sits behind the writing table
knowledge book / scroll papyrus power writing scribe,book papyrus scroll writing / scribe knowledge power,book papyrus scroll writing / scribe knowledge power
force fear storm heart strength / man life sky,storm sky fear strength / force heart man life,storm sky fear strength / force heart man life
the king the of gives all basket,the king gives the basket of all,the king gives the basket of all
truth heart the finds temple the in,the heart finds truth in the temple,the heart finds truth in the temple
hill slope people life road mountain town,mountain hill slope road town people life,mountain hill slope road town people life
people brick life town city power stone house /,brick stone house city / town people life power,brick stone house city / town people life power
journey road town foot life people,foot road journey town life people,foot road journey town life people
the lord sees of backbone all the,the lord of all sees the backbone,the lord of all sees the backbone
hears father the heart the of word,the heart hears the word of father,the heart hears the word of father
father a sees chick emerge quail the,the father sees a quail chick emerge,the father sees a quail chick emerge
for altar placed upon offering god,offering placed upon altar for god,offering placed upon altar for god
the in the jars sees lord rack,the lord sees the jars in rack,the lord sees the jars in rack
force power horizon mountain / hill strength,hill mountain horizon strength / force power,hill mountain horizon strength / force power
(tills) life plant pellet / field cut offering plows grain,cut plant field plows (tills) grain / pellet life offering,cut plant field plows (tills) grain / pellet life offering
road / people town behind house life back gate,behind / back house road town gate people life,behind / back house road town gate people life
bolt house (satisfied) gate door / content peace,door bolt gate house peace / content (satisfied),door bolt gate house peace / content (satisfied)
the stones finds thousand brick a servant,the servant finds a thousand brick stones,the servant finds a thousand brick stones
youth repeated soil the the plows garden,the youth plows repeated the garden soil,the youth plows repeated the garden soil
town people gate back house behind road /,behind / back house gate road town people,behind / back house gate road town people
heart life the hears the of word,the heart hears the word of life,the heart hears the word of life
for god builds great king temple,king builds temple for great god,king builds temple for great god
king people hears justice gives and,king hears people and gives justice,king hears people and gives justice
upon lives truth the heart the word,the heart lives upon the word truth,the heart lives upon the word truth
life hill west horizon (ba) desert underground soul,desert hill horizon west underground soul (ba) life,desert hill horizon west underground soul (ba) life
return to the does man town old,the old man does return to town,the old man does return to town
stands the above gate the lord city,the lord stands above the city gate,the lord stands above the city gate
water people vessel life ripple jar,jar vessel water ripple life people,jar vessel water ripple life people
of father heart the the child hears,the father hears the heart of child,the father hears the heart of child
of the the woman birth placenta sees,the woman sees the placenta of birth,the woman sees the placenta of birth
town servant the to carries a hoe,the servant carries a hoe to town,the servant carries a hoe to town
the of the scribe eye god sees,the scribe sees the eye of god,the scribe sees the eye of god
woman jar milk a of finds the,the woman finds a jar of milk,the woman finds a jar of milk
the father a loaf gives of bread,the father gives a loaf of bread,the father gives a loaf of bread
servant in jars carries a the rack,a servant carries the jars in rack,a servant carries the jars in rack
three god heart venerated life people / marrow man skins old fox,three fox skins old man venerated / marrow heart life god people,three fox skins old man venerated / marrow heart life god people
twisted writing flax with scribe makes the,the scribe makes writing with twisted flax,the scribe makes writing with twisted flax
servant tethering walks behind the the rope,the servant walks behind the tethering rope,the servant walks behind the tethering rope
heart a god way to the finds,the heart finds a way to god,the heart finds a way to god
plows master tills land the now the,the master plows tills the land now,the master plows tills the land now
the city shows to the horizon way,the horizon shows the way to city,the horizon shows the way to city
finds a the road horizon to youth,the youth finds a road to horizon,the youth finds a road to horizon
people find the in temple truth the,the people find truth in the temple,the people find truth in the temple
the fox skins king the three gives,the king gives the three fox skins,the king gives the three fox skins
of becomes sky the a soul swallow,the soul becomes a swallow of sky,the soul becomes a swallow of sky
voice the hears the of authority servant,the servant hears the voice of authority,the servant hears the voice of authority
to the scribe gives the authority king,the king gives authority to the scribe,the king gives authority to the scribe
life offering / food grain people pellet,grain / pellet life food offering people,grain / pellet life food offering people
west in peace ba finds soul the,the soul ba finds peace in west,the soul ba finds peace in west
force / rope he strength power / tethering god rope authority king,tethering rope rope strength / force power authority he / king god,tethering rope rope strength / force power authority he / king god
a loaf of father the bread gives,the father gives a loaf of bread,the father gives a loaf of bread
power head authority ox altar / peace offering / strength of force god,head of ox strength / force power authority god offering peace / altar,head of ox strength / force power authority god offering peace / altar
chick man town life quail youth people,quail chick youth life people town man,quail chick youth life people town man
milk sits the the scribe behind jar,the scribe sits behind the milk jar,the scribe sits behind the milk jar
throne seated holds king authority power,seated king holds power authority throne,seated king holds power authority throne
mountain the behind emerges fire a great,a great fire emerges behind the mountain,a great fire emerges behind the mountain
finds a of sky the youth bird,the youth finds a bird of sky,the youth finds a bird of sky
field sickle servant a the carries to,the servant carries a sickle to field,the servant carries a sickle to field
lord the backbone all the sees of,the lord of all sees the backbone,the lord of all sees the backbone
/ scribe book scroll power writing knowledge papyrus,book papyrus scroll writing / scribe knowledge power,book papyrus scroll writing / scribe knowledge power
home fire gives family warmth to,fire gives warmth to family home,fire gives warmth to family home
river road cross water ripple town,cross river water ripple road town,cross river water ripple road town
scroll papyrus writes a scribe on the,the scribe writes on a papyrus scroll,the scribe writes on a papyrus scroll
the beautiful great god face the sees,the great god sees the beautiful face,the great god sees the beautiful face
cobra emerges the from the jar rack,the cobra emerges from the jar rack,the cobra emerges from the jar rack
of bird rope coil on sits the a,the bird sits on a coil of rope,the bird sits on a coil of rope
the temple of king a stone makes,the king makes a temple of stone,the king makes a temple of stone
to people life great gives god city,great god gives life to people city,great god gives life to people city
underground desert soul (ba) west life,desert underground west soul (ba) life,desert underground west soul (ba) life
is the reed the shelter inside cobra,the cobra is inside the reed shelter,the cobra is inside the reed shelter
life house a of king makes the,the king makes a house of life,the king makes a house of life
to servant gives strength the master the,the master gives strength to the servant,the master gives strength to the servant
truth soul of sees the the face,the soul sees the face of truth,the soul sees the face of truth
the eats grain the bird great small,the great bird eats the small grain,the great bird eats the small grain
life people vessel jar ripple water,jar vessel water ripple life people,jar vessel water ripple life people
servant a carries of coil the rope,the servant carries a coil of rope,the servant carries a coil of rope
the sees from the king hill horizon,the king sees the horizon from hill,the king sees the horizon from hill
old man wisdom / heart listen hear,old man wisdom heart hear / listen,old man wisdom heart hear / listen
the shelter is cobra inside the reed,the cobra is inside the reed shelter,the cobra is inside the reed shelter
finds sky under truth scribe the the,the scribe finds truth under the sky,the scribe finds truth under the sky
stone power / strength hill mountain stability force (djed),stone mountain hill strength / force power stability (djed),stone mountain hill strength / force power stability (djed)
people protects great god with strength,god protects people with great strength,god protects people with great strength
god rope coil of power rope tethering ring authority king,coil of rope tethering rope ring power authority king god,coil of rope tethering rope ring power authority king god
bird sky of head horizon swallow star,head of bird swallow sky star horizon,head of bird swallow sky star horizon
rack a the emerges jar from cobra,the cobra emerges from a jar rack,the cobra emerges from a jar rack
no the snake in woman sees house,the woman sees no snake in house,the woman sees no snake in house
king the hill desert walks upon the,the king walks upon the desert hill,the king walks upon the desert hill
sickle / grain pellet field plant cut,cut sickle plant field grain / pellet,cut sickle plant field grain / pellet
to servant master the the authority gives,the master gives authority to the servant,the master gives authority to the servant
west the finds place in soul a,the soul finds a place in west,the soul finds a place in west
papyrus the scroll a on scribe writes,the scribe writes on a papyrus scroll,the scribe writes on a papyrus scroll
sits ka upon the the spirit throne,the ka spirit sits upon the throne,the ka spirit sits upon the throne
opens people found) / exists is gate house (or,house opens / exists (or is found) gate people,house opens / exists (or is found) gate people
finds the house youth a sickle in,the youth finds a sickle in house,the youth finds a sickle in house
servant carries basket of the grain a,the servant carries a basket of grain,the servant carries a basket of grain
afterlife (ba) life underground west soul,west underground soul (ba) afterlife life,west underground soul (ba) afterlife life
sees sky god star head horizon bird of eye,head of bird sky horizon sees eye god star,head of bird sky horizon sees eye god star
the the king master to gives authority,the king gives authority to the master,the king gives authority to the master
woman sees the a in lotus water,the woman sees a lotus in water,the woman sees a lotus in water
hears word the heart of life the,the heart hears the word of life,the heart hears the word of life
jar a finds woman inside milk the,the woman finds a milk jar inside,the woman finds a milk jar inside
(spirit) ka soul life (ba) power god,ka (spirit) life soul (ba) power god,ka (spirit) life soul (ba) power god
uses master the adze chisel and a,the master uses a chisel and adze,the master uses a chisel and adze
to road the finds the youth city,the youth finds the road to city,the youth finds the road to city
people woman mother life milk love jar youth,milk jar mother youth life love people woman,milk jar mother youth life love people woman
city a to heart road the finds,the heart finds a road to city,the heart finds a road to city
/ stone mountain strength (djed) stability force hill power,stone mountain hill strength / force power stability (djed),stone mountain hill strength / force power stability (djed)
reed clump riverbank leaf papyrus lake,riverbank reed leaf papyrus clump lake,riverbank reed leaf papyrus clump lake
father the to gives bread the child,the father gives bread to the child,the father gives bread to the child
sky above sees star heart god eye,above sky star god sees eye heart,above sky star god sees eye heart
mountain the sees old a desert man,the old man sees a desert mountain,the old man sees a desert mountain
force belly / animal fear heart strength life,animal belly heart life strength / force fear,animal belly heart life strength / force fear
of book the scribe reads the life,the scribe reads the book of life,the scribe reads the book of life
life god great gives father to the,the great god gives life to father,the great god gives life to father
water field ripple river lake life,river lake water ripple life field,lake river water ripple life field
eats bread a house the scribe inside,a scribe eats bread inside the house,a scribe eats bread inside the house
a great field from emerges the snake,a great snake emerges from the field,a great snake emerges from the field
the scribe town in finds vessel a,a scribe finds the vessel in town,a scribe finds the vessel in town
ka a above star spirit becomes the,the ka spirit becomes a star above,the ka spirit becomes a star above
(or is west underground life found) opens exists /,life opens / exists (or is found) underground west,life opens / exists (or is found) underground west
the is reed shelter cobra under the,the cobra is under the reed shelter,the cobra is under the reed shelter
people the find the truth in temple,the people find truth in the temple,the people find truth in the temple
the the reed stays cobra shelter under,the cobra stays under the reed shelter,the cobra stays under the reed shelter
the town finds jar a in woman,the woman finds a jar in town,the woman finds a jar in town
behind hare the the desert is stone,the desert hare is behind the stone,the desert hare is behind the stone
the to returns a great house servant,a servant returns to the great house,a servant returns to the great house
hearts align fills when house peace,peace fills house when hearts align,peace fills house when hearts align
the river the bank horizon above stays,the horizon stays above the river bank,the horizon stays above the river bank
love life content satisfied peace people,people love peace content satisfied life,people love peace content satisfied life
the face the ba sees soul god,the soul ba sees the face god,the soul ba sees the face god
returns house servant the a to great,a servant returns to the great house,a servant returns to the great house
field water ripple life plant river abundance,river water ripple field plant life abundance,river water ripple field plant life abundance
power of town lord authority holds,lord of town holds authority power,lord of town holds authority power
throne god great authority king seated / power,seated god / king throne authority power great,seated god / king throne authority power great
backbone life / pillar grandfather god stability / power strength force (djed),pillar / grandfather backbone stability (djed) strength / force life god power,pillar / grandfather backbone stability (djed) strength / force life god power
gives the the to authority king master,the king gives authority to the master,the master gives authority to the king
face the youth of mother the sees,the youth sees the face of mother,the youth sees the face of mother
road upon walks the father now the,the father walks upon the road now,the father walks upon the road now
vessel offering life ripple jar people water,vessel jar water ripple life people offering,vessel jar water ripple life people offering
sky horizon the master the of sees,the master sees the horizon of sky,the master sees the horizon of sky
top the mountain above shines star a,a star shines above the mountain top,a star shines above the mountain top
heart word the hears life of the,the heart hears the word of life,the heart hears the word of life
beautiful great the the god world makes,the great god makes the world beautiful,the great god makes the world beautiful
to horizon the a youth finds road,the youth finds a road to horizon,the youth finds a road to horizon
near holds flowing water riverbank reeds,riverbank holds reeds near flowing water,riverbank holds reeds near flowing water
a carries basket brick of servant a,a servant carries a basket of brick,a servant carries a basket of brick
fear strength / heart storm fire force,fire storm fear strength / force heart,fire storm fear strength / force heart
in servant rack a carries jar the,the servant carries a jar in rack,the servant carries a jar in rack
cobra slope the hides in hill the,the cobra hides in the hill slope,the cobra hides in the hill slope
youth the clump a behind hides papyrus,the youth hides behind a papyrus clump,the youth hides behind a papyrus clump
city youth finds the road the to,the youth finds the road to city,the youth finds the road to city
temple great stone (djed) stability,temple stone stability (djed) great,temple stone stability (djed) great
the a fire heart in becomes stone,the heart becomes a stone in fire,the heart becomes a stone in fire
old the man to does town return,the old man does return to town,the old man does return to town
life house content servant / people heart peace (satisfied),servant people house life peace / content (satisfied) heart,servant people house life peace / content (satisfied) heart
(ankh) become scarab rebirth / life symbol,scarab / become life (ankh) symbol rebirth,scarab / become life (ankh) symbol rebirth
gate enters the ka spirit the stone,the ka spirit enters the stone gate,the ka spirit enters the stone gate
the king the sedge grain sees field,the sedge king sees the field grain,the sedge king sees the field grain
/ life strength force heart belly animal fear,animal belly heart life strength / force fear,animal belly heart life strength / force fear
god heart great the the speaks hears,the great god hears the heart speaks,the great god hears the heart speaks
of master stone the a uses chisel,the master uses a chisel of stone,the master uses a chisel of stone
riverbank leaf papyrus reed clump water,riverbank reed leaf papyrus clump water,riverbank reed leaf papyrus clump water
the now a holds servant rope tethering,the servant holds a tethering rope now,the servant holds a tethering rope now
the in gate the scribe eats bread,the scribe eats bread in the gate,the scribe eats bread in the gate
water bread peacefully drinks man eats,man eats bread drinks water peacefully,man eats bread drinks water peacefully
the the animal on ground is belly,the animal belly is on the ground,the animal belly is on the ground
master pillar djed the stands the behind,the master stands behind the djed pillar,the master stands behind the djed pillar
inside town gather dawn people at,people gather inside town at dawn,people gather inside town at dawn
star above god sees sky heart eye,above sky star god sees eye heart,above sky star god sees eye heart
papyrus emerges the clump a from cobra,the cobra emerges from a papyrus clump,the cobra emerges from a papyrus clump
quail sees small the woman the chick,the woman sees the small quail chick,the woman sees the small quail chick
near flowing riverbank holds reeds water,riverbank holds reeds near flowing water,riverbank holds reeds near flowing water
found) west is exists underground life (or opens /,life opens / exists (or is found) underground west,life opens / exists (or is found) underground west
altar loaf peace god of / bread offering,offering loaf of bread peace / altar god,offering loaf of bread peace / altar god
now the the plow servant does field,the servant does plow the field now,the servant does plow the field now
the tills youth small the field plows,the youth plows tills the small field,the youth plows tills the small field
finds now the milk servant the jar,the servant finds the milk jar now,the servant finds the milk jar now
soul finds the ba the pillar djed,the soul ba finds the djed pillar,the soul ba finds the djed pillar
three fox skins servant finds the the,the servant finds the three fox skins,the servant finds the three fox skins
toward city walks gate road man,man walks road toward city gate,man walks road toward city gate
finds jars the the soul rack in,the soul finds the jars in rack,the soul finds the jars in rack
life west (ba) soul underground,west underground soul (ba) life,west underground soul (ba) life
woman sees the house no snake in,the woman sees no snake in house,the woman sees no snake in house
god horizon life sky emerge star light,horizon sky star light god emerge life,horizon sky star light god emerge life
jars god life vessel jar rack in offering people,jars in rack jar vessel offering god people life,jars in rack jar vessel offering god people life
the the vessel master altar places on,the master places the vessel on altar,the master places the vessel on altar
town road leads city / gate,road leads city / town gate,road leads city / town gate
city finds the a to youth road,the youth finds a road to city,the youth finds a road to city
great god king to gives authority the,the great god gives authority to king,the great god gives authority to king
the servant tethering a now rope holds,the servant holds a tethering rope now,the servant holds a tethering rope now
the king grain the field sees sedge,the sedge king sees the field grain,the sedge king sees the field grain
strength king / power tethering rope force authority he god / rope,tethering rope rope strength / force power authority he / king god,tethering rope rope strength / force power authority he / king god
flows city beside bringing river life,river flows beside city bringing life,river flows beside city bringing life
for house makes god king a the,the king makes a house for god,the king makes a house for god
the king a of makes life house,the king makes a house of life,the king makes a house of life
peace no war in the heart finds,the heart finds no peace in war,the heart finds no peace in war
star head above swallow god sky horizon of bird,head of bird swallow sky horizon above god star,head of bird swallow sky horizon above god star
voice joyful god praise people with,people praise god with joyful voice,people praise god with joyful voice
the man again a plows strong field,a strong man plows the field again,a strong man plows the field again
home fire warmth to gives family,fire gives warmth to family home,fire gives warmth to family home
strength force (repeated) head / field ox plows of,head of ox plows (repeated) field strength / force,head of ox plows (repeated) field strength / force
sees the riverbank man the old green,the old man sees the riverbank green,the old man sees the riverbank green
/ road gate city town life people,city / town gate road people life,city / town gate road people life
animal a scribe upon writes the belly,a scribe writes upon the animal belly,a scribe writes upon the animal belly
truth god sees heart man,god sees heart man truth,god sees heart man truth
finds a grain basket the woman of,the woman finds a basket of grain,the woman finds a basket of grain
in the finds jar woman a town,the woman finds a jar in town,the woman finds a jar in town
rebirth become / symbol life scarab (ankh),scarab / become life (ankh) symbol rebirth,scarab / become life (ankh) symbol rebirth
through long writing study scribe learns,scribe learns writing through long study,scribe learns writing through long study
heart door house peace bolt satisfy / life,door bolt house peace / satisfy life heart,door bolt house peace / satisfy life heart
conical people (give) loaf life offering god,conical loaf (give) offering god people life,conical loaf (give) offering god people life
horizon sky of the sees the master,the master sees the horizon of sky,the master sees the horizon of sky
bird head horizon sky god star of eye sees,head of bird sky horizon sees eye god star,head of bird sky horizon sees eye god star
life servant the gives the to master,the master gives life to the servant,the master gives life to the servant
heart content / peace beautiful (satisfied) life good /,beautiful / good life peace / content (satisfied) heart,beautiful / good life peace / content (satisfied) heart
peace of altar life god offering head / people ox temple,head of ox offering peace / altar god temple people life,head of ox offering peace / altar god temple people life
from life and water earth emerges,life emerges from water and earth,life emerges from water and earth
stability / force power / grandfather backbone life pillar (djed) strength god,pillar / grandfather backbone stability (djed) strength / force life god power,pillar / grandfather backbone stability (djed) strength / force life god power
the finds beauty the in woman lotus,the woman finds beauty in the lotus,the woman finds beauty in the lotus
wall the scribe makes writing on the,the scribe makes writing on the wall,the scribe makes writing on the wall
the hoe town to carries servant a,the servant carries a hoe to town,the servant carries a hoe to town
bread the gate in the scribe eats,the scribe eats bread in the gate,the scribe eats bread in the gate
a to road city heart the finds,the heart finds a road to city,the heart finds a road to city
child the hears father of heart the,the father hears the heart of child,the father hears the heart of child
the head the sees lord ox of,the lord sees the head of ox,the lord sees the head of ox
temple truth in a hears scribe the,a scribe hears truth in the temple,a scribe hears truth in the temple
river water people life lake ripple offering,lake water ripple river life people offering,lake water ripple river life people offering
rope coil of god tethering ring authority power king rope,tethering rope coil of rope ring power authority king god,coil of rope tethering rope ring power authority king god
brick a makes of the city king,the king makes a city of brick,the king makes a city of brick
black repeated man soil plows the the,the man plows repeated the black soil,the man plows repeated the black soil
a gives book to father the youth,the father gives a book to youth,the father gives a book to youth
gives child mother a to a birth,a mother gives birth to a child,a mother gives birth to a child
writing seated / book papyrus man scroll life people scribe temple,writing / scribe seated man papyrus scroll book temple people life,writing / scribe seated man papyrus scroll book temple people life
to above the soul returns the star,the soul returns to the star above,the soul returns to the star above
a horizon finds heart road the to,the heart finds a road to horizon,the heart finds a road to horizon
upon the now the riverbank stands father,the father stands upon the riverbank now,the father stands upon the riverbank now
shines top above mountain a star the,a star shines above the mountain top,a star shines above the mountain top
sky horizon above sees god star,above sky star horizon god sees,above sky star horizon god sees
/ drink man speak of loaf bread eat /,man eat / drink / speak loaf of bread,man eat / drink / speak loaf of bread
sees papyrus grow scribe the clump the,the scribe sees the papyrus clump grow,the scribe sees the papyrus clump grow
a write uses pen scribe the to,the scribe uses a pen to write,the scribe uses a pen to write
and master chisel adze a uses the,the master uses a chisel and adze,the master uses a chisel and adze
scribe the on board senet plays the,the scribe plays on the senet board,the scribe plays on the senet board
city / road life people town gate,city / town gate road people life,city / town gate road people life
of sky a soul swallow becomes the,the soul becomes a swallow of sky,the soul becomes a swallow of sky
above star god horizon sees sky,above sky star horizon god sees,above sky star horizon god sees
lord upon above throne the the sits,the lord sits upon the throne above,the lord sits upon the throne above
stone uses chisel on master the a,the master uses a chisel on stone,the master uses a chisel on stone
people king the gives power to the,the king gives power to the people,the king gives power to the people
above hill desert the emerges cobra the,the cobra emerges above the desert hill,the cobra emerges above the desert hill
to ring a mother father gives the,the father gives a ring to mother,the father gives a ring to mother
welcomes door people opens inside house,house opens door welcomes people inside,house opens door welcomes people inside
upon lives heart the word the truth,the heart lives upon the word truth,the heart lives upon the word truth
sees grain the king field the sedge,the sedge king sees the field grain,the sedge king sees the field grain
jar child milk life love mother,mother milk jar child life love,mother milk jar child life love
the above throne sits upon lord the,the lord sits upon the throne above,the lord sits upon the throne above
behind sits master the table writing the,the master sits behind the writing table,the master sits behind the writing table
twisted flax rope authority rope king power tethering / force strength,twisted flax rope tethering rope strength / force power king authority,twisted flax rope tethering rope strength / force power king authority
the soul horizon waits upon west the,the soul waits upon the west horizon,the soul waits upon the west horizon
sky soul (ba) star rises to,soul (ba) rises to sky star,soul (ba) rises to sky star
makes the for gate a town king,the king makes a gate for town,the king makes a gate for town
family home fire warmth gives to,fire gives warmth to family home,fire gives warmth to family home
life foot road journey town people,foot road journey town life people,foot road journey town life people
life people god great gives to the,the great god gives life to people,the great god gives life to people
the sky in king star sees the,the king sees the star in sky,the king sees the star in sky
/ house people seated stool mat man content seat peace / / throne life (satisfied),seat / throne stool / mat seated man house peace / content (satisfied) life people,seat / throne stool / mat seated man house peace / content (satisfied) life people
town behind people house back / road gate,behind / back house gate road town people,behind / back house gate road town people
repeated soil the plows man the black,the man plows repeated the black soil,the man plows repeated the black soil
king the behind the great stands servant,the servant stands behind the great king,the servant stands behind the great king
king house life of a makes the,the king makes a house of life,the king makes a house of life
field in woman the finds jar a,the woman finds a jar in field,the woman finds a jar in field
the man town old does to return,the old man does return to town,the old man does return to town
father the gives ring to child a,the father gives a ring to child,the father gives a ring to child
the gives stability to the king god,the god gives stability to the king,the god gives stability to the king
sees a beautiful the woman plant lotus,the woman sees a beautiful lotus plant,the beautiful woman sees a lotus plant
a to heart finds road city the,the heart finds a road to city,the heart finds a road to city
truth sees the of soul the face,the soul sees the face of truth,the soul sees the face of truth
the to life gives god great people,the great god gives life to people,the great god gives life to people
fear hears the voice of no lord,the lord hears no voice of fear,the lord hears no voice of fear
face on authority power throne (upon) god /,face / on (upon) god power authority throne,face / on (upon) god power authority throne
when house align peace fills hearts,peace fills house when hearts align,peace fills house when hearts align
the the beautiful face great sees god,the great god sees the beautiful face,the great god sees the beautiful face
to ring mother father a the gives,the father gives a ring to mother,the father gives a ring to mother
field power plows the with servant the,the servant plows the field with power,the servant plows the field with power
woman the milk the find jar does,the woman does find the milk jar,the woman does find the milk jar
bolt life people door peace satisfy heart house / gate,door bolt gate house peace / satisfy heart life people,door bolt gate house peace / satisfy heart life people
king temple great for builds god,king builds temple for great god,king builds temple for great god
bread loaf peace of offering god altar /,offering loaf of bread peace / altar god,offering loaf of bread peace / altar god
truth the people in temple find the,the people find truth in the temple,the people find truth in the temple
great throne upon god stability king / power seated (djed) / face mighty authority /,face / upon throne seated god / king power authority great / mighty stability (djed),face / upon throne seated god / king power authority great / mighty stability (djed)
plant field pellet / grain cut plows (tills),cut plant field plows (tills) grain / pellet,cut plant field plows (tills) grain / pellet
scribe jars the carries rack the in,the scribe carries the jars in rack,the scribe carries the jars in rack
river a finds stone in the woman,the woman finds a stone in river,the woman finds a stone in river
(satisfied) heart beautiful peace good / life content /,beautiful / good life peace / content (satisfied) heart,beautiful / good life peace / content (satisfied) heart
/ skins man three heart fox old venerated god marrow life people,three fox skins venerated / marrow old man heart life god people,three fox skins old man venerated / marrow heart life god people
bird scribe the head the of sees,the scribe sees the head of bird,the scribe sees the head of bird
master hoe uses for the a work,the master uses a hoe for work,the master uses a hoe for work
voice hears lord fear the no of,the lord hears no voice of fear,the lord hears no voice of fear
of soul sees face the the truth,the soul sees the face of truth,the soul sees the face of truth
a west in star sees soul the,the soul sees a star in west,the soul sees a star in west
field pellet / river water grain ripple,river water ripple field grain / pellet,river water ripple field grain / pellet
give justice / listen people king hear,king hear / listen people give justice,king hear / listen people give justice
people grain life / offering pellet food,grain / pellet life food offering people,grain / pellet life food offering people
old stool man the sits upon the,the old man sits upon the stool,the old man sits upon the stool
death life west after in continues,life continues after death in west,life continues after death in west
pellet people / jar offering in life god jars rack grain,grain / pellet jar jars in rack offering life people god,grain / pellet jar jars in rack offering life people god
sees horizon life star god above sky,above horizon sky star god life sees,above horizon sky star god life sees
finds the jar milk the servant now,the servant finds the milk jar now,the servant finds the milk jar now
of head the youth sees ox the,the youth sees the head of ox,the youth sees the head of ox
a carries rack jars in servant the,a servant carries the jars in rack,a servant carries the jars in rack
storm seeks man and shelter fears,man fears storm and seeks shelter,man fears storm and seeks shelter
god the world to peace the gives,the god gives peace to the world,the god gives peace to the world
deity authority / power big / god throne great,great / big god / deity power authority throne,great / big god / deity power authority throne
child begets gives birth mother life /,mother gives birth / begets child life,mother gives birth / begets child life
a sky soul swallow the of becomes,the soul becomes a swallow of sky,the soul becomes a swallow of sky
wood stool of the a finds servant,the servant finds a stool of wood,the servant finds a stool of wood
scroll scribe from a reads papyrus the,the scribe reads from a papyrus scroll,the scribe reads from a papyrus scroll
field does the the plow servant now,the servant does plow the field now,the servant does plow the field now
the field with servant hoe the plows,the servant plows the field with hoe,the servant plows the field with hoe
carries brick servant stone a heavy the,a servant carries the heavy stone brick,a servant carries the heavy stone brick
love peace heart / life satisfy people,people love life peace / satisfy heart,heart love peace / satisfy life people
people jar life water ripple vessel,jar vessel water ripple life people,jar vessel water ripple life people
youth head the bird of the finds,the youth finds the head of bird,the youth finds the head of bird
life power people city stone brick house / town,brick stone house city / town people life power,brick stone house city / town people life power
door (satisfied) / gate house bolt peace content,door bolt gate house peace / content (satisfied),door bolt gate house peace / content (satisfied)
life of symbol scarab becomes rebirth,scarab becomes life symbol of rebirth,scarab becomes life symbol of rebirth
a woman of jar finds the milk,the woman finds a jar of milk,the woman finds a jar of milk
heart force strength fear / fire storm,fire storm strength / force fear heart,fire storm fear strength / force heart
exists the great sky god the in,the great god exists in the sky,the great god guides the sky
servant the the jar milk now finds,the servant finds the milk jar now,the servant finds the milk jar now
the great the exists god in sky,the great god exists in the sky,the great god exists in the sky
content cloth house / people seat seated throne / (satisfied) peace man life folded,folded cloth seat / throne seated man house peace / content (satisfied) life people,folded cloth seat / throne seated man house peace / content (satisfied) life people
heart the the truth temple in finds,the heart finds truth in the temple,the heart finds truth in the temple
plant cobra emerges the from lotus the,the cobra emerges from the lotus plant,the cobra emerges from the lotus plant
the shelter cobra reed is under the,the cobra is under the reed shelter,the cobra is under the reed shelter
cobra the rope the is coil above,the cobra is above the coil rope,the cobra is above the coil rope
the hole cobra the from emerge does,the cobra does emerge from the hole,the cobra does emerge from the hole
handle life food with people basket offering,basket with handle offering food people life,basket with handle offering food people life
reed is the under cobra the shelter,the cobra is under the reed shelter,the cobra is under the reed shelter
finds the ba djed pillar soul the,the soul ba finds the djed pillar,the soul ba finds the djed pillar
emerges folded the from cloth the cobra,the cobra emerges from the folded cloth,the cobra emerges from the folded cloth
desert life west (ba) soul underground,desert underground west soul (ba) life,desert underground west soul (ba) life
bird youth finds the sky a of,the youth finds a bird of sky,the youth finds a bird of sky
under shelter reed cobra the the stays,the cobra stays under the reed shelter,the cobra stays under the reed shelter
through guides god underground dark soul,god guides soul through dark underground,god guides soul through dark underground
heart love life (ankh) mother father,father mother life (ankh) love heart,father mother life (ankh) love heart
god wisdom hears man old of,old man hears wisdom of god,old man hears wisdom of god
king mighty power (king) sedge / throne great,king sedge (king) power great / mighty throne,king sedge (king) power great / mighty throne
loaf bread gives father the of a,the father gives a loaf of bread,the father gives a loaf of bread
moves desert cobra hill the across the,the cobra moves across the desert hill,the cobra moves across the desert hill
woman sits the lotus the behind plant,the woman sits behind the lotus plant,the woman sits behind the lotus plant
the to servant authority the master gives,the master gives authority to the servant,the master gives authority to the servant
hoe / (tills) plows field pellet grain plant,hoe plows (tills) field plant grain / pellet,hoe plows (tills) field plant grain / pellet
under the cobra stays reed shelter the,the cobra stays under the reed shelter,the cobra stays under the reed shelter
throne / authority seat king throne power,authority power king throne seat / throne,authority power king throne seat / throne
of lord head sees the the ox,the lord sees the head of ox,the lord sees the head of ox
quail town chick life man youth people,quail chick youth life people town man,quail chick youth life people town man
the river swallow flies the above great,the great swallow flies above the river,the great swallow flies above the river
wisdom god man old hears of,old man hears wisdom of god,old man hears wisdom of god
milk the house carries youth jar the,the youth carries the milk jar house,the youth carries the milk jar house
lord holds town power authority of,lord of town holds authority power,lord of town holds authority power
king a brick the of city makes,the king makes a city of brick,the king makes a city of brick
cloth writes folded scribe upon the the,the scribe writes upon the folded cloth,the scribe writes upon the folded cloth
soul life (ba) west underground desert,desert underground west soul (ba) life,desert underground west soul (ba) life
the servant with plows great a strength,the servant plows with a great strength,the servant plows with a great strength
ring the woman town finds in a,the woman finds a ring in town,the woman finds a ring in town
in the a guides star desert man,a star guides the man in desert,a star guides the man in desert
finds the a house sickle in youth,the youth finds a sickle in house,the youth finds a sickle in house
gate people / town life road city,city / town gate road people life,city / town gate road people life
great sits the people the above king,the king sits above the great people,the king sits above the great people
see king of the people face the,the people see the face of king,the people see the face of king
the book of the scribe god reads,the scribe reads the book of god,the scribe reads the book of god
the djed stands the master behind pillar,the master stands behind the djed pillar,the master stands behind the djed pillar
god in the exists sky great the,the great god exists in the sky,the great god exists in the sky
work does great of master the a,the master does a work of great,the master does a work of great
horizon becomes of a road fire the,the horizon becomes a road of fire,the horizon becomes a road of fire
uses master hoe a the work for,the master uses a hoe for work,the master uses a hoe for work
symbol king of wears crown authority,king wears crown symbol of authority,king wears crown symbol of authority
gives the king the youth power to,the king gives power to the youth,the king gives power to the youth
loaf peace of / god bread offering altar,offering loaf of bread peace / altar god,offering loaf of bread peace / altar god
people protects / god power great mighty,god protects people great / mighty power,god protects people great / mighty power
writing book scribe knowledge / power scroll papyrus,book papyrus scroll writing / scribe knowledge power,book papyrus scroll writing / scribe knowledge power
the scribe brick wall a makes of,the scribe makes a wall of brick,the scribe makes a wall of brick
carries servant the heavy brick a stone,a servant carries the heavy stone brick,a servant carries the heavy stone brick
power god (ankh) (djed) people stability life,life (ankh) power god people stability (djed),life (ankh) power god people stability (djed)
mountain the behind the hides horizon sun,the horizon hides the sun behind mountain,the horizon hides the sun behind mountain
water servant the jar of a carries,the servant carries a jar of water,the servant carries a jar of water
way shows horizon city the the to,the horizon shows the way to city,the horizon shows the way to city
the great servant with strength plows a,the servant plows with a great strength,the servant plows with a great strength
rack cobra from a the emerges jar,the cobra emerges from a jar rack,the cobra emerges from a jar rack
grain of the a finds woman basket,the woman finds a basket of grain,the woman finds a basket of grain
the small youth quail the chick finds,the youth finds the small quail chick,the youth finds the small quail chick
hear people listen king give justice /,king hear / listen people give justice,king hear / listen people give justice
adze master to an gives servant the,the master gives an adze to servant,the master gives an adze to servant
servant holds now a tethering the rope,the servant holds a tethering rope now,the servant holds a tethering rope now
milk strong grows food with child,child grows strong with food milk,child grows strong with food milk
of god force / offering power peace ox / authority strength head altar,head of ox strength / force power authority god offering peace / altar,head of ox strength / force power authority god offering peace / altar
great beautiful the the god world makes,the great god makes the world beautiful,the great god makes the world beautiful
mountain storm great a emerges behind the,a great storm emerges behind the mountain,a great storm emerges behind the mountain
king sedge (king) great / throne mighty power,king sedge (king) power great / mighty throne,king sedge (king) power great / mighty throne
does woman the find jar milk the,the woman does find the milk jar,the woman does find the milk jar
the coil of rope servant carries a,the servant carries a coil of rope,the servant carries a coil of rope
makes the the god great beautiful world,the great god makes the world beautiful,the great god makes the world beautiful
makes wood gate the master of a,the master makes a gate of wood,the master makes a gate of wood
man the the authority gives to master,the master gives authority to the man,the master gives authority to the man
stool / satisfy seated / life mat heart peace man house,house stool / mat seated man peace / satisfy heart life,house stool / mat seated man peace / satisfy heart life
road father the the walks upon now,the father walks upon the road now,the father walks upon the road now
fear force storm heart fire / strength,fire storm fear strength / force heart,fire storm fear strength / force heart
sees the the quail small chick woman,the woman sees the small quail chick,the woman sees the small quail chick
bird fire becomes of soul a the,the soul becomes a bird of fire,the soul becomes a bird of fire
cry god the great hears heart the,the great god hears the heart cry,the great god hears the heart cry
brick scribe on the makes writing the,the scribe makes writing on the brick,the scribe makes writing on the brick
the field in a finds jar woman,the woman finds a jar in field,the woman finds a jar in field
(ba) underground emerge west god life soul power,underground west soul (ba) life god power emerge,underground west soul (ba) life god power emerge
temple authority adze god chisel power stone,chisel adze stone temple power authority god,chisel adze stone temple power authority god
scribe writing flax the makes twisted with,the scribe makes writing with twisted flax,the scribe makes writing with twisted flax
(satisfied) love heart peace / man content seated,seated man heart love peace / content (satisfied),seated man heart love peace / content (satisfied)
to gives servant master the the life,the master gives life to the servant,the master gives life to the servant
the youth house the milk jar carries,the youth carries the milk jar house,the youth carries the milk jar house
the woman to the bread youth gives,the woman gives bread to the youth,the woman gives bread to the youth
old man hear wisdom listen heart /,old man wisdom heart hear / listen,old man wisdom heart hear / listen
the town a people sees thousand father,the father sees a thousand people town,the father sees a thousand people town
authority the of servant the hears voice,the servant hears the voice of authority,the servant hears the voice of authority
finds to a the heart peace road,the heart finds a road to peace,the heart finds a road to peace
carries servant stone heavy the a brick,a servant carries the heavy stone brick,a servant carries the heavy stone brick
gives god peace to the the heart,the god gives peace to the heart,the god gives peace to the heart
loaf gives father bread the conical a,the father gives a conical loaf bread,the father gives a conical loaf bread
sees fly father the the great swallow,the father sees the great swallow fly,the father sees the great swallow fly
the the in finds rack jars youth,the youth finds the jars in rack,the youth finds the jars in rack
cloth the folded is the cobra under,the cobra is under the folded cloth,the cobra is under the folded cloth
milk the jar of gives a woman,the woman gives a jar of milk,the woman gives a jar of milk
heart woman life mother seated love people,seated woman mother life love heart people,seated woman mother life love heart people
makes on brick writing the master the,the master makes writing on the brick,the master makes writing on the brick
grain plant / pellet papyrus clump field offering life,papyrus clump field plant life grain / pellet offering,papyrus clump field plant life grain / pellet offering
road town gate riverbank people cross,cross road riverbank town people gate,cross road riverbank town people gate
sky horizon (ba) soul star,soul (ba) sky star horizon,soul (ba) sky star horizon
a woman the town finds in jar,the woman finds a jar in town,the woman finds a jar in town
town people a the makes for king,the king makes a town for people,the king makes a town for people
river people reach cross to town,people cross river to reach town,people cross river to reach town
of sees the face mother woman the,the woman sees the face of mother,the woman sees the face of mother
(ankh) heart life become scarab /,scarab / become life (ankh) heart,scarab / become life (ankh) heart
of scarab rebirth becomes symbol life,scarab becomes life symbol of rebirth,scarab becomes life symbol of rebirth
/ grain field plows offering pellet (tills),plows (tills) field grain / pellet offering,plows (tills) field grain / pellet offering
man wisdom old heart god,old man heart wisdom god,old man heart wisdom god
the a grain servant uses for hoe,the servant uses a hoe for grain,the servant uses a hoe for grain
life mother birth youth woman begets gives /,gives birth / begets mother woman life youth,gives birth / begets mother woman life youth
light god emerges from bringing horizon,god emerges from horizon bringing light,god emerges from horizon bringing light
horizon (ba) journey west god life soul underground,west horizon underground soul (ba) journey life god,west horizon underground soul (ba) journey life god
the the house great emerges from fire,the great fire emerges from the house,the great fire emerges from the house
field grain plows / (tills) pellet offering,plows (tills) field grain / pellet offering,plows (tills) field grain / pellet offering
folded the cobra the is under cloth,the cobra is under the folded cloth,the cobra is under the folded cloth
the woman the behind stays door house,the woman stays behind the house door,the woman stays behind the house door
swallow great fly sees the the king,the king sees the great swallow fly,the king sees the great swallow fly
in becomes soul star the sky a,the soul becomes a star in sky,the soul becomes a star in sky
town hoe the a carries servant to,the servant carries a hoe to town,the servant carries a hoe to town
/ people life grain offering food pellet,grain / pellet life food offering people,grain / pellet life food offering people
shelter content reed peace / (satisfied) people woman life man house,reed shelter house peace / content (satisfied) people life woman man,reed shelter house peace / content (satisfied) people life woman man
soul sky god (ba) life emerge star horizon,emerge horizon sky life god soul (ba) star,emerge horizon sky life god soul (ba) star
heart / life satisfy peace people,peace / satisfy heart people life,peace / satisfy heart people life
birth a a gives mother to youth,a mother gives birth to a youth,a mother gives birth to a youth
servant plows the field the again repeated,the servant plows repeated the field again,the servant plows repeated the field again
sees youth of head the the bird,the youth sees the head of bird,the youth sees the head of bird
the youth the bird does head see,the youth does see the head bird,the youth does see the head bird
man a hill old sees the desert,the old man sees a desert hill,the old man sees a desert hill
road horizon the a heart to finds,the heart finds a road to horizon,the heart finds a road to horizon
people heart youth life mother father placenta,father mother placenta youth life people heart,father mother placenta youth life people heart
the places altar on vessel master the,the master places the vessel on altar,the master places the vessel on altar
scribe skins finds three the the fox,the scribe finds the three fox skins,the scribe finds the three fox skins
of voice the people hears lord the,the lord hears the voice of people,the lord hears the voice of people
of head sees ox king the the,the king sees the head of ox,the king sees the head of ox
authority great throne power / king sedge mighty (king) god,sedge (king) throne power authority king god great / mighty,sedge (king) throne power authority king god great / mighty
king throne power / (king) great sedge mighty,king sedge (king) power great / mighty throne,sedge (king) throne power great / mighty
god life scribe people temple writing papyrus scroll book /,papyrus scroll writing / scribe book temple people life god,papyrus scroll writing / scribe book temple people life god
river ripple life water lake field,river lake water ripple life field,lake river water ripple life field
the field woman in finds stone a,the woman finds a stone in field,the woman finds a stone in field
desert hill road travel slope hill,hill slope road desert hill travel,hill slope road desert hill travel
the chick quail sees small woman the,the woman sees the small quail chick,the woman sees the small quail chick
the the all of servant hears lord,the servant hears the lord of all,the servant hears the lord of all
the face sees of the soul truth,the soul sees the face of truth,the soul sees the face of truth
/ club force fear strength authority power king,club strength / force authority king power fear,club strength / force authority king power fear
love peace heart life people / satisfy,people love life peace / satisfy heart,heart love peace / satisfy life people
swallow sky star horizon of bird head,head of bird swallow sky star horizon,head of bird swallow sky star horizon
stability for the djed gives the king,the king gives the djed for stability,the king gives the djed for stability
water river ripple life plant field abundance,river water ripple field plant life abundance,river water ripple field plant life abundance
life after in west death continues,life continues after death in west,life continues after death in west
on the scribe writes the clump papyrus,the scribe writes on the papyrus clump,the scribe writes on the papyrus clump
lord sees horizon the of all the,the lord of all sees the horizon,the lord of all sees the horizon
grain sickle cut plant pellet field /,cut sickle plant field grain / pellet,cut sickle plant field grain / pellet
bread scribe by the the lake eats,the scribe eats bread by the lake,the scribe eats bread by the lake
temple ba eats the in soul bread,the soul ba eats bread in temple,the soul ba eats bread in temple
bird a finds the youth of sky,the youth finds a bird of sky,the youth finds a bird of sky
loaf eats conical a youth bread the,the youth eats a conical loaf bread,the youth eats a conical loaf bread
emerge power life underground (ba) west god soul,underground west soul (ba) life god power emerge,underground west soul (ba) life god power emerge
(ba) life soul afterlife underground west,west underground soul (ba) afterlife life,west underground soul (ba) afterlife life
above heart sky god star eye sees,above sky star god sees eye heart,above sky star god sees eye heart
power thousand life / god people deity,god / deity power thousand life people,god / deity power thousand life people
the sees god hill great slope the,the great god sees the hill slope,the great god sees the hill slope
man the a mat sits on old,the old man sits on a mat,the old man sits on a mat
life speak eat heart drink / mouth / people,eat / drink / speak mouth heart life people,eat / drink / speak mouth heart life people
the upon ka sits the throne spirit,the ka spirit sits upon the throne,the ka spirit sits upon the throne
the mountain horizon sun behind the hides,the horizon hides the sun behind mountain,the horizon hides the sun behind mountain
a servant the now holds tethering rope,the servant holds a tethering rope now,the servant holds a tethering rope now
ground field upon woman the the stands,the woman stands upon the field ground,the woman stands upon the field ground
the the truth upon lives heart word,the heart lives upon the word truth,the heart lives upon the word truth
power / / king god throne on seated (upon) face,face / on (upon) throne seated god / king power,face / on (upon) throne seated god / king power
the cobra emerges folded cloth the from,the cobra emerges from the folded cloth,the cobra emerges from the folded cloth
heart war in no the peace finds,the heart finds no peace in war,the heart finds no peace in war
great mighty thing / thousand power god authority,thing power authority god thousand great / mighty,thing power authority god thousand great / mighty
god the sees of the woman face,the woman sees the face of god,the woman sees the face of god
stone house city brick town people / life,brick stone house city / town people life,brick stone house city / town people life
master of the grain gives offering an,the master gives an offering of grain,the master gives an offering of grain
upon writes a single the scribe stroke,the scribe writes upon a single stroke,the scribe writes upon a single stroke
bolt from door cobra the the emerges,the cobra emerges from the door bolt,the cobra emerges from the door bolt
above the king on the throne sits,the king sits on the throne above,the king sits on the throne above
the sees the face mother of woman,the woman sees the face of mother,the woman sees the face of mother
father the gives bread loaf a of,the father gives a loaf of bread,the father gives a loaf of bread
thousand a the lotus sees master plants,the master sees a thousand lotus plants,the master sees a thousand lotus plants
/ force mountain power hill / big great strength,great / big mountain hill strength / force power,great / big mountain hill strength / force power
power ring rope coil tethering of rope authority,coil of rope tethering rope ring power authority,coil of rope tethering rope ring power authority
life ka (spirit) soul (ba) god stability (djed) (ankh) power,life (ankh) ka (spirit) soul (ba) power god stability (djed),life (ankh) ka (spirit) soul (ba) power god stability (djed)
life heart love woman mother people seated,seated woman mother life love heart people,seated woman mother life love heart people
town of truth the lord every hears,the lord of every town hears truth,the lord of every town hears truth
gives conical loaf bread father a the,the father gives a conical loaf bread,the father gives a conical loaf bread
the scroll reads from the papyrus scribe,the scribe reads from the papyrus scroll,the scribe reads from the papyrus scroll
head cattle the thousand a counts master,the master counts a thousand cattle head,the master counts a thousand cattle head
be) (to desert hare life fear snake desert,desert hare (to be) fear snake desert life,desert hare (to be) fear snake desert life
man heart god sees truth,god sees heart man truth,god sees heart man truth
finds scribe the three skins fox the,the scribe finds the three fox skins,the scribe finds the three fox skins
desert west underground (ba) soul life hill horizon,desert hill horizon west underground soul (ba) life,desert hill horizon west underground soul (ba) life
town the king for a gate makes,the king makes a gate for town,the king makes a gate for town
coil on rope the of bird a sits,the bird sits on a coil of rope,the bird sits on a coil of rope
great throne king sits power upon,king sits upon throne great power,king sits upon throne great power
seeks storm man and shelter fears,man fears storm and seeks shelter,man fears storm and seeks shelter
stroke scribe single the upon writes a,the scribe writes upon a single stroke,the scribe writes upon a single stroke
youth father a gives jar milk the,the father gives a milk jar youth,the father gives a milk jar youth
the the truth of face sees soul,the soul sees the face of truth,the soul sees the face of truth
three the a fox skins servant carries,a servant carries the three fox skins,a servant carries the three fox skins
father gives to a ring the child,the father gives a ring to child,the father gives a ring to child
continues woman birth forever gives life,woman gives birth life continues forever,woman gives birth life continues forever
clump reads the papyrus from scribe the,the scribe reads from the papyrus clump,the scribe reads from the papyrus clump
folded seat house / throne seated man cloth,folded cloth seat / throne seated man house,folded cloth seat / throne seated man house
fly sees great swallow the king the,the king sees the great swallow fly,the king sees the great swallow fly
sits the youth board the senet behind,the youth sits behind the senet board,the youth sits behind the senet board
papyrus the scribe scroll the daily reads,the scribe reads the papyrus scroll daily,the scribe reads the papyrus scroll daily
exists life is / peace house found) / satisfy opens (or,house opens / exists (or is found) life peace / satisfy,house opens / exists (or is found) life peace / satisfy
in the no woman snake sees house,the woman sees no snake in house,the woman sees no snake in house
the the voice lord hears of master,the lord hears the voice of master,the lord hears the voice of master
of becomes the soul swallow truth a,the soul becomes a swallow of truth,the soul becomes a swallow of truth
gives heart peace the to the god,the god gives peace to the heart,the god gives peace to the heart
the gives world god to the peace,the god gives peace to the world,the god gives peace to the world
behind cobra the bolt door the is,the cobra is behind the door bolt,the cobra is behind the door bolt
the says scribe of fear no word,the scribe says no word of fear,the scribe says no word of fear
milk woman finds the a jar of,the woman finds a jar of milk,the woman finds a jar of milk
a of a basket servant carries brick,a servant carries a basket of brick,a servant carries a basket of brick
heart hears of the the master man,the master hears the heart of man,the master hears the heart of man
makes for father a house child the,the father makes a house for child,the father makes a house for child
life god (ankh) power (djed) stability people,life (ankh) power god people stability (djed),life (ankh) power god people stability (djed)
does plow servant field now the the,the servant does plow the field now,the servant does plow the field now
king the the from hill sees horizon,the king sees the horizon from hill,the king sees the horizon from hill
lord the voice the hears of truth,the lord hears the voice of truth,the lord hears the voice of truth
horizon emerge light sky life god,emerge horizon sky light life god,emerge horizon sky light life god
force / fear storm people strength fire,people fear storm fire strength / force,people fear storm fire strength / force
scribe writing book scroll scribe papyrus /,scribe papyrus scroll writing / scribe book,scribe writing / scribe papyrus scroll book
star sees god eye owl above sky,owl sees eye god sky star above,owl sees eye god sky star above
scribe reads scroll the now the papyrus,the scribe reads the papyrus scroll now,the scribe reads the papyrus scroll now
the makes an of king offering bread,the king makes an offering of bread,the king makes an offering of bread
temple eats in the ba bread soul,the soul ba eats bread in temple,the soul ba eats bread in temple
town road people slope mountain hill life,mountain hill slope road town people life,mountain hill slope road town people life
master make the does a stone throne,the master does make a stone throne,the master does make a stone throne
gate town road leads / city,road leads city / town gate,road leads city / town gate
plows the the tills land now master,the master plows tills the land now,the master plows tills the land now
on master the the brick writing makes,the master makes writing on the brick,the master makes writing on the brick
sky of the becomes swallow a soul,the soul becomes a swallow of sky,the soul becomes a swallow of sky
woman finds in the the peace house,the woman finds peace in the house,the woman finds peace in the house
master a chisel to servant gives the,the master gives a chisel to servant,the master gives a chisel to servant
in peace finds heart the no war,the heart finds no peace in war,the heart finds no peace in war
king face the the see people of,the people see the face of king,the people see the face of king
life seated / papyrus scribe people temple writing scroll man book,writing / scribe seated man papyrus scroll book temple people life,writing / scribe seated man papyrus scroll book temple people life
head master sees the of ox the,the master sees the head of ox,the master sees the head of ox
town road journey foot life people,foot road journey town life people,foot road journey town life people
heavy with servant the a plows hoe,the servant plows with a heavy hoe,the servant plows with a heavy hoe
great mighty throne / / ring king he authority power (king) sedge,ring power authority throne he / king sedge (king) great / mighty,ring power authority throne he / king sedge (king) great / mighty
father gives ring a to woman the,the father gives a ring to woman,the father gives a ring to woman
the the lotus plant cobra from emerges,the cobra emerges from the lotus plant,the cobra emerges from the lotus plant
the small soul the chick quail sees,the soul sees the small quail chick,the soul sees the small quail chick
finds soul the west a place in,the soul finds a place in west,the soul finds a place in west
scribe truth makes of an the offering,the scribe makes an offering of truth,the scribe makes an offering of truth
king strength gives of gift the the,the king gives the gift of strength,the king gives the gift of strength
of the the sees lord ox head,the lord sees the head of ox,the lord sees the head of ox
voice of no fear lord the hears,the lord hears no voice of fear,the lord hears no voice of fear
an the gives god of milk offering,the god gives an offering of milk,the god gives an offering of milk
a of bird the soul truth becomes,the soul becomes a bird of truth,the soul becomes a bird of truth
the to the father authority gives king,the king gives authority to the father,the king gives authority to the father
a papyrus behind hides clump the youth,the youth hides behind a papyrus clump,the youth hides behind a papyrus clump
every truth town the of lord hears,the lord of every town hears truth,the lord of every town hears truth
people thousand power life / god deity,god / deity power thousand life people,god / deity power thousand life people
of symbol king wears crown authority,king wears crown symbol of authority,king wears crown symbol of authority
father god life the gives great to,the great god gives life to father,the great god gives life to father
of father the hears heart the child,the father hears the heart of child,the father hears the heart of child
cloth cobra the under is the folded,the cobra is under the folded cloth,the cobra is under the folded cloth
a hill bird the sees youth on,the youth sees a bird on hill,the youth sees a bird on hill
and djed stability god power grants,god grants power and stability djed,god grants power and stability djed
peace in finds the sky the soul,the soul finds peace in the sky,the soul finds peace in the sky
field life food plows (repeated) offering,plows (repeated) field life food offering,plows (repeated) field life food offering
king to man the authority gives the,the king gives authority to the man,the king gives authority to the man
a a mother child gives to birth,a mother gives birth to a child,a mother gives birth to a child
foot road people town life journey,foot road journey town life people,foot road journey town life people
rack / god offering people life in pellet grain jar jars,grain / pellet jar jars in rack offering life people god,grain / pellet jar jars in rack offering life people god
reed clump leaf papyrus lake riverbank,riverbank reed leaf papyrus clump lake,riverbank reed leaf papyrus clump lake
a gate wood the master makes of,the master makes a gate of wood,the master makes a gate of wood
emerges soul (ba) light horizon sky,soul (ba) emerges horizon sky light,soul (ba) emerges horizon sky light
people storm fear house seek,people fear storm seek house,people fear storm seek house
finds milk servant the now jar the,the servant finds the milk jar now,the servant finds the milk jar now
finds the soul the of city gate,the soul finds the gate of city,the soul finds the gate of city
a scribe great book does write the,the scribe does write a great book,the scribe does write a great book
a the carries in rack servant jar,the servant carries a jar in rack,the servant carries a jar in rack
the great field tills the servant plows,the servant plows tills the great field,the servant plows tills the great field
to west the finds a youth road,the youth finds a road to west,the youth finds a road to west
mother love jar life milk child,mother milk jar child life love,mother milk jar child life love
bolt door is behind the the cobra,the cobra is behind the door bolt,the cobra is behind the door bolt
the every bread lord town gives of,the lord of every town gives bread,the lord of every town gives bread
sickle a finds the in rack servant,the servant finds a sickle in rack,the servant finds a sickle in rack
the lotus the sees plant sedge king,the sedge king sees the lotus plant,the sedge king sees the lotus plant
gate life behind / people road town house back,behind / back house road town gate people life,behind / back house road town gate people life
temple builds for king god great,king builds temple for great god,king builds temple for great god
child gentle loves mother heart with,mother loves child with gentle heart,mother loves child with gentle heart
father gives a child ring the to,the father gives a ring to child,the father gives a ring to child
head the finds scribe of bird the,the scribe finds the head of bird,the scribe finds the head of bird
a the sky woman star in sees,the woman sees a star in sky,the woman sees a star in sky
the behind the plant woman sits lotus,the woman sits behind the lotus plant,the woman sits behind the lotus plant
to god the world gives great peace,the great god gives peace to world,the great god gives peace to world
sees god the great eye above the,the great god sees the eye above,the great god sees the eye above
king truth hears the of people the,the king hears the truth of people,the king hears the truth of people
sees beautiful the horizon great king the,the great king sees the beautiful horizon,the great king sees the beautiful horizon
become scarab heart life / (ankh),scarab / become life (ankh) heart,scarab / become life (ankh) heart
above the beautiful a soul bird becomes,the soul becomes a beautiful bird above,the soul becomes a beautiful bird above
man sees truth god heart,god sees heart man truth,god sees heart man truth
gives youth the milk jar father a,the father gives a milk jar youth,the father gives a milk jar youth
scribe with the the king bread eats,the scribe eats bread with the king,the scribe eats bread with the king
servant stool the wood a of finds,the servant finds a stool of wood,the servant finds a stool of wood
grain field food grows farmer plows,farmer plows field grows grain food,farmer plows field grows grain food
scribe of gate makes a the brick,the scribe makes a gate of brick,the scribe makes a gate of brick
lord heart the of the sees all,the lord of all sees the heart,the lord of all sees the heart
temple in bread soul eats the ba,the soul ba eats bread in temple,the soul ba eats bread in temple
the door cobra the from bolt emerges,the cobra emerges from the door bolt,the cobra emerges from the door bolt
on the board the senet scribe plays,the scribe plays on the senet board,the scribe plays on the senet board
truth maat listens and heart understands,heart listens and understands truth maat,heart listens and understands truth maat
the gate stone man a old sees,the old man sees a stone gate,the old man sees a stone gate
west in the becomes beautiful soul the,the soul becomes beautiful in the west,the soul becomes beautiful in the west
sedge life gives people the to king,the sedge king gives life to people,the sedge king gives life to people
to gives king power the soul the,the king gives power to the soul,the king gives power to the soul
king authority fear club / strength force power,club strength / force authority king power fear,club strength / force authority king power fear
rope of servant the coil a makes,the servant makes a coil of rope,the servant makes a coil of rope
finds the jar inside milk a woman,the woman finds a milk jar inside,the woman finds a milk jar inside
handle the the cobra moves basket under,the cobra moves under the basket handle,the cobra moves under the basket handle
the servant great stands the king behind,the servant stands behind the great king,the servant stands behind the great king
sees thousand stars above the a soul,the soul sees a thousand stars above,the soul sees a thousand stars above
the field servant the great plows tills,the servant plows tills the great field,the servant plows tills the great field
youth bread the gives woman the to,the woman gives bread to the youth,the woman gives bread to the youth
sees papyrus the scrolls a scribe thousand,the scribe sees a thousand papyrus scrolls,the scribe sees a thousand papyrus scrolls
the truth a of soul becomes swallow,the soul becomes a swallow of truth,the soul becomes a swallow of truth
of the master the gate opens town,the master opens the gate of town,the master opens the gate of town
truth soul a the swallow becomes of,the soul becomes a swallow of truth,the soul becomes a swallow of truth
woman to the bread the gives youth,the woman gives bread to the youth,the woman gives bread to the youth
the above the top soul flies mountain,the soul flies above the mountain top,the soul flies above the mountain top
the in peace finds heart city the,the heart finds peace in the city,the heart finds peace in the city
the gives master man to the authority,the master gives authority to the man,the master gives authority to the man
a house king for makes god the,the king makes a house for god,the king makes a house for god
sees the three master skins the fox,the master sees the three fox skins,the master sees the three fox skins
house servant to returns a great the,a servant returns to the great house,a servant returns to the great house
words thousand gives a king the power,the king gives a thousand power words,the king gives a thousand power words
youth gives a to father the book,the father gives a book to youth,the father gives a book to youth
desert fear hare snake be) desert life (to,desert hare (to be) fear snake desert life,desert hare (to be) fear snake desert life
swallow the fly sees great the father,the father sees the great swallow fly,the father sees the great swallow fly
drinks the milk spirit jar from ka,the ka spirit drinks from milk jar,the ka spirit drinks from milk jar
god a thousand gives the great things,the great god gives a thousand things,the great god gives a thousand things
a coil rope of carries the youth,the youth carries a coil of rope,the youth carries a coil of rope
authority king god / power to make do thing do,do to do / make thing power authority god king,do to do / make thing power authority god king
emerges horizon god from bringing light,god emerges from horizon bringing light,god emerges from horizon bringing light
god (truth/maat) truth sees eye feather,god sees eye truth feather (truth/maat),god sees eye truth feather (truth/maat)
plant abundance river life water ripple field,river water ripple field plant life abundance,river water ripple field plant life abundance
sees the of river lord all the,the lord of all sees the river,the lord of all sees the river
god power emerge (ba) underground west soul life,underground west soul (ba) life god power emerge,underground west soul (ba) life god power emerge
seated (satisfied) content love heart peace man /,seated man heart love peace / content (satisfied),seated man heart love peace / content (satisfied)
jar milk spirit drinks ka the from,the ka spirit drinks from milk jar,the ka spirit drinks from milk jar
/ heart god hear hear listen people,hear hear / listen heart people god,hear hear / listen heart people god
mother life youth people father placenta,father mother placenta life youth people,father mother placenta life youth people
river life city bringing beside flows,river flows beside city bringing life,river flows beside city bringing life
field great servant tills the the plows,the servant plows tills the great field,the servant plows tills the great field
servant hoe the grain for uses a,the servant uses a hoe for grain,the servant uses a hoe for grain
servant the stones thousand a finds brick,the servant finds a thousand brick stones,the servant finds a thousand brick stones
loaf king a the thousand gives bread,the king gives a thousand loaf bread,the king gives a thousand loaf bread
now repeated the earth master plows the,the master plows repeated the earth now,the master plows repeated the earth now
cross reach town river people,people cross river reach town,people cross river reach town
/ king hand power force forearm life strength authority,forearm hand strength / force power authority life king,forearm hand strength / force power authority life king
the sits king throne great on the,the great king sits on the throne,the great king sits on the throne
house of the scribe brick a makes,the scribe makes a house of brick,the scribe makes a house of brick
brick wall of scribe a the makes,the scribe makes a wall of brick,the scribe makes a wall of brick
god power (great) star sky swallow life swallow,swallow swallow (great) sky star god life power,swallow swallow (great) sky star god life power
rack jars sees lord the the in,the lord sees the jars in rack,the lord sees the jars in rack
soul west star in the sees a,the soul sees a star in west,the soul sees a star in west
fear sky heart life force strength / storm man,storm sky fear strength / force heart man life,storm sky fear strength / force heart man life
old the man the desert hill sees,the old man sees the desert hill,the old man sees the desert hill
a plants the sees master thousand lotus,the master sees a thousand lotus plants,the master sees a thousand lotus plants
the stool old sits upon the man,the old man sits upon the stool,the old man sits upon the stool
seated woman love life woman heart,woman seated woman life love heart,woman seated woman life love heart
gift king the life gives of the,the king gives the gift of life,the king gives the gift of life
god authority / make to thing power do do king,do to do / make thing power authority god king,do to do / make thing power authority god king
pillar grandfather stability stone temple (djed) /,temple pillar / grandfather stone stability (djed),temple pillar / grandfather stone stability (djed)
shows the the city horizon way to,the horizon shows the way to city,the horizon shows the way to city
the ka sits throne upon spirit the,the ka spirit sits upon the throne,the ka spirit sits upon the throne
soul ba the eats in temple bread,the soul ba eats bread in temple,the soul ba eats bread in temple
fire heart storm / force fear strength,fire storm strength / force fear heart,fire storm fear strength / force heart
the city the to road youth finds,the youth finds the road to city,the youth finds the road to city
pellet grain plows (tills) field life plant /,field plows (tills) plant grain / pellet life,field plows (tills) plant grain / pellet life
ka (ba) (spirit) soul god power life,ka (spirit) life soul (ba) power god,ka (spirit) life soul (ba) power god
hill moves desert the cobra across the,the cobra moves across the desert hill,the cobra moves across the desert hill
wisdom old man heart god,old man heart wisdom god,old man heart wisdom god
basket the cobra under the moves handle,the cobra moves under the basket handle,the cobra moves under the basket handle
heart (i man god / me) seated hear listen people /,seated man (i / me) hear / listen heart god people,seated man (i / me) hear / listen heart god people
hears scribe truth temple the a in,a scribe hears truth in the temple,a scribe hears truth in the temple
father of head the finds bird the,the father finds the head of bird,the father finds the head of bird
west soul (ba) life desert underground,desert underground west soul (ba) life,desert underground west soul (ba) life
woman gives birth continues life forever,woman gives birth life continues forever,woman gives birth life continues forever
people gate riverbank road town,road riverbank town gate people,road riverbank town gate people
lord sedge to the the gives king,the king gives the sedge to lord,the king gives the sedge to lord
gate of makes scribe a the brick,the scribe makes a gate of brick,the scribe makes a gate of brick
milk house the the carries youth jar,the youth carries the milk jar house,the youth carries the milk jar house
finds head of the the youth bird,the youth finds the head of bird,the youth finds the head of bird
life the vessel the sees of woman,the woman sees the vessel of life,the woman sees the vessel of life
spirit a soul in the becomes sky,the soul becomes a spirit in sky,the soul becomes a spirit in sky
becomes the a soul in sky spirit,the soul becomes a spirit in sky,the soul becomes a spirit in sky
adze power temple chisel stone building,chisel adze stone temple building power,chisel adze stone temple building power
is stone behind desert the hare the,the desert hare is behind the stone,the desert hare is behind the stone
offering life loaf (give) god conical people,conical loaf (give) offering people life god,conical loaf (give) offering god people life
/ drink eat man god speak life mouth people heart /,eat / drink / speak mouth heart people life god man,eat / drink / speak mouth heart people life god man
gives child ring father a the to,the father gives a ring to child,the father gives a ring to child
youth in sickle the house finds a,the youth finds a sickle in house,the youth finds a sickle in house
the the above city stands gate lord,the lord stands above the city gate,the lord stands above the city gate
bolt / life house door peace satisfy heart,door bolt house peace / satisfy life heart,door bolt house peace / satisfy life heart
the a pen write to uses scribe,the scribe uses a pen to write,the scribe uses a pen to write
stroke upon writes single the scribe a,the scribe writes upon a single stroke,the scribe writes upon a single stroke
life lake river ripple water field,river lake water ripple life field,lake river water ripple life field
for father a child makes house the,the father makes a house for child,the father makes a house for child
an of gives the milk god offering,the god gives an offering of milk,the god gives an offering of milk
to gives father a the mother ring,the father gives a ring to mother,the father gives a ring to mother
birth the placenta the sees of woman,the woman sees the placenta of birth,the woman sees the placenta of birth
plows servant hoe with field the the,the servant plows the field with hoe,the servant plows the field with hoe
feather truth heart eye (truth/maat) sees,eye sees truth feather (truth/maat) heart,eye sees truth feather (truth/maat) heart
soul light (ba) emerges sky horizon,soul (ba) emerges horizon sky light,soul (ba) emerges horizon sky light
finds the now jar milk servant the,the servant finds the milk jar now,the servant finds the milk jar now
stone great (djed) temple stability,temple stone stability (djed) great,temple stone stability (djed) great
gives an the of king offering grain,the king gives an offering of grain,the king gives an offering of grain
conical loaf life offering (give) god people,conical loaf (give) offering god people life,conical loaf (give) offering god people life
the milk jar woman of gives a,the woman gives a jar of milk,the woman gives a jar of milk
ka milk spirit from jar drinks the,the ka spirit drinks from milk jar,the ka spirit drinks from milk jar
youth the the milk jar carries house,the youth carries the milk jar house,the youth carries the milk jar house
star spirit becomes above a the ka,the ka spirit becomes a star above,the ka spirit becomes a star above
the from the cobra emerges ripple water,the cobra emerges from the water ripple,the cobra emerges from the water ripple
the to father a ring gives youth,the father gives a ring to youth,the father gives a ring to youth
lord to the gives king the sedge,the king gives the sedge to lord,the king gives the sedge to lord
cobra from hole emerge the the does,the cobra does emerge from the hole,the cobra does emerge from the hole
the cobra coil is the above rope,the cobra is above the coil rope,the cobra is above the coil rope
beautiful thousand the gives things lord a,the lord gives a thousand beautiful things,the lord gives a thousand beautiful things
the gives power king a words thousand,the king gives a thousand power words,the king gives a thousand power words
road town river people life gate cross,cross road river town gate people life,cross road river town gate people life
horizon bird head of star above god sky swallow,head of bird swallow sky horizon above god star,head of bird swallow sky horizon above god star
a spirit in the becomes sky soul,the soul becomes a spirit in sky,the soul becomes a spirit in sky
house woman jar in the a finds,the woman finds a jar in house,the woman finds a jar in house
man the black repeated plows soil the,the man plows repeated the black soil,the man plows repeated the black soil
coil above rope cobra the the is,the cobra is above the coil rope,the cobra is above the coil rope
river ripple plant papyrus field lake life water clump,papyrus clump plant field life water ripple river lake,papyrus clump plant field life water ripple river lake
fox skins the the scribe finds three,the scribe finds the three fox skins,the scribe finds the three fox skins
the carries servant rack in jars a,a servant carries the jars in rack,a servant carries the jars in rack
king to gives the god sedge the,the king gives the sedge to god,the king gives the sedge to god
house fills hearts when align peace,peace fills house when hearts align,peace fills house when hearts align
flowing reeds water holds near riverbank,riverbank holds reeds near flowing water,riverbank holds reeds near flowing water
youth sickle a the for grain uses,the youth uses a sickle for grain,the youth uses a sickle for grain
star above life god sees horizon sky,above horizon sky star god life sees,above horizon sky star god life sees
a people the house find in jar,the people find a jar in house,the people find a jar in house
west (ba) underground hill desert soul horizon,desert hill horizon west underground soul (ba),desert hill horizon west underground soul (ba)
life become / (ankh) scarab heart,scarab / become life (ankh) heart,scarab / become life (ankh) heart
house inside people opens door welcomes,house opens door welcomes people inside,house opens door welcomes people inside
stands lake water god the above the,the god stands above the lake water,the god stands above the lake water
west star in soul the sees the,the soul sees the star in west,the soul sees the star in west
horizon sky god of head star sees bird eye,head of bird sky horizon sees eye god star,head of bird sky horizon sees eye god star
to youth the power gives the king,the king gives power to the youth,the king gives power to the youth
swallow swallow sky power (great) star god life,swallow swallow (great) sky star god life power,swallow swallow (great) sky star god life power
a the finds road youth to horizon,the youth finds a road to horizon,the youth finds a road to horizon
altar placed offering for god upon,offering placed upon altar for god,offering placed upon altar for god
altar / god bread loaf of offering peace,offering loaf of bread peace / altar god,offering loaf of bread peace / altar god
writing the the table master sits behind,the master sits behind the writing table,the master sits behind the writing table
the god king the gives to sedge,the king gives the sedge to god,the king gives the sedge to god
hole does from emerge cobra the the,the cobra does emerge from the hole,the cobra does emerge from the hole
carries a to the servant town hoe,the servant carries a hoe to town,the servant carries a hoe to town
the gives to father ring youth a,the father gives a ring to youth,the father gives a ring to youth
toward horizon man road walks,man walks road toward horizon,man walks road toward horizon
head the of father bird finds the,the father finds the head of bird,the father finds the head of bird
book scroll writing papyrus / scribe scribe,scribe writing / scribe papyrus scroll book,scribe papyrus scroll writing / scribe book
mountain old the a great man sees,the old man sees a great mountain,the old man sees a great mountain
sky god star life sees horizon above,above horizon sky star god life sees,above horizon sky star god life sees
the authority gives to scribe king the,the king gives authority to the scribe,the king gives authority to the scribe
peace god offering altar temple /,offering peace / altar god temple,offering peace / altar god temple
pellet / plant hoe (tills) plows grain field,hoe plows (tills) field plant grain / pellet,hoe plows (tills) field plant grain / pellet
uses adze an master brick the on,the master uses an adze on brick,the master uses an adze on brick
great scribe write the does book a,the scribe does write a great book,the scribe does write a great book
star sky swallow head bird of horizon,head of bird swallow sky star horizon,head of bird swallow sky star horizon
clump writes the papyrus scribe the on,the scribe writes on the papyrus clump,the scribe writes on the papyrus clump
stability (djed) throne king power authority god seat throne /,throne seat / throne authority power god king stability (djed),throne seat / throne authority power god king stability (djed)
grants life god years thousand,god grants life thousand years,god grants life thousand years
master the on the wall makes writing,the master makes writing on the wall,the master makes writing on the wall
/ youth life woman birth gives people begets,woman gives birth / begets life youth people,woman gives birth / begets life youth people
the finds youth rack the jars in,the youth finds the jars in rack,the youth finds the jars in rack
ripple river field life plant water abundance,river water ripple field plant life abundance,river water ripple field plant life abundance
altar loaf god / bread peace offering of,offering loaf of bread peace / altar god,offering loaf of bread peace / altar god
lord sees the the all of river,the lord of all sees the river,the lord of all sees the river
in soul rack the the jars finds,the soul finds the jars in rack,the soul finds the jars in rack
throne a finds the soul in sky,the soul finds a throne in sky,the soul finds a throne in sky
star bird of swallow sky head horizon,head of bird swallow sky star horizon,head of bird swallow sky star horizon
offering god people (give) conical life loaf,conical loaf (give) offering people life god,conical loaf (give) offering god people life
writing makes wall scribe on the the,the scribe makes writing on the wall,the scribe makes writing on the wall
returns the to above star soul the,the soul returns to the star above,the soul returns to the star above
strength people protects with god great,god protects people with great strength,god protects people with great strength
ka enters stone the spirit gate the,the ka spirit enters the stone gate,the ka spirit enters the stone gate
exists opens found) life / west underground is (or,life opens / exists (or is found) underground west,life opens / exists (or is found) underground west
servant in the the finds peace city,the servant finds peace in the city,the servant finds peace in the city
makes scribe the brick of stool a,the scribe makes a stool of brick,the scribe makes a stool of brick
life become / rebirth scarab (ankh) become to,scarab / become to become life (ankh) rebirth,scarab / become to become life (ankh) rebirth
lotus emerges the plant from the cobra,the cobra emerges from the lotus plant,the cobra emerges from the lotus plant
backbone man father the the sees of,the father sees the backbone of man,the father sees the backbone of man
word the hears the heart life of,the heart hears the word of life,the heart hears the word of life
man house a great old the sees,the old man sees a great house,the old man sees a great house
scribe of the sees god eye the,the scribe sees the eye of god,the scribe sees the eye of god
servant master to the gives the strength,the master gives strength to the servant,the master gives strength to the servant
hears lord the the people town in,the lord hears the people in town,the lord hears the people in town
the cobra from emerges door the bolt,the cobra emerges from the door bolt,the cobra emerges from the door bolt
scribe of an truth the offering makes,the scribe makes an offering of truth,the scribe makes an offering of truth
master sickle a finds the field in,the master finds a sickle in field,the master finds a sickle in field
to way finds a heart the peace,the heart finds a way to peace,the heart finds a way to peace
wall makes a scribe brick the of,the scribe makes a wall of brick,the scribe makes a wall of brick
/ god face king (upon) seated / throne on power,face / on (upon) throne seated god / king power,face / on (upon) throne seated god / king power
satisfy papyrus heart shelter house clump life people / peace reed,papyrus clump reed shelter house life people peace / satisfy heart,papyrus clump reed shelter house life people peace / satisfy heart
in woman ring the town finds a,the woman finds a ring in town,the woman finds a ring in town
horizon above head of sky swallow star god bird,head of bird swallow sky horizon above god star,head of bird swallow sky horizon above god star
becomes the a swallow of soul sky,the soul becomes a swallow of sky,the soul becomes a swallow of sky
power with servant field the plows the,the servant plows the field with power,the servant plows the field with power
world makes the the god beautiful great,the great god makes the world beautiful,the great god makes the world beautiful
road horizon to the finds soul a,the soul finds a road to horizon,the soul finds a road to horizon
god the above sees the great eye,the great god sees the eye above,the great god sees the eye above
people a town king for the makes,the king makes a town for people,the king makes a town for people
star city sits above the gate a,a star sits above the city gate,a star sits above the city gate
man desert hill a the old sees,the old man sees a desert hill,the old man sees a desert hill
loaf temple offering bread (lord basket of all) god /,basket (lord / all) offering loaf of bread god temple,basket (lord / all) offering loaf of bread god temple
house the emerges fire from the great,the great fire emerges from the house,the great fire emerges from the house
book the scribe of reads the life,the scribe reads the book of life,the scribe reads the book of life
sees jars the in king the rack,the king sees the jars in rack,the king sees the jars in rack
stability stone strong temple (djed),temple stone strong stability (djed),temple stone strong stability (djed)
does see west sky soul the the,the soul does see the west sky,the soul does see the west sky
chick quail the sees the youth small,the youth sees the small quail chick,the youth sees the small quail chick
gives peace the to god heart the,the god gives peace to the heart,the god gives peace to the heart
the emerges cobra hill above the desert,the cobra emerges above the desert hill,the cobra emerges above the desert hill
djed great god sees pillar the the,the great god sees the djed pillar,the great god sees the djed pillar
power soul ka life (spirit) god (ba),ka (spirit) life soul (ba) power god,ka (spirit) life soul (ba) power god
king speaks people power justice hears,king hears people speaks justice power,king hears people speaks justice power
of the sees king sky the horizon,the king sees the horizon of sky,the king sees the horizon of sky
water lake plant ripple life papyrus clump river field,papyrus clump plant field life water ripple river lake,papyrus clump plant field life water ripple river lake
power of coil rope authority rope ring tethering,coil of rope tethering rope ring power authority,coil of rope tethering rope ring power authority
sees the man old a desert mountain,the old man sees a desert mountain,the old man sees a desert mountain
the from emerges fire great the house,the great fire emerges from the house,the great fire emerges from the house
the gives milk of a vessel servant,the servant gives a vessel of milk,the servant gives a vessel of milk
road finds temple a youth to the,the youth finds a road to temple,the youth finds a road to temple
a of thing the lord all does,the lord of all does a thing,the lord of all does a thing
and adze uses the chisel master a,the master uses a chisel and adze,the master uses a chisel and adze
the sees horizon of the lord all,the lord of all sees the horizon,the lord of all sees the horizon
gate road people town life river cross,cross road river town gate people life,cross road river town gate people life
throne a the king brick makes of,the king makes a throne of brick,the king makes a throne of brick
the peace a finds heart road to,the heart finds a road to peace,the heart finds a road to peace
builds seat authority power king / throne,king builds seat / throne authority power,king builds seat / throne authority power
sees quail chick the old man a,the old man sees a quail chick,the old man sees a quail chick
a finds throne the soul sky in,the soul finds a throne in sky,the soul finds a throne in sky
sky the a beautiful makes god great,the great god makes a beautiful sky,the great god makes a beautiful sky
truth eye (truth/maat) sees feather heart,eye sees truth feather (truth/maat) heart,eye sees truth feather (truth/maat) heart
gate ka stone enters spirit the the,the ka spirit enters the stone gate,the ka spirit enters the stone gate
throne spirit upon the the ka sits,the ka spirit sits upon the throne,the ka spirit sits upon the throne
the makes bread offering of an king,the king makes an offering of bread,the king makes an offering of bread
a stars tonight soul thousand the sees,the soul sees a thousand stars tonight,the soul sees a thousand stars tonight
finds stone in woman a the field,the woman finds a stone in field,the woman finds a stone in field
vessel town finds scribe in a the,a scribe finds the vessel in town,the scribe finds a vessel in town
plows tills hill the the desert man,the man plows tills the desert hill,the man plows tills the desert hill
things great a the gives god thousand,the great god gives a thousand things,the great god gives a thousand things
woman finds lotus plants a the thousand,the woman finds a thousand lotus plants,the woman finds a thousand lotus plants
king the of makes an offering fire,the king makes an offering of fire,the king makes an offering of fire
force / strength fire heart fear storm,fire storm strength / force fear heart,fire storm strength / force fear heart
river above bank stays the the horizon,the horizon stays above the river bank,the horizon stays above the river bank
ox finds the master head of the,the master finds the head of ox,the master finds the head of ox
/ road gate people city town,road city / town gate people,road city / town gate people
of lord all the sees the backbone,the lord of all sees the backbone,the lord of all sees the backbone
a of grain woman the basket finds,the woman finds a basket of grain,the woman finds a basket of grain
field reed / pellet leaf life grain offering plant,reed leaf plant field grain / pellet life offering,reed leaf plant field grain / pellet life offering
life scarab becomes symbol rebirth of,scarab becomes life symbol of rebirth,scarab becomes life symbol of rebirth
snake power cobra / strength god force fear,cobra fear power god snake strength / force,cobra fear power god snake strength / force
desert west (ba) hill soul underground horizon,desert hill horizon west underground soul (ba),desert hill horizon west underground soul (ba)
scribe the of the voice god hears,the scribe hears the voice of god,the scribe hears the voice of god
grain river / ripple field pellet water,river water ripple field grain / pellet,river water ripple field grain / pellet
/ to (ankh) rebirth become scarab become life,scarab / become to become life (ankh) rebirth,scarab / become to become life (ankh) rebirth
star the gate city a above sits,a star sits above the city gate,a star sits above the city gate
in a the find people lake desert,the people find a lake in desert,the people find a lake in desert
authority hand forearm strength / power force,forearm hand strength / force power authority,forearm hand power authority strength / force
of the bird head finds the youth,the youth finds the head of bird,the youth finds the head of bird
the soul star the returns above to,the soul returns to the star above,the soul returns to the star above
a in the becomes snake desert soul,the soul becomes a snake in desert,the soul becomes a snake in desert
in star sees the sky the king,the king sees the star in sky,the king sees the star in sky
above lord throne the the upon sits,the lord sits upon the throne above,the lord sits upon the throne above
gate people town road / city,road city / town gate people,road city / town gate people
sedge gives to king the the god,the king gives the sedge to god,the king gives the sedge to god
gives great authority god the to king,the great god gives authority to king,the great god gives authority to king
grain hoe pellet plant field / plows (tills),hoe plows (tills) field plant grain / pellet,hoe plows (tills) field plant grain / pellet
great exists the in sky the god,the great god exists in the sky,the great god exists in the sky
good life peace / content (satisfied) beautiful heart /,beautiful / good life peace / content (satisfied) heart,beautiful / good life peace / content (satisfied) heart
jar sits scribe milk behind the the,the scribe sits behind the milk jar,the scribe sits behind the milk jar
(tills) grain plows cut field / plant pellet,cut plant field plows (tills) grain / pellet,cut plant field plows (tills) grain / pellet
writes scribe in book temple quietly,scribe writes book in temple quietly,scribe writes book in temple quietly
fire a great behind mountain the emerges,a great fire emerges behind the mountain,a great fire emerges behind the mountain
underground dark guides god through soul,god guides soul through dark underground,god guides soul through dark underground
in sees a soul west star the,the soul sees a star in west,the soul sees a star in west
the of word hears the heart life,the heart hears the word of life,the heart hears the word of life
of the the book reads god scribe,the scribe reads the book of god,the scribe reads the book of god
the an scribe truth offering makes of,the scribe makes an offering of truth,the scribe makes an offering of truth
an for youth boat the adze uses,the youth uses an adze for boat,the youth uses an adze for boat
/ seated power throne great king god authority,seated god / king throne authority power great,seated god / king throne authority power great
jar the drinks from milk spirit ka,the ka spirit drinks from milk jar,the ka spirit drinks from milk jar
soul (ba) life underground west god journey horizon,west horizon underground soul (ba) journey life god,west horizon underground soul (ba) journey life god
the tills great the plows servant field,the servant plows tills the great field,the servant plows tills the great field
gate the eats in bread the scribe,the scribe eats bread in the gate,the scribe eats bread in the gate
throne authority seat / power king throne,authority power king throne seat / throne,authority power king throne seat / throne
chick small the the woman quail sees,the woman sees the small quail chick,the woman sees the small quail chick
strength / king authority force power club fear,club strength / force authority king power fear,club strength / force authority king power fear
soul (ba) life west continues,life continues west soul (ba),life continues west soul (ba)
hears master voice the the of lord,the lord hears the voice of master,the lord hears the voice of master
town road gate / city leads,road leads city / town gate,road leads city / town gate
the snake becomes soul in desert a,the soul becomes a snake in desert,the soul becomes a snake in desert
mother begets / gives birth life child,mother gives birth / begets child life,mother gives birth / begets child life
the work master of a does great,the master does a work of great,the master does a work of great
holds throne power authority seated king,seated king holds power authority throne,seated king holds power authority throne
finds in woman town a the jar,the woman finds a jar in town,the woman finds a jar in town
stone a old sees man gate the,the old man sees a stone gate,the old man sees a stone gate
god life great to people gives city,great god gives life to people city,great god gives life to people city
gives father the book youth a to,the father gives a book to youth,the father gives a book to youth
folded the cloth scribe the writes upon,the scribe writes upon the folded cloth,the scribe writes upon the folded cloth
field (repeated) life plows food offering,plows (repeated) field life food offering,plows (repeated) field life food offering
leaf / reed grain offering plant field pellet life,reed leaf plant field grain / pellet life offering,reed leaf plant field grain / pellet life offering
the father hears heart the of child,the father hears the heart of child,the father hears the heart of child
power hand force forearm authority strength /,forearm hand power authority strength / force,forearm hand strength / force power authority
to father a gives mother jar the,the father gives a jar to mother,the father gives a jar to mother
to flies the beautiful swallow city the,the beautiful swallow flies to the city,the beautiful swallow flies to the city
stone behind the hare the desert is,the desert hare is behind the stone,the desert hare is behind the stone
hill great / strength force / power mountain big,great / big mountain hill strength / force power,great / big mountain hill strength / force power
in rack / jars offering grain jar pellet,grain / pellet jar jars in rack offering,grain / pellet jar jars in rack offering
head scribe finds the bird the of,the scribe finds the head of bird,the scribe finds the head of bird
warmth family to fire home gives,fire gives warmth to family home,fire gives warmth to family home
grain gives thousand the pellets king a,the king gives a thousand grain pellets,the king gives a thousand grain pellets
servant carries skins three the a fox,a servant carries the three fox skins,a servant carries the three fox skins
the father jar to a gives youth,the father gives a jar to youth,the father gives a jar to youth
sees woman heart beautiful the soul the,the beautiful woman sees the heart soul,the beautiful woman sees the heart soul
finds the jars soul rack in the,the soul finds the jars in rack,the soul finds the jars in rack
sees head of bird horizon eye sky god star,head of bird sky horizon sees eye god star,head of bird sky horizon sees eye god star
sickle finds master field a in the,the master finds a sickle in field,the master finds a sickle in field
finds sky in throne the soul a,the soul finds a throne in sky,the soul finds a throne in sky
the king all basket gives the of,the king gives the basket of all,the king gives the basket of all
god man of wisdom old hears,old man hears wisdom of god,old man hears wisdom of god
people birth woman gives / youth begets life,woman gives birth / begets life youth people,woman gives birth / begets life youth people
the authority gives to man king the,the king gives authority to the man,the king gives authority to the man
old desert man hill the sees a,the old man sees a desert hill,the old man sees a desert hill
thousand a sees above stars soul the,the soul sees a thousand stars above,the soul sees a thousand stars above
gate behind house road back people town /,behind / back house gate road town people,behind / back house gate road town people
water and emerges life from earth,life emerges from water and earth,life emerges from water and earth
fire strength people / fear storm force,people fear storm fire strength / force,people fear storm fire strength / force
the of king the gives basket all,the king gives the basket of all,the king gives the basket of all
child heart mother gentle with loves,mother loves child with gentle heart,mother loves child with gentle heart
the ka town a finds house spirit,the ka spirit finds a house town,the ka spirit finds a house town
king seat a on the sits stone,the king sits on a stone seat,the king sits on a stone seat
pellets a grain the counts master thousand,the master counts a thousand grain pellets,the master counts a thousand grain pellets
heart eye truth god sees,god sees eye heart truth,god sees eye heart truth
handle with woman basket a the finds,the woman finds a basket with handle,the woman finds a basket with handle
for god upon altar offering placed,offering placed upon altar for god,offering placed upon altar for god
hill stone power (djed) stability strength mountain / force,stone mountain hill strength / force power stability (djed),stone mountain hill strength / force power stability (djed)
coil of rope authority ring rope king god tethering power,tethering rope coil of rope ring power authority king god,coil of rope tethering rope ring power authority king god
hears great speaks heart god the the,the great god hears the heart speaks,the great god hears the heart speaks
strength backbone life / (djed) power force stability,backbone stability (djed) strength / force life power,backbone stability (djed) strength / force life power
djed behind pillar stands master the the,the master stands behind the djed pillar,the master stands behind the djed pillar
sees small the youth quail chick the,the youth sees the small quail chick,the youth sees the small quail chick
finds of ring woman a the gold,the woman finds a ring of gold,the woman finds a ring of gold
heart (ankh) / become scarab life,scarab / become life (ankh) heart,scarab / become life (ankh) heart
to finds west the youth road a,the youth finds a road to west,the youth finds a road to west
life town / people peace content road riverbank gate (satisfied),riverbank road town gate people life peace / content (satisfied),riverbank road town gate people life peace / content (satisfied)
old sees the mountain great man a,the old man sees a great mountain,the old man sees a great mountain
makes king a the sedge great law,the sedge king makes a great law,the sedge king makes a great law
road makes king the a of brick,the king makes a road of brick,the king makes a road of brick
plows with hoe a heavy man the,the man plows with a heavy hoe,the man plows with a heavy hoe
soul becomes above a bird great the,the soul becomes a great bird above,the soul becomes a great bird above
repeated the plows man soil black the,the man plows repeated the black soil,the man plows repeated the black soil
cobra behind stone hill the the retreats,the cobra retreats behind the stone hill,the cobra retreats behind the stone hill
heart understands maat truth and listens,heart listens and understands truth maat,heart listens and understands truth maat
road people cross town riverbank gate,cross road riverbank town people gate,cross road riverbank town people gate
love heart people mother woman life seated,seated woman mother life love heart people,seated woman mother life love heart people
beautiful lotus plant the a sees woman,the beautiful woman sees a lotus plant,the beautiful woman sees a lotus plant
listen justice / people king hear give,king hear / listen people give justice,king hear / listen people give justice
the temple truth finds the heart in,the heart finds truth in the temple,the heart finds truth in the temple
a on the hill sees youth bird,the youth sees a bird on hill,the youth sees a bird on hill
becomes the soul sky a swallow of,the soul becomes a swallow of sky,the soul becomes a swallow of sky
the heart peace the in city finds,the heart finds peace in the city,the heart finds peace in the city
sees man the old hare desert the,the old man sees the desert hare,the old man sees the desert hare
the basket a servant grain of carries,a servant carries the basket of grain,a servant carries the basket of grain
servant grain a carries of the basket,a servant carries the basket of grain,the servant carries a basket of grain
god peace gives world the to the,the god gives peace to the world,the god gives peace to the world
to jar the servant gives master a,the master gives a jar to servant,the master gives a jar to servant
woman fox the the skins finds three,the woman finds the three fox skins,the woman finds the three fox skins
behind the sun hides mountain horizon the,the horizon hides the sun behind mountain,the horizon hides the sun behind mountain
emerges from god horizon bringing light,god emerges from horizon bringing light,god emerges from horizon bringing light
sky fear strength force life heart man storm /,storm sky fear strength / force heart man life,storm sky fear strength / force heart man life
of makes a brick path the servant,the servant makes a path of brick,the servant makes a path of brick
stone gate enters spirit the the ka,the ka spirit enters the stone gate,the ka spirit enters the stone gate
life grain field leaf reed / pellet offering plant,reed leaf plant field grain / pellet life offering,reed leaf plant field grain / pellet life offering
the man plows tills hill the desert,the man plows tills the desert hill,the man plows tills the desert hill
the the gives master to man authority,the master gives authority to the man,the master gives authority to the man
/ strength big / force great hill power mountain,great / big mountain hill strength / force power,great / big mountain hill strength / force power
sees backbone the of master man the,the master sees the backbone of man,the master sees the backbone of man
man sees riverbank the the old green,the old man sees the riverbank green,the old man sees the riverbank green
stone woman the river in a finds,the woman finds a stone in river,the woman finds a stone in river
town town / people life city quail chick youth gate,quail chick youth life people town city / town gate,quail chick youth life people town city / town gate
papyrus / scribe scribe book writing scroll,scribe writing / scribe papyrus scroll book,scribe writing / scribe papyrus scroll book
door cobra lies bolt a the behind,a cobra lies behind the door bolt,a cobra lies behind the door bolt
a servant field sickle carries to the,the servant carries a sickle to field,the servant carries a sickle to field
the of soul gate the city finds,the soul finds the gate of city,the soul finds the gate of city
of the bread gives loaf father a,the father gives a loaf of bread,the father gives a loaf of bread
the master of the man heart hears,the master hears the heart of man,the master hears the heart of man
of the the hears truth heart word,the heart hears the word of truth,the heart hears the word of truth
peace heart love people / life satisfy,heart love peace / satisfy life people,heart love peace / satisfy life people
fox the skins servant the three finds,the servant finds the three fox skins,the servant finds the three fox skins
a to town finds the road youth,the youth finds a road to town,the youth finds a road to town
the on above throne king sits the,the king sits on the throne above,the king sits on the throne above
speak of eat bread / / loaf man drink,man eat / drink / speak loaf of bread,man eat / drink / speak loaf of bread
power force strength hill / mountain horizon,hill mountain horizon strength / force power,hill mountain horizon strength / force power
star a soul becomes in sky the,the soul becomes a star in sky,the soul becomes a star in sky
milk jar life woman love youth mother people,milk jar mother youth life love people woman,milk jar mother youth life love people woman
djed gives king the stability for the,the king gives the djed for stability,the king gives the djed for stability
the god the great slope sees hill,the great god sees the hill slope,the great god sees the hill slope
life peace people love / satisfy heart,people love life peace / satisfy heart,heart love peace / satisfy life people
the cobra emerges above hill desert the,the cobra emerges above the desert hill,the cobra emerges above the desert hill
does of great work a master the,the master does a work of great,the master does a work of great
cross town gate road people life river,cross road river town gate people life,cross road river town gate people life
force offering altar power peace head ox strength god / / of authority,head of ox strength / force power authority god offering peace / altar,head of ox strength / force power authority god offering peace / altar
listen / people heart hear hear god,hear hear / listen heart people god,hear hear / listen heart people god
found) (or opens exists people is gate house /,house opens / exists (or is found) gate people,house opens / exists (or is found) gate people
water servant carries the a of jar,the servant carries a jar of water,the servant carries a jar of water
the father the to child bread gives,the father gives bread to the child,the father gives bread to the child
scroll from the scribe the papyrus reads,the scribe reads from the papyrus scroll,the scribe reads from the papyrus scroll
behind is the cobra the great door,the great cobra is behind the door,the great cobra is behind the door
sees the youth head ox of the,the youth sees the head of ox,the youth sees the head of ox
house jar in find people a the,the people find a jar in house,the people find a jar in house
lord the fear hears voice no of,the lord hears no voice of fear,the lord hears no voice of fear
god life (give) offering conical loaf people,conical loaf (give) offering people life god,conical loaf (give) offering god people life
thousand great the gives a things god,the great god gives a thousand things,the great god gives a thousand things
servant the rope of a carries coil,the servant carries a coil of rope,the servant carries a coil of rope
swallow fly great the father sees the,the father sees the great swallow fly,the father sees the great swallow fly
gold a the vessel lord finds of,the lord finds a vessel of gold,the lord finds a vessel of gold
pillar god great sees the djed the,the great god sees the djed pillar,the great god sees the djed pillar
the the sees king field grain sedge,the sedge king sees the field grain,the sedge king sees the field grain
sedge the plant king sees the lotus,the sedge king sees the lotus plant,the sedge king sees the lotus plant
from the does hole emerge the cobra,the cobra does emerge from the hole,the cobra does emerge from the hole
people city god gives to life great,great god gives life to people city,great god gives life to people city
a clump papyrus emerges cobra from the,the cobra emerges from a papyrus clump,the cobra emerges from a papyrus clump
scribe bread in city the eats the,the scribe eats bread in the city,the scribe eats bread in the city
hand strength force forearm / king life authority power,forearm hand strength / force power authority life king,forearm hand strength / force power authority life king
the voice truth of hears the lord,the lord hears the voice of truth,the lord hears the voice of truth
the gives conical now a father loaf,the father gives a conical loaf now,the father gives a conical loaf now
jars rack the finds in scribe the,the scribe finds the jars in rack,the scribe finds the jars in rack
by the scribe lake eats bread the,the scribe eats bread by the lake,the scribe eats bread by the lake
the in becomes sky swallow a soul,the soul becomes a swallow in sky,the soul becomes a swallow in sky
star owl eye sky sees man god,owl sky star sees eye god man,owl sky star sees eye god man
flies the swallow city beautiful to the,the beautiful swallow flies to the city,the beautiful swallow flies to the city
carries the the in jars scribe rack,the scribe carries the jars in rack,the scribe carries the jars in rack
sees truth god feather (truth/maat) heart,feather (truth/maat) heart truth god sees,feather (truth/maat) heart truth god sees
place the finds in soul a west,the soul finds a place in west,the soul finds a place in west
father bird the of head finds the,the father finds the head of bird,the father finds the head of bird
opens gate of the the servant city,the servant opens the gate of city,the servant opens the gate of city
under finds sky scribe the truth the,the scribe finds truth under the sky,the scribe finds truth under the sky
youth gives father a the ring to,the father gives a ring to youth,the father gives a ring to youth
gives woman father a to the ring,the father gives a ring to woman,the father gives a ring to woman
water people vessel jar life ripple,jar vessel water ripple life people,jar vessel water ripple life people
a becomes the soul fire of bird,the soul becomes a bird of fire,the soul becomes a bird of fire
/ man peace heart senet house (satisfied) board life people content seated,senet board seated man house peace / content (satisfied) heart life people,senet board seated man people house peace / content (satisfied) life heart
people hear hear listen heart / god,hear hear / listen heart people god,hear hear / listen heart people god
ripple offering water jar life vessel people,vessel jar water ripple life people offering,vessel jar water ripple life people offering
underground brick the now servant a finds,the servant finds a brick underground now,the servant finds a brick underground now
/ become to scarab power (djed) stability become life god great (ankh),scarab / become to become life (ankh) god power stability (djed) great,scarab / become to become life (ankh) god power stability (djed) great
people great god mighty protects / power,god protects people great / mighty power,god protects people great / mighty power
sees placenta the woman of birth the,the woman sees the placenta of birth,the woman sees the placenta of birth
servant great strength with plows the a,the servant plows with a great strength,the servant plows with a great strength
jar the house finds in woman a,the woman finds a jar in house,the woman finds a jar in house
town road gate / city leads,road leads city / town gate,road leads city / town gate
makes master the writing a on stone,the master makes writing on a stone,the master makes writing on a stone
sky the in sees the star king,the king sees the star in sky,the king sees the star in sky
stands ground the upon field woman the,the woman stands upon the field ground,the woman stands upon the field ground
(repeated) / strength head plows ox field force of,head of ox plows (repeated) field strength / force,head of ox plows (repeated) field strength / force
rope servant carries the of a coil,the servant carries a coil of rope,the servant carries a coil of rope
a servant to house great the returns,a servant returns to the great house,a servant returns to the great house
life (ankh) god (djed) stability power people,life (ankh) power god people stability (djed),life (ankh) power god people stability (djed)
the the great heart cry hears god,the great god hears the heart cry,the great god hears the heart cry
cross people reach town river,people cross river reach town,people cross river reach town
of makes a brick king road the,the king makes a road of brick,the king makes a road of brick
beautiful a sees lotus the plant woman,the woman sees a beautiful lotus plant,the beautiful woman sees a lotus plant
horizon star swallow bird above sky of god head,head of bird swallow sky horizon above god star,head of bird swallow sky horizon above god star
finds a soul city home in the,the soul finds a home in city,the soul finds a home in city
(or exists opens / underground west found) is life,life opens / exists (or is found) underground west,life opens / exists (or is found) underground west
(ankh) scarab rebirth become / life symbol,scarab / become life (ankh) symbol rebirth,scarab / become life (ankh) symbol rebirth
king the for gate town makes a,the king makes a gate for town,the king makes a gate for town
to life gives people god great the,the great god gives life to people,the great god gives life to people
finds stone a in the field woman,the woman finds a stone in field,the woman finds a stone in field
seat stability temple authority (djed) god / throne gate power,temple gate seat / throne authority god power stability (djed),temple gate seat / throne authority god power stability (djed)
things gives lord a the thousand beautiful,the lord gives a thousand beautiful things,the lord gives a thousand beautiful things
the to the life people lord gives,the lord gives life to the people,the lord gives life to the people
life seated woman love heart woman,woman seated woman life love heart,woman seated woman life love heart
soul city a the home in finds,the soul finds a home in city,the soul finds a home in city
the the from emerge hole cobra does,the cobra does emerge from the hole,the cobra does emerge from the hole
star rise (ba) sky soul,soul (ba) rise sky star,soul (ba) rise sky star
god power life ka (spirit) (ankh) (djed) stability soul (ba),life (ankh) ka (spirit) soul (ba) power god stability (djed),life (ankh) ka (spirit) soul (ba) power god stability (djed)
(give) god offering life conical loaf people,conical loaf (give) offering people life god,conical loaf (give) offering god people life
shelter (satisfied) content reed life peace house /,house reed shelter life peace / content (satisfied),house reed shelter life peace / content (satisfied)
the the stability gives for djed king,the king gives the djed for stability,the king gives the djed for stability
scribe to the the gives lord power,the lord gives power to the scribe,the lord gives power to the scribe
heart feather (truth/maat) truth god sees,feather (truth/maat) heart truth god sees,feather (truth/maat) heart truth god sees
a hill bird the finds youth on,the youth finds a bird on hill,the youth finds a bird on hill
in peace the war heart no finds,the heart finds no peace in war,the heart finds no peace in war
the gift peace king of gives the,the king gives the gift of peace,the king gives the gift of peace
finds road to the temple a youth,the youth finds a road to temple,the youth finds a road to temple
of word hears the god heart the,the heart hears the word of god,the heart hears the word of god
child house the for makes a father,the father makes a house for child,the father makes a house for child
the god to man great gives life,the great god gives life to man,the great god gives life to man
stone a make the does throne master,the master does make a stone throne,the master does make a stone throne
finds of bread the basket woman a,the woman finds a basket of bread,the woman finds a basket of bread
grain a the woman of finds basket,the woman finds a basket of grain,the woman finds a basket of grain
the stands behind pillar the djed master,the master stands behind the djed pillar,the master stands behind the djed pillar
youth town town life people gate / chick city quail,quail chick youth life people town city / town gate,quail chick youth life people town city / town gate
gives servant the authority master the to,the master gives authority to the servant,the master gives authority to the servant
river field ripple life water,river water ripple life field,river water ripple life field
city soul finds gate of the the,the soul finds the gate of city,the soul finds the gate of city
the fox servant three skins finds the,the servant finds the three fox skins,the servant finds the three fox skins
stability (ankh) (spirit) soul ka god life (djed) power (ba),life (ankh) ka (spirit) soul (ba) power god stability (djed),life (ankh) ka (spirit) soul (ba) power god stability (djed)
/ scribe writing papyrus book scribe scroll,scribe papyrus scroll writing / scribe book,scribe writing / scribe papyrus scroll book
the woman beautiful heart the soul sees,the beautiful woman sees the heart soul,the beautiful woman sees the heart soul
road home the heart make a does,the heart does make a road home,the heart does make a road home
to road temple the finds youth a,the youth finds a road to temple,the youth finds a road to temple
jar master the milk sees altar the,the master sees the milk jar altar,the master sees the milk jar altar
hears gives justice king and people,king hears people and gives justice,king hears people and gives justice
temple with handle altar offering loaf people god basket of peace / bread,basket with handle offering loaf of bread god temple peace / altar people,basket with handle offering loaf of bread god temple peace / altar people
hears word of life heart the the,the heart hears the word of life,the heart hears the word of life
woman love seated life woman heart,woman seated woman life love heart,woman seated woman life love heart
people peace for makes a king the,the king makes a peace for people,the king makes a peace for people
plant lotus the cobra emerges the from,the cobra emerges from the lotus plant,the cobra emerges from the lotus plant
handle basket under the moves cobra the,the cobra moves under the basket handle,the cobra moves under the basket handle
desert the the cobra above hill emerges,the cobra emerges above the desert hill,the cobra emerges above the desert hill
the an of makes master offering water,the master makes an offering of water,the master makes an offering of water
road the now upon the father walks,the father walks upon the road now,the father walks upon the road now
people / god papyrus book scribe writing scroll temple life,papyrus scroll writing / scribe book temple people life god,papyrus scroll writing / scribe book temple people life god
life shelter reed content woman (satisfied) house peace people / man,reed shelter house peace / content (satisfied) people life woman man,reed shelter house peace / content (satisfied) people life woman man
a rack the jars in carries servant,a servant carries the jars in rack,a servant carries the jars in rack
finds the in a river stone woman,the woman finds a stone in river,the woman finds a stone in river
to the the gives sedge god king,the king gives the sedge to god,the king gives the sedge to god
content love life satisfied people peace,people love peace content satisfied life,people love peace content satisfied life
riverbank clump papyrus reed water leaf,riverbank reed leaf papyrus clump water,riverbank reed leaf papyrus clump water
sits king stone a seat on the,the king sits on a stone seat,the king sits on a stone seat
in water the woman sees lotus a,the woman sees a lotus in water,the woman sees a lotus in water
heart people / mouth power drink / eat life speak,mouth eat / drink / speak heart people life power,mouth eat / drink / speak heart people life power
peace bread / offering life temple of people altar god loaf,peace / altar offering loaf of bread god people life temple,peace / altar offering loaf of bread god people life temple
to gives king the the man authority,the king gives authority to the man,the king gives authority to the man
scribe book writing scribe / temple,scribe writing / scribe book temple,scribe writing / scribe book temple
the hear authority voice people of the,the people hear the voice of authority,the people hear the voice of authority
life hill horned desert god viper fear man,horned viper desert hill fear man life god,horned viper desert hill fear man life god
small grain bird the great eats the,the great bird eats the small grain,the great bird eats the small grain
on brick the stone writes scribe a,the scribe writes on a stone brick,the scribe writes on a stone brick
star (ba) rise sky soul,soul (ba) rise sky star,soul (ba) rise sky star
sedge rules king land the river the,the sedge king rules the river land,the sedge king rules the river land
the reads scribe of life scroll the,the scribe reads the scroll of life,the scribe reads the scroll of life
sees above life god sky horizon star,above horizon sky star god life sees,above horizon sky star god life sees
the thing does a all lord of,the lord of all does a thing,the lord of all does a thing
soul a becomes sky swallow in the,the soul becomes a swallow in sky,the soul becomes a swallow in sky
the master authority to servant the gives,the master gives authority to the servant,the master gives authority to the servant
/ life heart people peace satisfy,peace / satisfy heart people life,peace / satisfy heart people life
to become great scarab (djed) / become stability god life power (ankh),scarab / become to become life (ankh) god power stability (djed) great,scarab / become to become life (ankh) god power stability (djed) great
great eats the the small bird grain,the great bird eats the small grain,the great bird eats the small grain
offering life handle people food with basket,basket with handle offering food people life,basket with handle offering food people life
fire offering makes the king of an,the king makes an offering of fire,the king makes an offering of fire
in finds temple the heart truth the,the heart finds truth in the temple,the heart finds truth in the temple
rope power of authority ring coil rope tethering,coil of rope tethering rope ring power authority,coil of rope tethering rope ring power authority
the an lord of life makes offering,the lord makes an offering of life,the lord makes an offering of life
lake the the scribe bread by eats,the scribe eats bread by the lake,the scribe eats bread by the lake
the truth heart hears word the of,the heart hears the word of truth,the heart hears the word of truth
on makes vessel writing the the master,the master makes writing on the vessel,the master makes writing on the vessel
the three the woman skins fox finds,the woman finds the three fox skins,the woman finds the three fox skins
placenta birth sees the the of woman,the woman sees the placenta of birth,the woman sees the placenta of birth
star sky swallow power life swallow (great) god,swallow swallow (great) sky star god life power,swallow swallow (great) sky star god life power
reads the papyrus scribe from scroll the,the scribe reads from the papyrus scroll,the scribe reads from the papyrus scroll
god tethering authority king power he / rope strength force rope /,tethering rope rope strength / force power authority he / king god,tethering rope rope strength / force power authority he / king god
cloth the folded is under cobra the,the cobra is under the folded cloth,the cobra is under the folded cloth
river life plant ripple abundance water field,river water ripple field plant life abundance,river water ripple field plant life abundance
grain gives offering an king of the,the king gives an offering of grain,the king gives an offering of grain
symbol of scarab life becomes rebirth,scarab becomes life symbol of rebirth,scarab becomes life symbol of rebirth
offering altar god upon placed for,offering placed upon altar for god,offering placed upon altar for god
cloth the from emerges folded the cobra,the cobra emerges from the folded cloth,the cobra emerges from the folded cloth
basket finds a of woman the bread,the woman finds a basket of bread,the woman finds a basket of bread
the in a west soul finds place,the soul finds a place in west,the soul finds a place in west
sees thousand the town a people father,the father sees a thousand people town,the father sees a thousand people town
god sees heart feather man power authority (truth/maat),feather (truth/maat) heart god sees authority power man,feather (truth/maat) heart god sees authority power man
youth sees the a hill on bird,the youth sees a bird on hill,the youth sees a bird on hill
wood on adze an the man uses,the man uses an adze on wood,the man uses an adze on wood
the a belly scribe upon animal writes,a scribe writes upon the animal belly,a scribe writes upon the animal belly
says the of no word fear scribe,the scribe says no word of fear,the scribe says no word of fear
soul sky a in becomes bird the,the soul becomes a bird in sky,the soul becomes a bird in sky
life city people town brick stone house /,brick stone house city / town people life,brick stone house city / town people life
authority to servant the master gives the,the master gives authority to the servant,the master gives authority to the servant
/ mat life stool / seated man peace heart house satisfy,house stool / mat seated man peace / satisfy heart life,house stool / mat seated man peace / satisfy heart life
through writing study learns scribe long,scribe learns writing through long study,scribe learns writing through long study
emerges great a field snake the from,a great snake emerges from the field,a great snake emerges from the field
the of heart hears child father the,the father hears the heart of child,the father hears the heart of child
man old heart wisdom god,old man heart wisdom god,old man heart wisdom god
the king authority the to master gives,the master gives authority to the king,the master gives authority to the king
to birth youth a gives mother a,a mother gives birth to a youth,a mother gives birth to a youth
authority god / big great deity / throne power,great / big god / deity power authority throne,great / big god / deity power authority throne
the temple the finds truth heart in,the heart finds truth in the temple,the heart finds truth in the temple
god sky star swallow life (great) swallow power,swallow swallow (great) sky star god life power,swallow swallow (great) sky star god life power
servant sees the head bird of the,the servant sees the head of bird,the servant sees the head of bird
great people to god the life gives,the great god gives life to people,the great god gives life to people
the to life great god father gives,the great god gives life to father,the great god gives life to father
sees master the ox of head the,the master sees the head of ox,the master sees the head of ox
finds to youth the city the road,the youth finds the road to city,the youth finds the road to city
the sees youth a on bird hill,the youth sees a bird on hill,the youth sees a bird on hill
/ gate temple (djed) god seat throne authority stability power,temple gate seat / throne authority god power stability (djed),temple gate seat / throne authority god power stability (djed)
shelter is the reed inside cobra the,the cobra is inside the reed shelter,the cobra is inside the reed shelter
stability throne power gate authority / seat temple god (djed),temple gate seat / throne authority god power stability (djed),temple gate seat / throne authority god power stability (djed)
power god tethering rope strength king rope force / authority / he,tethering rope rope strength / force power authority he / king god,tethering rope rope strength / force power authority he / king god
brick an on the master adze uses,the master uses an adze on brick,the master uses an adze on brick
(ba) star to soul rises sky,soul (ba) rises to sky star,soul (ba) rises to sky star
finds a alone the quail youth chick,the youth finds a quail chick alone,the youth finds a quail chick alone
the woman the vessel life sees of,the woman sees the vessel of life,the woman sees the vessel of life
jar emerges a rack the from cobra,the cobra emerges from a jar rack,the cobra emerges from a jar rack
temple stone foundation upon stands strong,temple stands strong upon stone foundation,temple stands strong upon stone foundation
the a sky makes god great beautiful,the great god makes a beautiful sky,the great god makes a beautiful sky
youth the the senet sits behind board,the youth sits behind the senet board,the youth sits behind the senet board
from desert emerges hill the the cobra,the cobra emerges from the desert hill,the cobra emerges from the desert hill
king the gift of the gives life,the king gives the gift of life,the king gives the gift of life
ripple river / water pellet grain field,river water ripple field grain / pellet,river water ripple field grain / pellet
a man on uses a sickle plant,a man uses a sickle on plant,a man uses a sickle on plant
plows field (repeated) food life offering,plows (repeated) field life food offering,plows (repeated) field life food offering
finds the a woman plants lotus thousand,the woman finds a thousand lotus plants,the woman finds a thousand lotus plants
of loaf altar offering god bread peace /,offering loaf of bread peace / altar god,offering loaf of bread peace / altar god
people a the find desert in lake,the people find a lake in desert,the people find a lake in desert
cobra the from the desert emerges hill,the cobra emerges from the desert hill,the cobra emerges from the desert hill
woman finds lotus in the beauty the,the woman finds beauty in the lotus,the woman finds beauty in the lotus
gives loaf bread the king thousand a,the king gives a thousand loaf bread,the king gives a thousand loaf bread
woman jar mother milk jar youth vessel life,milk jar jar vessel life youth woman mother,milk jar jar vessel life youth woman mother
youth behind board the senet the sits,the youth sits behind the senet board,the youth sits behind the senet board
gives ring a youth the father to,the father gives a ring to youth,the father gives a ring to youth
house life heart people / door satisfy peace bolt gate,door bolt gate house peace / satisfy heart life people,door bolt gate house peace / satisfy heart life people
the authority hears servant the voice of,the servant hears the voice of authority,the servant hears the voice of authority
the a servant of basket grain carries,a servant carries the basket of grain,a servant carries the basket of grain
man feather authority power (truth/maat) sees god heart,feather (truth/maat) heart god sees authority power man,feather (truth/maat) heart power authority god man
star a gate city the above sits,a star sits above the city gate,a star sits above the city gate
a lotus beautiful plant the sees woman,the woman sees a beautiful lotus plant,the beautiful woman sees a lotus plant
plant (tills) plows field cut grain / pellet,cut plant field plows (tills) grain / pellet,cut plant field plows (tills) grain / pellet
gives the to stability the god king,the god gives stability to the king,the god gives stability to the king
scribe of a brick makes the house,the scribe makes a house of brick,the scribe makes a house of brick
rests soul upon star the above the,the soul rests upon the star above,the soul waits upon the star above
heart god truth eye sees,god sees eye heart truth,god sees eye heart truth
temple (djed) great stability stone,temple stone stability (djed) great,temple stone stability (djed) great
and emerges water from life earth,life emerges from water and earth,life emerges from water and earth
writing book / scribe scroll scribe papyrus,scribe papyrus scroll writing / scribe book,scribe papyrus scroll writing / scribe book
sees the the soul woman beautiful heart,the beautiful woman sees the heart soul,the beautiful woman sees the heart soul
star sees owl above eye god sky,owl sees eye god sky star above,owl sees eye god sky star above
becomes soul a the truth of bird,the soul becomes a bird of truth,the soul becomes a bird of truth
ka the spirit speaks hears the heart,the ka spirit hears the heart speaks,the ka spirit hears the heart speaks
a bird soul becomes in sky the,the soul becomes a bird in sky,the soul becomes a bird in sky
king plant the lotus sees sedge the,the sedge king sees the lotus plant,the sedge king sees the lotus plant
of every gives bread lord the town,the lord of every town gives bread,the lord of every town gives bread
plows the youth small the field tills,the youth plows tills the small field,the youth plows tills the small field
peace the in finds city the heart,the heart finds peace in the city,the heart finds peace in the city
people eat life speak drink / mouth heart / power,mouth eat / drink / speak heart people life power,mouth eat / drink / speak heart people life power
king great seated (djed) face power authority upon stability / / throne mighty / god,face / upon throne seated god / king power authority great / mighty stability (djed),face / upon throne seated god / king power authority great / mighty stability (djed)
old sees house the a man great,the old man sees a great house,the old man sees a great house
truth feather sees heart (truth/maat) eye,eye sees truth feather (truth/maat) heart,eye sees truth feather (truth/maat) heart
authority king to / do do god power thing make,do to do / make thing power authority god king,do to do / make thing power authority god king
of the sees woman face the god,the woman sees the face of god,the woman sees the face of god
earth uses a the for man hoe,the man uses a hoe for earth,the man uses a hoe for earth
a heart god way finds to the,the heart finds a way to god,the heart finds a way to god
backbone of man father the the sees,the father sees the backbone of man,the father sees the backbone of man
life water river lake field ripple,river lake water ripple life field,river lake water ripple life field
milk of jar a the finds woman,the woman finds a jar of milk,the woman finds a jar of milk
the knows ba truth maat soul the,the soul ba knows the truth maat,the soul ba knows the truth maat
grain pellet / field life (tills) plows plant,field plows (tills) plant grain / pellet life,field plows (tills) plant grain / pellet life
a snake in the desert soul becomes,the soul becomes a snake in desert,the soul becomes a snake in desert
a the road heart finds to temple,the heart finds a road to temple,the heart finds a road to temple
power people deity thousand / god life,god / deity power thousand life people,god / deity power thousand life people
voice the the master hears lord of,the lord hears the voice of master,the lord hears the voice of master
hill youth the finds bird a on,the youth finds a bird on hill,the youth finds a bird on hill
sees the face youth the mother of,the youth sees the face of mother,the youth sees the face of mother
stone a heart fire in becomes the,the heart becomes a stone in fire,the heart becomes a stone in fire
the flies swallow great above the river,the great swallow flies above the river,the great swallow flies above the river
people reach river to town cross,people cross river to reach town,people cross river to reach town
plant woman nearby the finds lotus a,the woman finds a lotus plant nearby,the woman finds a lotus plant nearby
a becomes soul in desert snake the,the soul becomes a snake in desert,the soul becomes a snake in desert
/ eat speak people life mouth heart / drink,eat / drink / speak mouth heart life people,eat / drink / speak mouth heart life people
king fire the an of makes offering,the king makes an offering of fire,the king makes an offering of fire
god offering jars grain people in jar rack life / pellet,grain / pellet jar jars in rack offering life people god,grain / pellet jar jars in rack offering life people god
hears the word the father of heart,the heart hears the word of father,the heart hears the word of father
man walks toward gate road city,man walks road toward city gate,man walks road toward city gate
the youth by river finds the peace,the youth finds peace by the river,the youth finds peace by the river
fox woman the the three skins finds,the woman finds the three fox skins,the woman finds the three fox skins
(ba) horizon west desert soul underground life hill,desert hill horizon west underground soul (ba) life,desert hill horizon west underground soul (ba) life
of king ring god authority coil rope rope tethering power,coil of rope tethering rope ring power authority king god,coil of rope tethering rope ring power authority king god
earth the man a for uses hoe,the man uses a hoe for earth,the man uses a hoe for earth
on great sits throne the the king,the great king sits on the throne,the great king sits on the throne
(djed) hill stability mountain / stone strength power force,stone mountain hill strength / force power stability (djed),stone mountain hill strength / force power stability (djed)
finds to the west road a youth,the youth finds a road to west,the youth finds a road to west
temple quietly writes book scribe in,scribe writes book in temple quietly,scribe writes book in temple quietly
carries to sickle servant a the field,the servant carries a sickle to field,the servant carries a sickle to field
sees west the star soul in the,the soul sees the star in west,the soul sees the star in west
underground soul west (ba) journey life horizon god,west horizon underground soul (ba) journey life god,west horizon underground soul (ba) journey life god
gold of the father a gives ring,the father gives a ring of gold,the father gives a ring of gold
ox of lord sees the head the,the lord sees the head of ox,the lord sees the head of ox
the stays above the river horizon bank,the horizon stays above the river bank,the horizon stays above the river bank
king the the power to scribe gives,the king gives power to the scribe,the king gives power to the scribe
backbone master sees the the man of,the master sees the backbone of man,the master sees the backbone of man
