Input,Target,Prediction
of a father loaf a bread gives now,a father gives a loaf of bread now,a father gives a loaf of bread now
respect peace love mother and youth daily teaches,mother teaches youth love peace and respect daily,mother teaches youth love peace and respect daily
over a reed swallow flies shelter green the,a swallow flies over the green reed shelter,a swallow flies over the green reed shelter
lotus plant in the bank river a grows,a lotus plant grows in the river bank,a lotus plant grows in the river bank
authority people man leads the with city a,a man with authority leads the city people,a man with authority leads the city people
the morning water lotus plant opens the in,the lotus plant opens in the morning water,the lotus plant opens in the morning water
with man the great speaks master old the,the old man speaks with the great master,the old man speaks with the great master
and with temple firm stability stands power,temple stands firm with stability and power,temple stands firm with stability and power
the great flows to west river the side,the great river flows to the west side,the great river flows to the west side
fire of the gives great the sun power,the great power of the sun gives fire,the great power of the sun gives fire
of is the good youth a very heart,the heart of a youth is very good,the heart of a youth is very good
the finds sky the path ka to spirit,the spirit ka finds the path to sky,the spirit ka finds the path to sky
swallow a over flies wall high city the,a swallow flies over the high city wall,a swallow flies over the high city wall
upon sits gold the of seat king the,the king sits upon the seat of gold,the king sits upon the seat of gold
a a gate the youth stone finds near,a youth finds a stone near the gate,a youth finds a stone near the gate
walks the peace old road to man the,the old man walks the road to peace,the old man walks the road to peace
life light and emerges horizon at god bringing,god emerges at horizon bringing light and life,god emerges at horizon bringing light and life
king scribe the speaks the word the of,the scribe speaks the word of the king,the scribe speaks the word of the king
sky beneath filled star woman night stands,woman stands beneath star filled night sky,woman stands beneath star filled night sky
is backbone very father of the strong the,the backbone of the father is very strong,the backbone of the father is very strong
heart the a man of sweet very is,the heart of a man is very sweet,the heart of a man is very sweet
carries a in vessel servant the a rack,a servant carries the vessel in a rack,a servant carries the vessel in a rack
a finds upon the king stone throne peace,a king finds peace upon the stone throne,a king finds peace upon the stone throne
god the horizon becomes in a a star,a star becomes a god in the horizon,a star becomes a god in the horizon
in fish water a the thousand swim blue,a thousand fish swim in the blue water,a thousand fish swim in the blue water
things all of very is the master content,the master of all things is very content,the master of all things is very content
authority walks on beside reflecting king river,king walks beside river reflecting on authority,king walks beside river reflecting on authority
a to daughter strong birth mother the gives,the mother gives birth to a strong daughter,the mother gives birth to a strong daughter
strength the venerated is the of man marrow,the venerated marrow is the strength of man,the venerated marrow is the strength of man
child gives to beautiful mother a birth the,the mother gives birth to a beautiful child,the mother gives birth to a beautiful child
west the emerges sky great the storm from,the great storm emerges from the west sky,the great storm emerges from the west sky
lord souls of the all sky sees the,the lord of all souls sees the sky,the lord of all souls sees the sky
on is belly animal the seen stone the,the animal belly is seen on the stone,the animal belly is seen on the stone
stone block today man quietly adze beside sharpens,man sharpens adze beside stone block quietly today,man sharpens adze beside stone block quietly today
the speaks the to king scribe seated today,the scribe speaks to the seated king today,the scribe speaks to the seated king today
stool scribe sacred on writing words sits,scribe sits on stool writing sacred words,scribe sits on stool writing sacred words
a with the mirror truth sees a woman,a woman with a mirror sees the truth,a woman with a mirror sees the truth
the of sun the power light great gives,the great power of the sun gives light,the great power of the sun gives light
the on cold is belly animal the sand,the animal belly is cold on the sand,the animal belly is cold on the sand
all the world things sees lord the of,the lord of all things sees the world,the lord of all things sees the world
the the gate temple high swallow flies over,the swallow flies over the high temple gate,the swallow flies over the high temple gate
a youth the of heart very sweet is,the heart of a youth is very sweet,the heart of a youth is very sweet
papyrus through cobra the clump thick moves the,the cobra moves through the thick papyrus clump,the cobra moves through the thick papyrus clump
a the of hears woman voice the mother,a woman hears the voice of the mother,a woman hears the voice of the mother
field hears woman in bird the the a,a woman hears the bird in the field,a woman hears the bird in the field
papyrus temple on offerings scroll records inside scribe,scribe records offerings on papyrus scroll inside temple,scribe records offerings on papyrus scroll scroll inside temple
scribe chisel on a the throne uses a,a scribe uses a chisel on the throne,a scribe uses a chisel on the throne
the finds of great things all lord content,the lord of all things finds great content,the lord of all things finds great content
today upon a mat stool scribe the sits,a scribe sits upon the stool mat today,a scribe sits upon the stool mat today
land great the moves across the storm west,the great storm moves across the west land,the great storm moves across the west land
with a sees woman the truth mirror a,a woman with a mirror sees the truth,a woman with a mirror sees the truth
in life town people birth god gives to,god gives birth life to people in town,god gives birth life to people in town
great moves the sky across the storm west,the great storm moves across the west sky,the great storm moves across the west sky
desert during storm beneath shelters man hut reed,man shelters beneath reed hut during desert storm,man shelters beneath reed hut during desert storm
people the the hears of voice scribe the,the scribe hears the voice of the people,the scribe hears the voice of the people
stars shine desert thousand hill the above a,a thousand stars shine above the desert hill,a thousand stars shine above the desert hill
with a sickle the man cuts plant a,a man with a sickle cuts the plant,a man with a sickle cuts the plant
the the things of all master field sees,the master of all things sees the field,the master of all things sees the field
the mountain side spirit emerges from the ka,the spirit ka emerges from the mountain side,the spirit ka emerges from the mountain side
in a sand bolt youth finds the door,a youth finds the door bolt in sand,a youth finds the door bolt in sand
house the life the ka remains spirit in,the spirit ka remains in the house life,the spirit ka remains in the house life
in the god woman the hears temple a,a woman hears the god in the temple,a woman hears the god in the temple
the king power to city a great gives,a king gives power to the great city,a king gives power to the great city
studies fire papyrus scroll light calmly scribe by,scribe studies papyrus scroll by fire light calmly,scribe studies papyrus scroll scroll by fire light calmly
servant carries grain the to city a town,a servant carries grain to the city town,a servant carries grain to the city town
above the gate temple is a great star,a star is above the great temple gate,a star is above the great temple gate
birth the a child goddess to gives beautiful,the goddess gives birth to a beautiful child,the goddess gives birth to a beautiful child
very woman of is good heart a the,the heart of a woman is very good,the heart of a woman is very good
in a grows lotus river the beautiful plant,a beautiful lotus plant grows in the river,a beautiful lotus plant grows in the river
the emerges star a city above town high,a star emerges above the high city town,a star emerges above the high city town
calmly riverbank road follows west toward woman,woman follows riverbank road toward west calmly,woman follows riverbank road toward west calmly
a sits papyrus bird on beautiful the clump,a beautiful bird sits on the papyrus clump,a beautiful bird sits on the papyrus clump
with handle woman basket house carries to,woman carries basket with handle to house,woman carries basket with handle to house
near road sees town crossing suddenly cobra man,man sees cobra crossing road near town suddenly,man sees cobra crossing road near town suddenly
carries servant jars in rack a a the,a servant carries the jars in a rack,a servant carries the jars in a rack
house youth town scribe teaches inside to writing,scribe teaches writing to youth inside town house,scribe teaches writing house inside town house
king the sits seat upon a of stone,a king sits upon the seat of stone,a king sits upon the seat of stone
authority great king with from emerges palace,king emerges from palace with great authority,king emerges from palace with great authority
hill people great horizon desert sky see above,people see horizon above desert hill sky great,people see horizon above desert hill sky great
night guards at cobra gate desert temple,cobra guards temple gate at desert night,cobra guards temple gate at desert night
man snake near today cautiously riverbank sees coil,man sees snake coil near riverbank cautiously today,man sees snake coil near riverbank cautiously today
spirit through the enters temple the ka gate,the spirit ka enters through the temple gate,the spirit ka enters through the temple gate
of above gold house shines the the star,the star shines above the house of gold,the star shines above the house of gold
house the star gold shines of the above,the star shines above the house of gold,the star shines above the house of gold
man is a of strength the backbone his,the backbone of a man is his strength,the backbone of a man is his strength
the plays senet master great board the on,the master plays on the great senet board,the master plays on the great senet board
light the morning lotus the in plant opens,the lotus plant opens in the morning light,the lotus plant opens in the morning light
in desert hare the field green hides the,the desert hare hides in the green field,the desert hare hides in the green field
emerge deep lake from thousand the fish a,a thousand fish emerge from the deep lake,a thousand fish emerge from the deep lake
sits the stone on rib side animal of,the side rib of animal sits on stone,the side rib of animal sits on stone
stone sits the the man old upon mat,the old man sits upon the stone mat,the old man sits upon the stone mat
a board king the senet plays on great,a king plays on the great senet board,a king plays on the great senet board
loaf a a mother gives to conical servant,a servant gives a conical loaf to mother,a servant gives a conical loaf to mother
in the man old truth life sees the,the old man sees the truth in life,the old man sees the truth in life
are jars for thousand king a of milk,a thousand jars of milk are for king,a thousand jars of milk are for king
great the to king gives the authority god,the god gives authority to the great king,the god gives authority to the great king
a hears youth of heart the the father,a youth hears the heart of the father,a youth hears the heart of the father
bread together stool sit sharing on peacefully people,people sit on stool sharing bread peacefully together,people sit on stool sharing bread peacefully together
thousand in the peace city find people a,a thousand people find peace in the city,a thousand people find peace in the city
finds man old the temple peace the in,the old man finds peace in the temple,the old man finds peace in the temple
father the heart good of very is a,the heart of a father is very good,the heart of a father is very good
studies calmly scroll scribe papyrus light fire by,scribe studies papyrus scroll by fire light calmly,scribe studies papyrus scroll scroll by fire light calmly
truth the soul the of backbone is the,the backbone of the soul is the truth,the backbone of the soul is the truth
brick sees cobra under the youth a the,a youth sees the cobra under the brick,a youth sees the cobra under the brick
with house of speaks the the authority master,the master of the house speaks with authority,the master of the house speaks with authority
thousand king are a for milk of jars,a thousand jars of milk are for king,a thousand jars of milk are for king
from the great west storm sky emerges the,the great storm emerges from the west sky,the great storm emerges from the west sky
river the city the is near great town,the great city town is near the river,the great city town is near the river
very the king great of authority is the,the authority of the king is very great,the authority of the king is very great
man of strength venerated the the is marrow,the venerated marrow is the strength of man,the venerated marrow is the strength of man
sits jar stone the on milk brick a,a milk jar sits on the stone brick,a milk jar sits on the stone brick
sky great town swallow see above people flying,people see swallow great flying above town sky,people see swallow great flying above town sky
with town to a woman basket walks a,a woman with a basket walks to town,a woman with a basket walks to town
remains the house in ka the spirit life,the spirit ka remains in the house life,the spirit ka remains in the house life
a face mirror the sees woman with a,a woman with a mirror sees the face,a woman with a mirror sees the face
the youth father gives ring the to a,the father gives a ring to the youth,the father gives a ring to the youth
a seat sits king upon the of gold,a king sits upon the seat of gold,a king sits upon the seat of gold
offering an the of things gives all master,the master of all things gives an offering,the master of all things gives an offering
the sky storm across moves great the west,the great storm moves across the west sky,the great storm moves across the west sky
the great desert above mountain star a shines,a star shines above the great desert mountain,a star shines above the great desert mountain
a reed shelter the in hare hides desert,a desert hare hides in the reed shelter,a desert hare hides in the reed shelter
clump a flies green swallow over papyrus the,a swallow flies over the green papyrus clump,a swallow flies over the green papyrus clump
viper horned hides the stone in the wall,the horned viper hides in the stone wall,the horned viper hides in the stone wall
the finds ka temple peace the spirit in,the spirit ka finds peace in the temple,the spirit ka finds peace in the temple
in the sky stars great shine thousand a,a thousand stars shine in the great sky,a thousand stars shine in the great sky
mirror the sees her woman with face a,the woman with a mirror sees her face,the woman with a mirror sees her face
a shines the star above city great town,a star shines above the great city town,a star shines above the great city town
is belly animal the on the stone cold,the animal belly is cold on the stone,the animal belly is on the cold stone
thousand river fish great a in swim the,a thousand fish swim in the great river,a thousand fish swim in the great river
celebrate under sky and life stars people,people celebrate life under stars and sky,people celebrate life under stars and sky
sees the basket the of the master house,the master of the house sees the basket,the master of the house sees the basket
upon seat the sits of the gold king,the king sits upon the seat of gold,the king sits upon the seat of gold
great woman is the the of face beautiful,the beautiful face of the woman is great,the beautiful face of the woman is great
of is man backbone the the strong very,the backbone of the man is very strong,the backbone of the man is very strong
hides green hare desert in the the plant,the desert hare hides in the green plant,the desert hare hides in the green plant
jar child fills gently milk woman for with,woman fills jar with milk for child gently,woman fills jar with milk for child gently
a a in god star the becomes horizon,a star becomes a god in the horizon,a star becomes a god in the horizon
peacefully people speaks before wisdom old man,old man speaks wisdom before people peacefully,old man speaks wisdom before people peacefully
man is power the of life great in,the great power of life is in man,the great power of life is in man
above stars by watching quietly youth sits lake,youth sits by lake watching stars above quietly,youth sits by lake watching stars above quietly
scribe wood adze a an for uses the,a scribe uses an adze for the wood,a scribe uses an adze for the wood
stool on together people peacefully bread sit sharing,people sit on stool sharing bread peacefully together,people sit on stool sharing bread peacefully together
a the jar milk sits stone on brick,a milk jar sits on the stone brick,a milk jar sits on the stone brick
night house hears at behind owl man,man hears owl behind house at night,man hears owl behind house at night
hears old the the man of voice god,the old man hears the voice of god,the old man hears the voice of god
a single wood stroke a on scribe marks,a scribe marks a single stroke on wood,a scribe marks a single stroke on wood
slope hill runs the the across desert hare,the desert hare runs across the hill slope,the desert hare runs across the hill slope
water in the a grows plant river lotus,a lotus plant grows in the river water,a lotus plant grows in the river water
animal ground lion on is a belly the,a lion animal belly is on the ground,a lion animal belly is on the ground
god voice in man hears temple great peace,man hears god voice in temple great peace,man hears god voice in temple great peace
storm great the over the moves hill desert,the great storm moves over the desert hill,the great storm moves over the desert hill
sweet peace lord finds of the house the,the lord of the house finds sweet peace,the lord of the house finds sweet peace
on head bird the the sits brick wall,the bird head sits on the brick wall,the bird head sits on the brick wall
grain king field sees the the great of,the great king sees the field of grain,the great king sees the field of grain
the becomes the the light sun fire of,the light of the sun becomes the fire,the light of the sun becomes the fire
man great fear storm does not a the,a man does not fear the great storm,a man does not fear the great storm
carries papyrus today carefully scribe town scroll into,scribe carries papyrus scroll into town carefully today,scribe carries papyrus scroll into town carefully today
king very the strong of is the backbone,the backbone of the king is very strong,the backbone of the king is very strong
rope binds to tethering the man a boat,a man binds the tethering rope to boat,a man binds the tethering rope to boat
milk are a of queen for jars thousand,a thousand jars of milk are for queen,a thousand jars of milk are for queen
a hears the woman voice basket with a,a woman with a basket hears the voice,a woman with a basket hears the voice
the mother a son birth beautiful gives to,the mother gives birth to a beautiful son,the mother gives birth to a beautiful son
great river flies above swallow the the bank,the great swallow flies above the river bank,the great swallow flies above the river bank
club behind a walks a with man town,a man with a club walks behind town,a man with a club walks behind town
man voice in peace god great temple hears,man hears god voice in temple great peace,man hears god voice in temple great peace
the brick animal on the belly warm remains,the animal belly remains on the warm brick,the animal belly remains on the warm brick
a hoe man a with ground the tilled,a man with a hoe tilled the ground,a man with a hoe tilled the ground
to a a ring the son gives father,a father gives a ring to the son,a father gives a ring to the son
old the the city peace in finds man,the old man finds peace in the city,the old man finds peace in the city
an wood adze the for uses scribe a,a scribe uses an adze for the wood,a scribe uses an adze for the wood
desert the the hare reed runs to shelter,the desert hare runs to the reed shelter,the desert hare runs to the reed shelter
marrow venerated finds of the man a life,a man finds the venerated marrow of life,a man finds the venerated marrow of life
the sees of the lord field grain the,the lord of the field sees the grain,the lord of the field sees the grain
a of man life marrow venerated the finds,a man finds the venerated marrow of life,a man finds the venerated marrow of life
the head ox the altar sits of on,the head of ox sits on the altar,the head of ox sits on the altar
the the enters gate spirit temple through ka,the spirit ka enters through the temple gate,the spirit ka enters through the temple gate
grows plant the a in river lotus water,a lotus plant grows in the river water,a lotus plant grows in the river water
man the hoe a a plows with field,a man with a hoe plows the field,a man plows the field with a hoe
milk carries a servant a for altar jar,a servant carries a milk jar for altar,a servant carries a milk jar for altar
to old speaks great master man the the,the old man speaks to the great master,the old man speaks to the great master
soul a a in bird becomes the sky,a soul becomes a bird in the sky,a soul becomes a bird in the sky
today man skins three fox the a finds,a man finds the three fox skins today,a man finds the three fox skins today
the mountain above a great star is side,a star is above the great mountain side,a star is above the great mountain side
reverence father follows with temple into youth,youth follows father into temple with reverence,youth follows father into temple with reverence
thousand gives grain a of a fields king,a king gives a thousand fields of grain,a king gives a thousand fields of grain
star emerges hill a above the desert high,a star emerges above the high desert hill,a star emerges above the high desert hill
very of king the is heart strong the,the heart of the king is very strong,the heart of the king is very strong
the town swallow above city high a flies,a swallow flies above the high city town,a swallow flies above the high city town
ring a father a his to gives daughter,a father gives a ring to his daughter,a father gives a ring to his daughter
the field tilled man hoe with a a,a man with a hoe tilled the field,a man with a hoe tilled the field
heart sweet is very goddess the of the,the heart of the goddess is very sweet,the heart of the goddess is very sweet
gate is the to made the stone city,the gate to the city is made stone,the gate to the city is made stone
life ka the in house the exists spirit,the spirit ka exists in the house life,the spirit ka exists in the house life
in a finds stone the youth a lake,a youth finds a stone in the lake,a youth finds a stone in the lake
a light opens in plant morning the lotus,a lotus plant opens in the morning light,a lotus plant opens in the morning light
the star a great mountain emerges above peak,a star emerges above the great mountain peak,a star emerges above the great mountain peak
hides the stone viper wall in the horned,the horned viper hides in the stone wall,the horned viper hides in the stone wall
to god the speaks seated old man the,the old man speaks to the seated god,the old man speaks to the seated god
harvest people grain from field gather after,people gather grain from field after harvest,people gather grain from field after harvest
carries vessel the in servant a rack a,a servant carries the vessel in a rack,a servant carries the vessel in a rack
of is all the content things very master,the master of all things is very content,the master of all things is very content
the way the to finds sky ka spirit,the spirit ka finds the way to sky,the spirit ka finds the way to sky
of grain are people a jars thousand for,a thousand jars of grain are for people,a thousand jars of grain are for people
youth the sand finds bolt door a in,a youth finds the door bolt in sand,a youth finds the door bolt in sand
of king a jars grain thousand for are,a thousand jars of grain are for king,a thousand jars of grain are for king
upon feather god of truth heart places,god places feather of truth upon heart,god places feather of truth upon heart
heart peace of king the the finds great,the heart of the king finds great peace,the heart of the king finds great peace
the behind hare hill slope a sits desert,a desert hare sits behind the hill slope,a desert hare sits behind the hill slope
the with a sees gate woman a basket,a woman with a basket sees the gate,a woman with a basket sees the gate
a plant lotus the reed shelter grows near,a lotus plant grows near the reed shelter,a lotus plant grows near the reed shelter
youth in the cobra a the desert sees,a youth sees the cobra in the desert,a youth sees the cobra in the desert
the very strong is backbone of the king,the backbone of the king is very strong,the backbone of the king is very strong
god the sees youth eye the a of,a youth sees the eye of the god,a youth sees the eye of the god
call owl at seated night sky woman hears,seated woman hears owl call at night sky,seated woman hears owl call at night sky
becomes a the a horizon soul in star,a soul becomes a star in the horizon,a soul becomes a star in the horizon
thousand house the a shine gold stars above,a thousand stars shine above the house gold,a thousand stars shine above the house gold
soul the becomes a the star of father,the soul of the father becomes a star,the soul of the father becomes a star
door a behind bolt the moves cobra large,a cobra moves behind the large door bolt,a cobra moves behind the large door bolt
horizon road king town toward beyond travels western,king travels road beyond town toward western horizon,king travels road beyond town toward western horizon
the of light gives sun the great power,the great power of the sun gives light,the great power of the sun gives light
in house ka spirit life the the exists,the spirit ka exists in the house life,the spirit ka exists in the house life
bricks of a city build the wall thousand,a thousand bricks build the wall of city,a thousand bricks build the wall of city
in desert shelter hare the the hides reed,the desert hare hides in the reed shelter,the desert hare hides in the reed shelter
the stone in man field finds a a,a man finds a stone in the field,a man finds a stone in the field
man the happy is of the old heart,the heart of the old man is happy,the heart of the old man is happy
great behind temple king gate the sits a,a king sits behind the great temple gate,a king sits behind the great temple gate
the with to king people authority speaks a,a king with authority speaks to the people,a king with authority speaks to the people
old walks gate the temple to the man,the old man walks to the temple gate,the old man walks to the temple gate
places jars rack the in a the scribe,the scribe places the jars in a rack,the scribe places the jars in a rack
man in the temple peace finds old the,the old man finds peace in the temple,the old man finds peace in the temple
moves bank the near river the water ripple,the water ripple moves near the river bank,the water ripple moves near the river bank
the stone wall in the horned viper hides,the horned viper hides in the stone wall,the horned viper hides in the stone wall
bank in the the plant river lotus grows,the lotus plant grows in the river bank,the lotus plant grows in the river bank
under evening youth sky road follows toward west,youth follows road toward west under evening sky,youth follows road toward west under evening sky
the above a swallow bank flies river high,a swallow flies above the high river bank,a swallow flies above the high river bank
desert night at cobra temple guards gate,cobra guards temple gate at desert night,cobra guards temple gate at desert night
house work inside people rest mats after on,people rest on mats inside house after work,people rest on mats inside house after work
servant to a the lord the gives loaf,the lord gives a loaf to the servant,the lord gives a loaf to the servant
power sun great the of the life gives,the great power of the sun gives life,the great power of the sun gives life
the for an adze wood uses scribe the,the scribe uses an adze for the wood,the scribe uses an adze for the wood
sits the stool great the on board senet,the great senet board sits on the stool,the great senet board sits on the stool
hare the shelter desert hides reed the in,the desert hare hides in the reed shelter,the desert hare hides in the reed shelter
all things the sees field master of the,the master of all things sees the field,the master of all things sees the field
the eats house the of bread the master,the master of the house eats the bread,the master of the house eats the bread
rope quietly house mother doorway braids flax beside,mother braids flax rope beside house doorway quietly,mother braids flax rope beside house doorway quietly
old peace the city in finds man the,the old man finds peace in the city,the old man finds peace in the city
at dawn together cross seeking people peace gate,people cross gate at dawn seeking peace together,people cross gate at dawn seeking peace together
upon stool the scribe today sits a mat,a scribe sits upon the stool mat today,a scribe sits upon the stool mat today
bank the plant grows the lotus river in,the lotus plant grows in the river bank,the lotus plant grows in the river bank
the power god of the world makes great,the great power of god makes the world,the great power of god makes the world
sees the all world things the of lord,the lord of all things sees the world,the lord of all things sees the world
life man marrow the is venerated the of,the venerated marrow is the life of man,the venerated marrow is the life of man
in thousand stars night shine a sky the,a thousand stars shine in the night sky,a thousand stars shine in the night sky
master the souls all of truth sees the,the master of all souls sees the truth,the master of all souls sees the truth
very of the backbone snake long is the,the backbone of the snake is very long,the backbone of the snake is very long
king of sees the grain great the field,the great king sees the field of grain,the great king sees the field of grain
sees field of lord the grain the the,the lord of the field sees the grain,the lord of the field sees the grain
above fire shines star the of the mountain,the star shines above the mountain of fire,the star shines above the mountain of fire
to loaf a conical the child gives father,the father gives a conical loaf to child,the father gives a conical loaf to child
mother servant gives loaf a to conical a,a servant gives a conical loaf to mother,a servant gives a conical loaf to mother
in desert a the sees cobra youth the,a youth sees the cobra in the desert,a youth sees the cobra in the desert
the to woman a a jar brings altar,a woman brings a jar to the altar,a woman brings a jar to the altar
inside quail the chick the hides shelter reed,the quail chick hides inside the reed shelter,the quail chick hides inside the reed shelter
with the man a plows strength of god,a man plows with the strength of god,a man plows with the strength of god
a sand the youth in finds door bolt,a youth finds the door bolt in sand,a youth finds the door bolt in sand
is long of the backbone fish very the,the backbone of the fish is very long,the backbone of the fish is very long
a the side above emerges high star mountain,a star emerges above the high mountain side,a star emerges above the high mountain side
the the bird hears a woman in field,a woman hears the bird in the field,a woman hears the bird in the field
from gather harvest field after people grain,people gather grain from field after harvest,people gather grain from field after harvest
as listens speaks god truth woman quietly,woman listens quietly as god speaks truth,woman listens quietly as god speaks truth
sky above desert great horizon people see hill,people see horizon above desert hill sky great,people see horizon above desert hill sky great
head bird a on is stone wall the,a bird head is on the stone wall,a bird head is on the stone wall
near stone crawls brick viper the horned the,the horned viper crawls near the stone brick,the horned viper crawls near the stone brick
very the the is large ox of backbone,the backbone of the ox is very large,the backbone of the ox is very large
the small backbone very the bird of is,the backbone of the bird is very small,the backbone of the bird is very small
the eye sees bird youth the of a,a youth sees the eye of the bird,a youth sees the eye of the bird
of heart king strong very the the is,the heart of the king is very strong,the heart of the king is very strong
sits youth lake quietly stars above watching by,youth sits by lake watching stars above quietly,youth sits by lake watching stars above quietly
altar the side of on rib ox is,the side rib of ox is on altar,the side rib of ox is on altar
with sees woman mirror a the a face,a woman with a mirror sees the face,a woman with a mirror sees the face
at night snake riverbank near people fear,people fear snake near riverbank at night,people fear snake near riverbank at night
quietly lake stars by watching above youth sits,youth sits by lake watching stars above quietly,youth sits by lake watching stars above quietly
sky toward peacefully people under morning gate walk,people walk toward gate under morning sky peacefully,people walk toward gate under morning sky peacefully
the life great of power sun the gives,the great power of the sun gives life,the great power of the sun gives life
man with the sickle papyrus cuts a a,a man cuts the papyrus with a sickle,a man cuts the papyrus with a sickle
thousand in the fish swim river a great,a thousand fish swim in the great river,a thousand fish swim in the great river
the a life marrow finds of man venerated,a man finds the venerated marrow of life,a man finds the venerated marrow of life
sits gold of seat king a upon the,a king sits upon the seat of gold,a king sits upon the seat of gold
the heart a man becomes sweet very of,the heart of a man becomes very sweet,the heart of a man becomes very sweet
man finds peace the in the old temple,the old man finds peace in the temple,the old man finds peace in the temple
stone viper near crawls horned a brick the,a horned viper crawls near the stone brick,a horned viper crawls near the stone brick
chick the the quail brick stone on sits,the quail chick sits on the stone brick,the quail chick sits on the stone brick
road walks the a with a man club,a man with a club walks the road,a man with a club walks the road
scribe for twisted the flax binds a god,a scribe binds the twisted flax for god,a scribe binds the twisted flax for god
face of peace a beautiful woman gives the,the beautiful face of a woman gives peace,the beautiful face of a woman gives peace
life the in man the old sees truth,the old man sees the truth in life,the old man sees the truth in life
the the hill great over moves storm desert,the great storm moves over the desert hill,the great storm moves over the desert hill
a flax binds rope man twisted the for,a man binds the twisted flax for rope,a man binds the twisted flax for rope
near fire reed the great a burns shelter,a great fire burns near the reed shelter,a great fire burns near the reed shelter
authority master house the with speaks the of,the master of the house speaks with authority,the master of the house speaks with authority
great god truth power is in the of,the great power of truth is in god,the great power of truth is in god
emerges side dark mountain star above a the,a star emerges above the dark mountain side,a star emerges above the dark mountain side
a servant brings milk altar jar a for,a servant brings a milk jar for altar,a servant brings a milk jar for altar
flax rope twisted man for the binds the,the man binds the twisted flax for rope,the man binds the twisted flax for rope
the uses wood the adze on scribe an,the scribe uses an adze on the wood,the scribe uses an adze on the wood
grain shelter reed a servant carries the to,a servant carries grain to the reed shelter,a servant carries grain to the reed shelter
woman gently with for jar milk fills child,woman fills jar with milk for child gently,woman fills jar with milk for child gently
across runs desert the slope the hill hare,the desert hare runs across the hill slope,the desert hare runs across the hill slope
of the backbone a his strength man is,the backbone of a man is his strength,the backbone of a man is his strength
mother a of is heart good very the,the heart of a mother is very good,the heart of a mother is very good
today a the skins fox man finds three,a man finds the three fox skins today,a man finds the three fox skins today
great above strength god with lifts desert mountain,god lifts mountain above desert with strength great,god lifts mountain above desert with strength great
in rack a jars servant brings the a,a servant brings the jars in a rack,a servant brings the jars in a rack
to gives youth mother jar gently milk,mother gives milk jar to youth gently,mother gives milk jar to youth gently
eye sees a youth the the of bird,a youth sees the eye of the bird,a youth sees the eye of the bird
gives a loaf conical the to mother father,the father gives a conical loaf to mother,the father gives a conical loaf to mother
thousand of bricks the life house build a,a thousand bricks build the house of life,a thousand bricks build the house of life
backbone very of the is the father strong,the backbone of the father is very strong,the backbone of the father is very strong
house master of the the guest satisfies the,the master of the house satisfies the guest,the master of the house satisfies the guest
sits gold a the of seat king upon,a king sits upon the seat of gold,a king sits upon the seat of gold
strengthens backbone of with god power king great,god strengthens backbone of king with power great,god strengthens backbone of king with power great
king seat a sits gold the of upon,a king sits upon the seat of gold,a king sits upon the seat of gold
in finds a the youth desert a ring,a youth finds a ring in the desert,a youth finds a ring in the desert
the temple ka the spirit life finds in,the spirit ka finds life in the temple,the spirit ka finds life in the temple
backbone of is strong the father very the,the backbone of the father is very strong,the backbone of the father is very strong
on throne uses chisel a scribe the the,the scribe uses a chisel on the throne,the scribe uses a chisel on the throne
near quail ripple a the sits water chick,a quail chick sits near the water ripple,a quail chick sits near the water ripple
backbone straight scribe the of very the is,the backbone of the scribe is very straight,the backbone of the scribe is very straight
a daughter to strong birth the mother gives,the mother gives birth to a strong daughter,the mother gives birth to a strong daughter
sweet jar a of a milk carries servant,a servant carries a jar of sweet milk,a servant carries a jar of sweet milk
papyrus hare the in desert clump hides the,the desert hare hides in the papyrus clump,the desert hare hides in the papyrus clump
scribe carefully into senet inside house carries board,scribe carries senet board into house carefully inside,scribe carries senet board into house carefully inside
the the for king jars in are rack,the jars in rack are for the king,the jars in rack are for the king
at river rope boat tethering the the holds,the tethering rope holds the boat at river,the tethering rope holds the boat at river
jar clay into ripple water woman pours gently,woman pours water ripple into clay jar gently,woman pours water ripple into clay jar gently
master of the speaks the truth house the,the master of the house speaks the truth,the master of the house speaks the truth
a puts a in the jars scribe rack,a scribe puts the jars in a rack,a scribe puts the jars in a rack
field with man and strength plows hoe,man plows field with hoe and strength,man plows field with hoe and strength
a above thousand shine stars the desert great,a thousand stars shine above the great desert,a thousand stars shine above the great desert
the master the sees all of truth people,the master of all people sees the truth,the master of all people sees the truth
king throne sits the great the chair upon,the great king sits upon the throne chair,the great king sits upon the throne chair
near the the bank ripple river moves water,the water ripple moves near the river bank,the water ripple moves near the river bank
a the to loaf father gives child conical,the father gives a conical loaf to child,the father gives a conical loaf to child
rope used for flax the is the twisted,the twisted flax is used for the rope,the twisted flax is used for the rope
people the of voice the the scribe hears,the scribe hears the voice of the people,the scribe hears the voice of the people
the to reed shelter servant grain carries a,a servant carries grain to the reed shelter,a servant carries grain to the reed shelter
rib god side for of ox is a,a side rib of ox is for god,a side rib of ox is for god
the a handle basket carries a with servant,a servant carries the basket with a handle,a servant carries the basket with a handle
god side of for rib is ox a,a side rib of ox is for god,a side rib of ox is for god
star the of mountain is above the fire,the star is above the mountain of fire,the star is above the mountain of fire
animal stone on the belly the is cold,the animal belly is cold on the stone,the animal belly is cold on the stone
the the woman enters spirit of ka body,the spirit ka enters the body of woman,the spirit ka enters the body of woman
of light fire the becomes the the sun,the light of the sun becomes the fire,the light of the sun becomes the fire
horizon a soul star the becomes a in,a soul becomes a star in the horizon,a soul becomes a star in the horizon
life love and peace for mother town people,mother love life and peace for people town,mother love life and peace for people town
man a a of becomes the star soul,the soul of a man becomes a star,the soul of a man becomes a star
youth to jar milk gently gives mother,mother gives milk jar to youth gently,mother gives milk jar to youth gently
a the servant carries great grain lord to,a servant carries grain to the great lord,a servant carries grain to the great lord
a carries to gate the servant city grain,a servant carries grain to the city gate,a servant carries grain to the city gate
voice the the of father a youth hears,a youth hears the voice of the father,a youth hears the voice of the father
chisel the uses heart scribe for a a,a scribe uses a chisel for the heart,a scribe uses a chisel for the heart
beautiful the to mother gives a birth son,the mother gives birth to a beautiful son,the mother gives birth to a beautiful son
upon sits throne the king great chair the,the great king sits upon the throne chair,the great king sits upon the throne chair
the over storm great moves river the bank,the great storm moves over the river bank,the great storm moves over the river bank
quietly stone adze block man today beside sharpens,man sharpens adze beside stone block quietly today,man sharpens adze beside stone block quietly today
very is the of power god the great,the power of the god is very great,the power of the god is very great
peace stability and heart grants strength god eternal,god grants heart peace strength and stability eternal,god grants heart peace strength and stability eternal
to people king raises mercy granting hand,king raises hand granting mercy to people,king raises hand granting mercy to people
a high star emerges the above side mountain,a star emerges above the high mountain side,a star emerges above the high mountain side
a man field the a tilled hoe with,a man with a hoe tilled the field,a man with a hoe tilled the field
grain fields a king a of gives thousand,a king gives a thousand fields of grain,a king gives a thousand fields of grain
the ka finds peace spirit in temple the,the spirit ka finds peace in the temple,the spirit ka finds peace in the temple
rope river near water the the is tethering,the tethering rope is near the river water,the tethering rope is near the river water
sits the the king throne upon great chair,the great king sits upon the throne chair,the great king sits upon the throne chair
youth senet board game a of a plays,a youth plays a game of senet board,a youth plays a game of senet board
sees face mirror a with a the woman,a woman with a mirror sees the face,a woman with a mirror sees the face
beside stone carefully chisel sharpens block scribe,scribe sharpens chisel beside stone block carefully,scribe sharpens chisel beside stone block carefully
the is very backbone the small bird of,the backbone of the bird is very small,the backbone of the bird is very small
bird becomes in the horizon a soul a,a soul becomes a bird in the horizon,a soul becomes a bird in the horizon
great thousand town a bricks city the build,a thousand bricks build the great city town,a thousand bricks build the great city town
for jars the in rack are master the,the jars in rack are for the master,the jars in rack are for the master
the is wall the city for stone brick,the stone brick is for the city wall,the stone brick is for the city wall
the to grain town city servant carries a,a servant carries grain to the city town,a servant carries grain to the city town
mountain great the storm moves over the peak,the great storm moves over the mountain peak,the great storm moves over the mountain peak
the behind desert town sits hill city a,a desert hill sits behind the city town,a desert hill sits behind the city town
after mats house work rest inside people on,people rest on mats inside house after work,people rest on mats inside house after work
sits with throne judging upon people king fairness,king sits upon throne judging people with fairness,king sits upon throne judging people with fairness
gate temple sits a the beautiful bird on,a beautiful bird sits on the temple gate,a beautiful bird sits on the temple gate
thousand a ripple river the in swim fish,a thousand fish swim in the river ripple,a thousand fish swim in the river ripple
the great old with man master the speaks,the old man speaks with the great master,the old man speaks with the great master
stool the mat a upon sits small man,a man sits upon the small stool mat,a man sits upon the small stool mat
with truth hears basket the woman a a,a woman with a basket hears the truth,a woman with a basket hears the truth
lord all finds peace the things of sweet,the lord of all things finds sweet peace,the lord of all things finds sweet peace
servant carries milk to a temple jar a,a servant carries a milk jar to temple,a servant carries a milk jar to temple
mountain desert shines the star a above great,a star shines above the great desert mountain,a star shines above the great desert mountain
of the birth is placenta a sign great,the placenta is a sign of great birth,the placenta is a sign of great birth
green a flies from clump papyrus swallow the,a swallow flies from the green papyrus clump,a swallow flies from the green papyrus clump
sky peacefully morning gate under walk people toward,people walk toward gate under morning sky peacefully,people walk toward gate under morning sky peacefully
the strong the mother backbone of is very,the backbone of the mother is very strong,the backbone of the mother is very strong
the people the of house speaks master to,the master of the house speaks to people,the master of the house speaks to people
man carefully beside riverbank leaf cuts reed,man cuts reed leaf beside riverbank carefully,man cuts reed leaf beside riverbank carefully
youth eye the of sees the a god,a youth sees the eye of the god,a youth sees the eye of the god
sand a finds ring in the a youth,a youth finds a ring in the sand,a youth finds a ring in the sand
desert god above with mountain great strength lifts,god lifts mountain above desert with strength great,god lifts mountain above desert with strength great
star of the father soul the a becomes,the soul of the father becomes a star,the soul of the father becomes a star
a in water plant woman sees lotus the,the woman sees a lotus plant in water,the woman sees a lotus plant in water
is very the of heart king good the,the heart of the king is very good,the heart of the king is very good
before wisdom old speaks people peacefully man,old man speaks wisdom before people peacefully,old man speaks wisdom before people peacefully
sky fire great the above becomes mountain the,the great sky becomes fire above the mountain,the great sky becomes fire above the mountain
the the is great of very power god,the power of the god is very great,the power of the god is very great
truth as quietly god woman listens speaks,woman listens quietly as god speaks truth,woman listens quietly as god speaks truth
yearly people offerings together with honor ancestors pillar,people honor ancestors pillar with offerings yearly together,people honor ancestors pillar with offerings yearly together
today bread offering grinds grain for into woman,woman grinds grain into bread for offering today,woman grinds grain into bread for offering today
the backbone man very a of is great,the backbone of a man is very great,the backbone of a man is very great
to the a gate city grain carries servant,a servant carries grain to the city gate,a servant carries grain to the city gate
power strength throne on with sits king great,king sits on throne with power great strength,king sits on throne with power great strength
woman gives to god a beautiful life the,a god gives life to the beautiful woman,a god gives life to the beautiful woman
writing water hands with scribe washes before,scribe washes hands with water before writing,scribe washes hands with water before writing
the in smells man water the a lotus,a man smells the lotus in the water,a man smells the lotus in the water
about a scribe the writing heart makes the,a scribe makes the writing about the heart,a scribe makes the writing about the heart
night at woman owl seated call sky hears,seated woman hears owl call at night sky,seated woman hears owl call at night sky
writes reed pen scribe with truth a a,a scribe writes truth with a reed pen,a scribe writes truth with a reed pen
spirit ka peace the finds house the in,the spirit ka finds peace in the house,the spirit ka finds peace in the house
ring the youth sand finds in a a,a youth finds a ring in the sand,a youth finds a ring in the sand
chick the the stone brick on sits quail,the quail chick sits on the stone brick,the quail chick sits on the stone brick
ka in the finds content spirit temple the,the spirit ka finds content in the temple,the spirit ka finds content in the temple
reads the of book the scribe father the,the scribe reads the book of the father,the scribe reads the book of the father
a above bird hill beautiful the flies desert,a beautiful bird flies above the desert hill,a beautiful bird flies above the desert hill
about book the writes scribe the a truth,the scribe writes a book about the truth,the scribe writes a book about the truth
is woman the face great beautiful of the,the beautiful face of the woman is great,the beautiful face of the woman is great
the of great soul people the sees lord,the great lord sees the soul of people,the great lord sees the soul of people
book scribe reads the a of the dead,a scribe reads the book of the dead,a scribe reads the book of the dead
speaks of the to house the people master,the master of the house speaks to people,the master of the house speaks to people
child strong become sees mother and healthy,mother sees child become strong and healthy,mother sees child become strong and healthy
the god sees of heart man the seated,the seated god sees the heart of man,the seated god sees the heart of man
man fox finds a with skins three peace,a man with three fox skins finds peace,a man with three fox skins finds peace
the bird of the small is backbone very,the backbone of the bird is very small,the backbone of the bird is very small
spirit from emerges ka temple gate the the,the spirit ka emerges from the temple gate,the spirit ka emerges from the temple gate
for youth place the riverbank the a is,the riverbank is a place for the youth,the riverbank is a place for the youth
the god great gives authority to king the,the god gives authority to the great king,the god gives authority to the great king
the of sits head a bird on basket,the head of bird sits on a basket,the head of bird sits on a basket
a seen temple in face beautiful is the,a beautiful face is seen in the temple,a beautiful face is seen in the temple
in the desert the hare clump hides papyrus,the desert hare hides in the papyrus clump,the desert hare hides in the papyrus clump
a makes man adze with stool an the,a man with an adze makes the stool,a man with an adze makes the stool
field a the hoe man with a plows,a man with a hoe plows the field,a man plows the field with a hoe
for the is the twisted rope used flax,the twisted flax is used for the rope,the twisted flax is used for the rope
city with authority a protects great man the,a man with authority protects the great city,a man with authority protects the great city
reed a river the sits shelter bank on,a reed shelter sits on the river bank,a reed shelter sits on the river bank
the tilled man field a hoe with a,a man with a hoe tilled the field,a man with a hoe tilled the field
peace strength life forever and grants god,god grants peace life and strength forever,god grants peace life and strength forever
call seated night hears sky at owl woman,seated woman hears owl call at night sky,seated woman hears owl call at night sky
gives conical to father child a loaf a,a father gives a conical loaf to child,a father gives a conical loaf to child
to a jar temple brings woman a milk,a woman brings a milk jar to temple,a woman brings a milk jar to temple
the great finds peace of lord house the,the lord of the house finds great peace,the lord of the house finds great peace
the spirit in peace ka finds the temple,the spirit ka finds peace in the temple,the spirit ka finds peace in the temple
plant lotus the sees a in woman water,the woman sees a lotus plant in water,the woman sees a lotus plant in water
coil a rope of cobra sits upon a,a cobra sits upon a coil of rope,a cobra sits upon a coil of rope
woman sees basket with field the a a,a woman with a basket sees the field,a woman with a basket sees the field
sky king authority with sees the a great,a king with authority sees the great sky,a king with authority sees the great sky
man a field the plows hoe with a,a man plows the field with a hoe,a man plows the field with a hoe
beneath night filled stands woman sky star,woman stands beneath star filled night sky,woman stands beneath star filled night sky
to a father youth ring a gives the,a father gives a ring to the youth,a father gives a ring to the youth
quietly sits youth man old remembering beside lake,old man sits beside lake remembering youth quietly,old man sits beside lake remembering youth quietly
power the king of upon a sits seat,a king sits upon the seat of power,a king sits upon the seat of power
god the gives authority king to great the,the god gives authority to the great king,the god gives authority to the great king
on rests sleeping holding mat mother child,mother rests on mat holding sleeping child,mother rests on mat holding sleeping child
master souls sees the the of truth all,the master of all souls sees the truth,the master of all souls sees the truth
grows beautiful plant lotus a lake in the,a beautiful lotus plant grows in the lake,a beautiful plant grows in the lake side
of the peace the finds house lord great,the lord of the house finds great peace,the lord of the house finds great peace
old speaks with the god man great the,the old man speaks with the great god,the old man speaks with the great god
plows field with man hoe the a a,a man with a hoe plows the field,a man plows the field with a hoe
shelter flies over a the swallow green reed,a swallow flies over the green reed shelter,a swallow flies over the green reed shelter
and for life peace love people town mother,mother love life and peace for people town,mother love life and peace for people town
people with from calm god sky authority watches,god watches people from sky with calm authority,god watches people from sky with calm authority
plant clump papyrus near the grows lotus a,a lotus plant grows near the papyrus clump,a lotus plant grows near the papyrus clump
a father a gives youth to ring his,a father gives a ring to his youth,a father gives a ring to his youth
emerges high gate a star the city above,a star emerges above the high city gate,a star emerges above the high city gate
scribe the the the sees book truth in,the scribe sees the truth in the book,the scribe sees the truth in the book
desert three fox skins man a finds in,a man finds three fox skins in desert,a man finds three fox skins in desert
things master all content of very is the,the master of all things is very content,the master of all things is very content
writes book truth about the scribe a the,the scribe writes a book about the truth,the scribe writes a book about the truth
a woman altar to a the jar brings,a woman brings a jar to the altar,a woman brings a jar to the altar
the gives a god the man heart to,the god gives a heart to the man,the god gives a heart to the man
the viper brick a near crawls horned stone,a horned viper crawls near the stone brick,a horned viper crawls near the stone brick
the voice god the woman of hears a,a woman hears the voice of the god,a woman hears the voice of the god
grain field in quail the the chick finds,the quail chick finds grain in the field,the quail chick finds grain in the field
a sky in a soul becomes the star,a soul becomes a star in the sky,a soul becomes a star in the sky
people great above sky see hill desert horizon,people see horizon above desert hill sky great,people see horizon above desert hill sky great
from temple gate ka emerges spirit the the,the spirit ka emerges from the temple gate,the spirit ka emerges from the temple gate
moves cobra the brick large the clay behind,the cobra moves behind the large clay brick,the cobra moves behind the large clay brick
large hides clay brick cobra the a behind,a cobra hides behind the large clay brick,a cobra hides behind the large clay brick
stool senet board the on great the sits,the great senet board sits on the stool,the great senet board sits on the stool
milk queen are a thousand jars of for,a thousand jars of milk are for queen,a thousand jars of milk are for queen
offerings yearly with pillar together ancestors people honor,people honor ancestors pillar with offerings yearly together,people honor ancestors pillar with offerings yearly together
the finds of content man great heart a,the heart of a man finds great content,the heart of a man finds great content
the cobra the large behind moves clay brick,the cobra moves behind the large clay brick,the cobra moves behind the large clay brick
the seated to god old man the speaks,the old man speaks to the seated god,the old man speaks to the seated god
loaf a a gives conical to servant father,a servant gives a conical loaf to father,a servant gives a conical loaf to father
filled star sky night beneath woman stands,woman stands beneath star filled night sky,woman stands beneath star filled night sky
woman calmly road toward follows riverbank west,woman follows riverbank road toward west calmly,woman follows riverbank road toward west calmly
birth mother son gives to strong a the,the mother gives birth to a strong son,the mother gives birth to a strong son
daughter ring father to gives a a the,a father gives a ring to the daughter,a father gives a ring to the daughter
god servant milk a jar to a gives,a servant gives a milk jar to god,a servant gives a milk jar to god
the sits quail chick brick stone the on,the quail chick sits on the stone brick,the quail chick sits on the stone brick
stone cold on the animal belly is the,the animal belly is cold on the stone,the animal belly is cold on the stone
scribe a the papyrus on single stroke marks,the scribe marks a single stroke on papyrus,the scribe marks a single stroke on papyrus
the father a the heart youth hears of,a youth hears the heart of the father,a youth hears the heart of the father
on the reed shelter river bank a sits,a reed shelter sits on the river bank,a reed shelter sits on the river bank
swallow reed green shelter over a flies the,a swallow flies over the green reed shelter,a swallow flies over the green reed shelter
becomes the of a bird man soul a,the soul of a man becomes a bird,the soul of a man becomes a bird
star is a peace house the above of,a star is above the house of peace,a star is above the house of peace
gives the a city great to king power,a king gives power to the great city,a king gives power to the great city
wall youth cobra the behind a the sees,a youth sees the cobra behind the wall,a youth sees the cobra behind the wall
flood before begins yearly inspects king season field,king inspects field before flood season begins yearly,king inspects field before flood season begins yearly
of peace finds heart the sweet king the,the heart of the king finds sweet peace,the heart of the king finds sweet peace
the clump in the hare hides papyrus desert,the desert hare hides in the papyrus clump,the desert hare hides in the papyrus clump
star god becomes a a in the sky,a star becomes a god in the sky,a star becomes a god in the sky
in power life of is the truth great,the great power of life is in truth,the great power of life is in truth
the wall a house of bricks thousand build,a thousand bricks build the wall of house,a thousand bricks build the wall of house
bird afterlife the a a soul becomes in,a soul becomes a bird in the afterlife,a soul becomes a bird in the afterlife
clump a to green flies the papyrus swallow,a swallow flies to the green papyrus clump,a swallow flies to the green papyrus clump
great storm hill the moves west the across,the great storm moves across the west hill,the great storm moves across the west hill
marrow strength man the is venerated of the,the venerated marrow is the strength of man,the venerated marrow is the strength of man
bread people together sharing on sit peacefully stool,people sit on stool sharing bread peacefully together,people sit on stool sharing bread peacefully together
swallow the high flies river above a bank,a swallow flies above the high river bank,a swallow flies above the high river bank
flax twisted rope for man binds a the,a man binds the twisted flax for rope,a man binds the twisted flax for rope
temple reads book the a the scribe in,a scribe reads the book in the temple,a scribe reads the book in the temple
son the conical to a gives father loaf,the father gives a conical loaf to son,the father gives a conical loaf to son
in the pearl lake finds a a youth,a youth finds a pearl in the lake,a youth finds a pearl in the lake
the all of sees truth master the every,the master of all every sees the truth,the master of all every sees the truth
a swim fish in ripple the thousand river,a thousand fish swim in the river ripple,a thousand fish swim in the river ripple
a woman altar brings jar a to the,a woman brings a jar to the altar,a woman brings a jar to the altar
man a a the with chisel makes throne,a man with a chisel makes the throne,a man with a chisel makes the throne
birth a mother gives the to beautiful child,the mother gives birth to a beautiful child,the mother gives birth to a beautiful child
calmly king people from speak today hear throne,people hear king speak from throne calmly today,people hear king speak from throne calmly today
to loaf the a gives father son conical,the father gives a conical loaf to son,the father gives a conical loaf to son
mother gathering walks household grain food for field,mother walks field gathering grain for household food,mother walks field gathering grain for household food
the throne a uses chisel scribe a on,a scribe uses a chisel on the throne,a scribe uses a chisel on the throne
of shines star the the above gold house,the star shines above the house of gold,the star shines above the house of gold
the above peak is mountain star great a,a star is above the great mountain peak,a star is above the great mountain peak
gives the loaf to a youth father conical,the father gives a conical loaf to youth,the father gives a conical loaf to youth
the ka spirit door temple enters the through,the spirit ka enters through the temple door,the spirit ka enters through the temple door
becomes fire the sky power the of great,the great power of the sky becomes fire,the great power of the sky becomes fire
finds the of the king peace heart great,the heart of the king finds great peace,the heart of the king finds great peace
the desert great swallow flies hill a from,a swallow flies from the great desert hill,a swallow flies from the great desert hill
ka within wall the exists stone the spirit,the spirit ka exists within the stone wall,the spirit ka exists within the stone wall
field ring in youth finds a the a,a youth finds a ring in the field,a youth finds a ring in the field
the stone on animal is belly cold the,the animal belly is on the cold stone,the animal belly is cold on the stone
drink shelter together reed people near water,people drink water near reed shelter together,people drink water near reed shelter together
the does fear lord snake great the not,the great lord does not fear the snake,the great lord does not fear the snake
of is king great the very authority the,the authority of the king is very great,the authority of the king is very great
to city gate is the the made stone,the gate to the city is made stone,the gate to the city is made stone
build city bricks the great a town thousand,a thousand bricks build the great city town,a thousand bricks build the great city town
opens before entering house quietly bolt woman door,woman opens door bolt before entering house quietly,woman opens door bolt before entering house quietly
adze an a with wood the cuts man,a man with an adze cuts the wood,a man with an adze cuts the wood
near the door bolt lock crawls a snake,a snake crawls near the door bolt lock,a snake crawls near the door bolt lock
god offering great to father temple gives bread,father gives bread offering to god great temple,father gives bread offering to god great temple
a three desert in skins fox finds man,a man finds three fox skins in desert,a man finds three fox skins in desert
hears of father a voice the the youth,a youth hears the voice of the father,a youth hears the voice of the father
stability with stands power firm and temple,temple stands firm with stability and power,temple stands firm with stability and power
the sees a face a woman mirror with,a woman with a mirror sees the face,a woman with a mirror sees the face
a a jar in finds sand the man,a man finds a jar in the sand,a man finds a jar in the sand
above house is life star of a the,a star is above the house of life,a star is above the house of life
king command carefully scribe and hears writes,scribe hears king command and writes carefully,scribe hears king command and writes carefully
a a ground tilled man the with hoe,a man with a hoe tilled the ground,a man with a hoe tilled the ground
shelter the a servant to reed carries grain,a servant carries grain to the reed shelter,a servant carries grain to the reed shelter
desert king together road across follow people,people follow king across desert road together,people follow king across desert road together
field the in finds a man stone a,a man finds a stone in the field,a man finds a stone in the field
a gate to walks woman with basket a,a woman with a basket walks to gate,a woman with a basket walks to gate
of the gives master offering an house the,the master of the house gives an offering,the master of the house gives an offering
a the of master the house eats loaf,the master of the house eats a loaf,the master of the house eats a loaf
the spirit man ka body the enters of,the spirit ka enters the body of man,the spirit ka enters the body of man
sky a stars shine in the thousand great,a thousand stars shine in the great sky,a thousand stars shine in the great sky
heart mother of the beautiful very is the,the heart of the mother is very beautiful,the heart of the mother is very beautiful
city above emerges a gate high star the,a star emerges above the high city gate,a star emerges above the high city gate
brings milk servant a altar for a jar,a servant brings a milk jar for altar,a servant brings a milk jar for altar
of is great the truth power god in,the great power of god is in truth,the great power of god is in truth
jar to temple woman milk brings a a,a woman brings a milk jar to temple,a woman brings a milk jar to temple
great flying town swallow above sky people see,people see swallow great flying above town sky,people see swallow great flying above town sky
command writes carefully and hears scribe king,scribe hears king command and writes carefully,scribe hears king command and writes carefully
near together water drink reed shelter people,people drink water near reed shelter together,people drink water near reed shelter together
calm god sky watches people from with authority,god watches people from sky with calm authority,god watches people from sky with calm authority
to green plant the runs the hare desert,the desert hare runs to the green plant,the desert hare runs to the green plant
inside chick the the quail sits clump papyrus,the quail chick sits inside the papyrus clump,the quail chick sits inside the papyrus clump
altar jar to the brings a a woman,a woman brings a jar to the altar,a woman brings a jar to the altar
river in grows lotus the plant beautiful a,a beautiful lotus plant grows in the river,a beautiful lotus plant grows in the river
sky a in god becomes a the star,a star becomes a god in the sky,a star becomes a god in the sky
man heart truth god sees with of,god sees heart of man with truth,god sees heart of man with truth
the the cobra in youth desert a sees,a youth sees the cobra in the desert,a youth sees the cobra in the desert
the finds peace sweet of lord house the,the lord of the house finds sweet peace,the lord of the house finds sweet peace
the house master the speaks the of truth,the master of the house speaks the truth,the master of the house speaks the truth
power great of gives sun the fire the,the great power of the sun gives fire,the great power of the sun gives fire
heart of the lord all the things sees,the lord of all things sees the heart,the lord of all things sees the heart
sees riverbank coil near cautiously man today snake,man sees snake coil near riverbank cautiously today,man sees snake coil near riverbank cautiously today
horned wall the viper hides in stone the,the horned viper hides in the stone wall,the horned viper hides in the stone wall
the stars thousand a above shine hill desert,a thousand stars shine above the desert hill,a thousand stars shine above the desert hill
for king scribe temple writes book great in,scribe writes book in temple for king great,scribe writes book in temple for king great
a rack scribe in the jars a puts,a scribe puts the jars in a rack,a scribe puts the jars in a rack
earth hoe with tilled the a man a,a man with a hoe tilled the earth,a man with a hoe tilled the earth
bread offering woman for today grain grinds into,woman grinds grain into bread for offering today,woman grinds grain into bread for offering today
opens horizon with god light emerges and,god opens horizon and emerges with light,god opens horizon and emerges with light
ka body spirit woman the enters of the,the spirit ka enters the body of woman,the spirit ka enters the body of woman
sees papyrus scribe a a scroll with truth,a scribe with a papyrus scroll sees truth,a scribe with a papyrus scroll sees truth
sits great a behind temple gate the king,a king sits behind the great temple gate,a king sits behind the great temple gate
sees mirror with a truth a woman the,a woman with a mirror sees the truth,a woman with a mirror sees the truth
star the in becomes horizon a a god,a star becomes a god in the horizon,a star becomes a god in the horizon
road water jar woman carries slowly across town,woman carries water jar across town road slowly,woman carries water jar across town road slowly
morning lotus opens plant in the water the,the lotus plant opens in the morning water,the lotus plant opens in the morning water
power the light great gives the of sun,the great power of the sun gives light,the great power of the sun gives light
to papyrus the a swallow clump flies green,a swallow flies to the green papyrus clump,a swallow flies to the green papyrus clump
mother scribe the for reads book the the,the scribe reads the book for the mother,the scribe reads the book for the mother
a servant the brings in a rack jars,a servant brings the jars in a rack,a servant brings the jars in a rack
desert the great moves land the over storm,the great storm moves over the desert land,the great storm moves over the desert land
the the today to king seated speaks scribe,the scribe speaks to the seated king today,the scribe speaks to the seated king today
on cold is stone belly animal the the,the animal belly is on the cold stone,the animal belly is cold on the stone
of marrow a life finds the venerated man,a man finds the venerated marrow of life,a man finds the venerated marrow of life
a star emerges the from night great sky,a star emerges from the great night sky,a star emerges from the great night sky
walks servant the the road basket a with,the servant with a basket walks the road,the servant with a basket walks the road
a the shine town city stars over thousand,a thousand stars shine over the city town,a thousand stars shine over the city town
god seated the the of sees man heart,the seated god sees the heart of man,the seated god sees the heart of man
a mother heart the very of is good,the heart of a mother is very good,the heart of a mother is very good
twisted rope binds the flax a man into,a man binds the twisted flax into rope,a man binds the twisted flax into rope
father the star becomes the of soul a,the soul of the father becomes a star,the soul of the father becomes a star
a rack brings in the steward a jars,a steward brings the jars in a rack,a steward brings the jars in a rack
wall on beautiful bird the temple sits a,a beautiful bird sits on the temple wall,a beautiful bird sits on the temple wall
a man town with a behind club walks,a man with a club walks behind town,a man with a club walks behind town
man door and opens house safely peace enters,man opens door and enters house safely peace,man opens door and enters house safely peace
shelter the hare the in desert hides reed,the desert hare hides in the reed shelter,the desert hare hides in the reed shelter
rope flax doorway house beside quietly mother braids,mother braids flax rope beside house doorway quietly,mother braids flax rope beside house doorway quietly
king of throne upon sits the power a,a king sits upon the throne of power,a king sits upon the throne of power
place youth riverbank is the for a the,the riverbank is a place for the youth,the riverbank is a place for the youth
town road man sees suddenly crossing near cobra,man sees cobra crossing road near town suddenly,man sees cobra crossing road near town suddenly
venerated man marrow of the the strength is,the venerated marrow is the strength of man,the venerated marrow is the strength of man
water is seen face beautiful the a in,a beautiful face is seen in the water,a beautiful face is seen in the water
for a a heart scribe the chisel uses,a scribe uses a chisel for the heart,a scribe uses a chisel for the heart
quietly beside sharpens man today stone block adze,man sharpens adze beside stone block quietly today,man sharpens adze beside stone block quietly today
to the is made gate city the stone,the gate to the city is made stone,the gate to the city is made stone
a on chisel scribe the uses the stone,the scribe uses a chisel on the stone,the scribe uses a chisel on the stone
things the world sees lord of all the,the lord of all things sees the world,the lord of all things sees the world
great speaks man master to the the old,the old man speaks to the great master,the old man speaks to the great master
head wall a temple bird on the is,a bird head is on the temple wall,a bird head is on the temple wall
scribe washes water before hands writing with,scribe washes hands with water before writing,scribe washes hands with water before writing
a ring to father his daughter a gives,a father gives a ring to his daughter,a father gives a ring to his daughter
places offering altar woman peacefully bread upon loaf,woman places bread loaf upon altar offering peacefully,woman places bread loaf upon altar offering peacefully
on remains brick belly the animal the warm,the animal belly remains on the warm brick,the animal belly remains on the warm brick
heart god strength peace grants eternal stability and,god grants heart peace strength and stability eternal,god grants heart peace strength and stability eternal
a large behind cobra stone the hides brick,a cobra hides behind the large stone brick,a cobra hides behind the large stone brick
river woman star above at sees night sky,woman sees star above river at night sky,woman sees star above river at night sky
great is the a star above temple gate,a star is above the great temple gate,a star is above the great temple gate
for side ox rib is of god a,a side rib of ox is for god,a side rib of ox is for god
the gate is city door bolt the for,the door bolt is for the city gate,the door bolt is for the city gate
servant a loaf gives conical a to father,a servant gives a conical loaf to father,a servant gives a conical loaf to father
find thousand the way to a people peace,a thousand people find the way to peace,a thousand people find the way to peace
queen jars a of thousand for are milk,a thousand jars of milk are for queen,a thousand jars of milk are for queen
together offerings ancestors yearly pillar honor with people,people honor ancestors pillar with offerings yearly together,people honor ancestors pillar with offerings yearly together
a ring to the the servant gives king,the king gives a ring to the servant,the king gives a ring to the servant
the adze sits the on scribe brick of,the adze of the scribe sits on brick,the adze of the scribe sits on brick
slowly horizon road beyond town toward walks scribe,scribe walks road beyond town toward horizon slowly,scribe walks road beyond town toward horizon slowly
green moves through viper horned the field the,the horned viper moves through the green field,the horned viper moves through the green field
the house spirit ka the walls moves between,the spirit ka moves between the house walls,the spirit ka moves between the house walls
from scarab water people ripple see life become,people see scarab become life from water ripple,people see scarab become life from water ripple
land moves west the storm great across the,the great storm moves across the west land,the great storm moves across the west land
with a man the plant sickle a cuts,a man with a sickle cuts the plant,a man with a sickle cuts the plant
mother strong the is very the backbone of,the backbone of the mother is very strong,the backbone of the mother is very strong
queen basket a servant carries to the a,a servant carries a basket to the queen,a servant carries a basket to the queen
begins king field before yearly season flood inspects,king inspects field before flood season begins yearly,king inspects field before flood season begins yearly
reads all the scribe for the papyrus scroll,the scribe reads the papyrus scroll for all,the scribe reads the papyrus scroll scroll scroll for all
above night woman sees star sky at river,woman sees star above river at night sky,woman sees star above river at night sky
eternally stability god grants throne strongly djed to,god grants stability djed to throne eternally strongly,god grants stability djed to throne eternally strongly
for bolt is city door gate the the,the door bolt is for the city gate,the door bolt is for the city gate
grinds today offering woman grain into for bread,woman grinds grain into bread for offering today,woman grinds grain into bread for offering today
a finds the in a sand youth ring,a youth finds a ring in the sand,a youth finds a ring in the sand
plea master of the people hears the all,the master of all people hears the plea,the master of all people hears the plea
above thousand shine stars bank a the river,a thousand stars shine above the river bank,a thousand stars shine above the river bank
lies rope coil behind the basket a of,a coil of rope lies behind the basket,a coil of rope lies behind the basket
great behind gate sits the a king temple,a king sits behind the great temple gate,a king sits behind the great temple gate
lake drinks under water youth sky beside,youth drinks water beside lake under sky,youth drinks water beside lake under sky
stone carefully chisel block beside sharpens scribe,scribe sharpens chisel beside stone block carefully,scribe sharpens chisel beside stone block carefully
of with truth man sees heart god,god sees heart of man with truth,god sees heart of man with truth
life great of sun gives power the the,the great power of the sun gives life,the great power of the sun gives life
gate woman enters and opens town calmly,woman opens gate and enters town calmly,woman opens gate and enters town calmly
the a great to power king city gives,a king gives power to the great city,a king gives power to the great city
is stone of the on the fish backbone,the backbone of the fish is on stone,the backbone of the fish is on stone
game scribe senet plays of a the board,the scribe plays a game of senet board,the scribe plays a game of senet board
the door cobra a behind large hides bolt,a cobra hides behind the large door bolt,a cobra hides behind the large door bolt
place thousand stars the in shine underground a,a thousand stars shine in the underground place,a thousand stars shine in the underground place
life body granting within soul places god,god places soul within body granting life,god places soul within body granting life
master sees every of truth the the all,the master of all every sees the truth,the master of all every sees the truth
speaks the a people truth scribe to the,a scribe speaks the truth to the people,a scribe speaks the truth to the people
daily respect teaches peace mother love and youth,mother teaches youth love peace and respect daily,mother teaches youth love peace and respect daily
house master eats the of bread the the,the master of the house eats the bread,the master of the house eats the bread
the great face is of woman the beautiful,the beautiful face of the woman is great,the beautiful face of the woman is great
star sees river at woman sky night above,woman sees star above river at night sky,woman sees star above river at night sky
place from underground a great emerges the snake,a great snake emerges from the underground place,a great snake emerges from the underground place
old the the sound wind of hears man,the old man hears the sound of wind,the old man hears the sound of wind
the walks the man temple to old gate,the old man walks to the temple gate,the old man walks to the temple gate
hare papyrus the desert clump in the hides,the desert hare hides in the papyrus clump,the desert hare hides in the papyrus clump
the stone cloth a folded seat lies on,a folded cloth lies on the stone seat,a folded cloth lies on the stone seat
a the to a scribe king ring gives,a king gives a ring to the scribe,a king gives a ring to the scribe
truth master the of every all sees the,the master of all every sees the truth,the master of all every sees the truth
eats house loaf the the of master a,the master of the house eats a loaf,the master of the house eats a loaf
mirror face a her with woman sees the,the woman with a mirror sees her face,the woman with a mirror sees her face
softly woman plant lotus holding field walks,woman walks field holding lotus plant softly,woman walks field holding lotus plant softly
of into slowly basket man grain carries town,man carries basket of grain into town slowly,man carries basket of grain into town slowly
a conical gives loaf the youth to father,the father gives a conical loaf to youth,the father gives a conical loaf to youth
lion belly ground a is animal the on,a lion animal belly is on the ground,a lion animal belly is on the ground
king throne to gather before hear people,people gather before throne to hear king,people gather before throne to hear king
a hears of voice the scribe the king,a scribe hears the voice of the king,a scribe hears the voice of the king
people the house of to the master speaks,the master of the house speaks to people,the master of the house speaks to people
the the god of power makes great world,the great power of god makes the world,the great power of god makes the world
in for are rack the master jars the,the jars in rack are for the master,the jars in rack are for the master
ring a gives woman the king to the,the king gives a ring to the woman,the king gives a ring to the woman
of backbone soul the truth the is the,the backbone of the soul is the truth,the backbone of the soul is the truth
the goddess man the old to speaks great,the old man speaks to the great goddess,the old man speaks to the great goddess
of sees master the the house basket the,the master of the house sees the basket,the master of the house sees the basket
the sees beautiful a with man sky authority,a man with authority sees the beautiful sky,a man with authority sees the beautiful sky
will and with man king the drink eat,the man will eat and drink with king,the man will eat and drink with king
of master house the sweet the milk gives,the master of the house gives sweet milk,the master of the house gives sweet milk
backbone a of very the is man straight,the backbone of a man is very straight,the backbone of a man is very straight
leads a people king with the a club,a king with a club leads the people,a king with a club leads the people
an for adze uses the boat scribe the,the scribe uses an adze for the boat,the scribe uses an adze for the boat
the the the scribe of father reads book,the scribe reads the book of the father,the scribe reads the book of the father
life woman the a to beautiful god gives,a god gives life to the beautiful woman,a god gives life to the beautiful woman
fire shelter the reed burns great in the,the great fire burns in the reed shelter,the great fire burns in the reed shelter
papyrus the lotus a grows near plant clump,a lotus plant grows near the papyrus clump,a lotus plant grows near the papyrus clump
soul becomes in a star a the sky,a soul becomes a star in the sky,a soul becomes a star in the sky
water people from life see ripple become scarab,people see scarab become life from water ripple,people see scarab become life from water ripple
the hides plant desert in hare green the,the desert hare hides in the green plant,the desert hare hides in the green plant
animal warm the is stone belly on the,the animal belly is on the warm stone,the animal belly is on the warm stone
stars in sky great shine thousand the a,a thousand stars shine in the great sky,a thousand stars shine in the great sky
on the the of backbone is altar fish,the backbone of the fish is on altar,the backbone of the fish is on altar
in god life birth gives town to people,god gives birth life to people in town,god gives birth life to people in town
finds spirit sky the ka peace in the,the spirit ka finds peace in the sky,the spirit ka finds peace in the sky
gold of house shines above the star the,the star shines above the house of gold,the star shines above the house of gold
gives great god bread to father temple offering,father gives bread offering to god great temple,father gives bread offering to god great temple
a man side cuts the chisel with a,a man with a chisel cuts the side,a man with a chisel cuts the side
youth the a hears the voice father of,a youth hears the voice of the father,a youth hears the voice of the father
of life god power in is the great,the great power of life is in god,the great power of life is in god
great the above mountain side is star a,a star is above the great mountain side,a star is above the great mountain side
drink people water near together shelter reed,people drink water near reed shelter together,people drink water near reed shelter together
board of a game senet a plays youth,a youth plays a game of senet board,a youth plays a game of senet board
green field moves horned the through viper the,the horned viper moves through the green field,the horned viper moves through the green field
upon feather of places truth god heart,god places feather of truth upon heart,god places feather of truth upon heart
face a the with sees woman mirror a,a woman with a mirror sees the face,a woman with a mirror sees the face
things of lord finds the all sweet peace,the lord of all things finds sweet peace,the lord of all things finds sweet peace
man binds the for flax rope twisted a,a man binds the twisted flax for rope,a man binds the twisted flax for rope
large behind hides cobra a the brick stone,a cobra hides behind the large stone brick,a cobra hides behind the large stone brick
of the very god great is power the,the power of the god is very great,the power of the god is very great
ka sky finds way the to the spirit,the spirit ka finds the way to sky,the spirit ka finds the way to sky
the sand youth the cobra in a sees,a youth sees the cobra in the sand,a youth sees the cobra in the sand
the the youth cobra brick under sees a,a youth sees the cobra under the brick,a youth sees the cobra under the brick
side for ox of god rib a is,a side rib of ox is for god,a side rib of ox is for god
steady slope field with man plows strength hill,man plows hill slope field with steady strength,man plows hill slope field with steady strength
a a jars king gives of thousand milk,a king gives a thousand jars of milk,a king gives a thousand jars of milk
reed together drink water near shelter people,people drink water near reed shelter together,people drink water near reed shelter together
walks road woman the basket a a with,a woman with a basket walks the road,a woman with a basket walks the road
a desert stars thousand hill the above shine,a thousand stars shine above the desert hill,a thousand stars shine above the desert hill
hides in the the green plant hare desert,the desert hare hides in the green plant,the desert hare hides in the green plant
great behind sits temple a the gate king,a king sits behind the great temple gate,a king sits behind the great temple gate
lotus bread offer people to and deity,people offer bread and lotus to deity,people offer bread and lotus to deity
the basket a woman a hears with truth,a woman with a basket hears the truth,a woman with a basket hears the truth
bird clump papyrus the a sits beautiful on,a beautiful bird sits on the papyrus clump,a beautiful bird sits on the papyrus clump
stroke scribe marks wood on a single a,a scribe marks a single stroke on wood,a scribe marks a single stroke on wood
life sends god above people horizon star bringing,god sends star above horizon bringing life people,god sends star above horizon bringing life people
a gate a the stone youth finds near,a youth finds a stone near the gate,a youth finds a stone near the gate
cobra youth behind the wall sees a the,a youth sees the cobra behind the wall,a youth sees the cobra behind the wall
the city on wall sits beautiful a bird,a beautiful bird sits on the city wall,a beautiful bird sits on the city wall
from the temple emerges gate spirit ka the,the spirit ka emerges from the temple gate,the spirit ka emerges from the temple gate
slope desert hill runs the the across hare,the desert hare runs across the hill slope,the desert hare runs across the hill slope
great god the world makes power the of,the great power of god makes the world,the great power of god makes the world
king eat man and drink will the with,the man will eat and drink with king,the man will eat and drink with king
is of very the straight scribe backbone the,the backbone of the scribe is very straight,the backbone of the scribe is very straight
chair sits great the the king throne upon,the great king sits upon the throne chair,the great king sits upon the throne chair
heart the of great man the god sees,the great god sees the heart of man,the great god sees the heart of man
over storm moves river bank the great the,the great storm moves over the river bank,the great storm moves over the river bank
hoe earth with the a a man tilled,a man with a hoe tilled the earth,a man with a hoe tilled the earth
woman water road jar slowly carries town across,woman carries water jar across town road slowly,woman carries water jar across town road slowly
finds youth a stone a near gate the,a youth finds a stone near the gate,a youth finds a stone near the gate
a a father daughter gives the ring to,a father gives a ring to the daughter,a father gives a ring to the daughter
sits the large behind door a cobra bolt,a cobra sits behind the large door bolt,a cobra sits behind the large door bolt
on the sand is the warm belly animal,the animal belly is on the warm sand,the animal belly is on the warm sand
the a gives father to youth loaf conical,the father gives a conical loaf to youth,the father gives a conical loaf to youth
a the basket to queen carries servant a,a servant carries a basket to the queen,a servant carries a basket to the queen
the brick hides behind a stone large cobra,a cobra hides behind the large stone brick,a cobra hides behind the large stone brick
altar a woman a lotus brings to the,a woman brings a lotus to the altar,a woman brings a lotus to the altar
on stone cold the the belly is animal,the animal belly is cold on the stone,the animal belly is cold on the stone
storm the not great does a fear man,a man does not fear the great storm,a man does not fear the great storm
a with papyrus scroll a scribe sees truth,a scribe with a papyrus scroll sees truth,a scribe with a papyrus scroll sees truth
people together reed water near shelter drink,people drink water near reed shelter together,people drink water near reed shelter together
a senet plays of scribe a game board,a scribe plays a game of senet board,a scribe plays a game of senet board
coil man near today riverbank sees snake cautiously,man sees snake coil near riverbank cautiously today,man sees snake coil near riverbank cautiously today
plays game the scribe board of a senet,the scribe plays a game of senet board,the scribe plays a game of senet board
mother a conical father the loaf gives to,the father gives a conical loaf to mother,the father gives a conical loaf to mother
great a gate above is the star temple,a star is above the great temple gate,a star is above the great temple gate
words of listens and faithfully authority writes scribe,scribe listens and writes words of authority faithfully,scribe listens and writes words of authority faithfully
a green swallow flies shelter reed over the,a swallow flies over the green reed shelter,a swallow flies over the green reed shelter
sweet the heart finds of king peace the,the heart of the king finds sweet peace,the heart of the king finds sweet peace
man old finds in peace city the the,the old man finds peace in the city,the old man finds peace in the city
of the is throne king the made stone,the throne of the king is made stone,the throne of the king is made stone
people life star god horizon sends above bringing,god sends star above horizon bringing life people,god sends star above horizon bringing life people
the fish in river thousand great swim a,a thousand fish swim in the great river,a thousand fish swim in the great river
great to father temple offering bread god gives,father gives bread offering to god great temple,father gives bread offering to god great temple
a in becomes star the god sky a,a star becomes a god in the sky,a star becomes a god in the sky
a door strong the secures temple bolt gate,a strong door bolt secures the temple gate,a strong door bolt secures the temple gate
the the of back house home master goes,the master of the house goes back home,the master of the house goes back home
is very fish long backbone of the the,the backbone of the fish is very long,the backbone of the fish is very long
water in lotus the ripple the plant grows,the lotus plant grows in the water ripple,the lotus plant grows in the water ripple
on mother rests sleeping holding mat child,mother rests on mat holding sleeping child,mother rests on mat holding sleeping child
king a grain thousand of jars gives a,a king gives a thousand jars of grain,a king gives a thousand jars of grain
the bank reed shelter a river on sits,a reed shelter sits on the river bank,a reed shelter sits on the river bank
flood before grain in field season people plant,people plant grain in field before flood season,people plant grain in field before flood season
god milk to a a jar servant gives,a servant gives a milk jar to god,a servant gives a milk jar to god
youth to by listens father calmly fire speak,youth listens to father speak by fire calmly,youth listens to father speak by fire calmly
over town shine a the city thousand stars,a thousand stars shine over the city town,a thousand stars shine over the city town
red hill sky desert the above becomes the,the sky becomes red above the desert hill,the sky becomes red above the desert hill
star high the temple is above a gate,a star is above the high temple gate,a star is above the high temple gate
above great people power king city and holds,king holds power above city and people great,king holds power above city and people great
reads papyrus and woman opens slowly inside scroll,woman opens papyrus scroll and reads slowly inside,woman opens papyrus scroll and reads slowly inside
satisfies the of house master the the guest,the master of the house satisfies the guest,the master of the house satisfies the guest
watching youth lake sits above stars by quietly,youth sits by lake watching stars above quietly,youth sits by lake watching stars above quietly
field plows man with steady hill slope strength,man plows hill slope field with steady strength,man plows hill slope field with steady strength
a star side emerges above dark mountain the,a star emerges above the dark mountain side,a star emerges above the dark mountain side
above river the swallow flies the bank great,the great swallow flies above the river bank,the great swallow flies above the river bank
to and people offer lotus bread deity,people offer bread and lotus to deity,people offer bread and lotus to deity
people reads the for the scribe the book,the scribe reads the book for the people,the scribe reads the book for the people
river high flies above the bank a swallow,a swallow flies above the high river bank,a swallow flies above the high river bank
is master all the very content of things,the master of all things is very content,the master of all things is very content
seated speaks old with the man the king,the old man speaks with the seated king,the old man speaks with the seated king
the swallow distances great flies river the over,the swallow flies great distances over the river,the swallow flies great distances over the river
man the a a becomes of soul bird,the soul of a man becomes a bird,the soul of a man becomes a bird
a chisel the a uses on scribe throne,a scribe uses a chisel on the throne,a scribe uses a chisel on the throne
very the sweet heart the goddess is of,the heart of the goddess is very sweet,the heart of the goddess is very sweet
scribe a sees a truth with scroll papyrus,a scribe with a papyrus scroll sees truth,a scribe with a papyrus scroll sees truth
things the field all the master sees of,the master of all things sees the field,the master of all things sees the field
people after inside on house rest work mats,people rest on mats inside house after work,people rest on mats inside house after work
gives of king a milk jars a thousand,a king gives a thousand jars of milk,a king gives a thousand jars of milk
a above bank the high flies swallow river,a swallow flies above the high river bank,a swallow flies above the high river bank
king authority walks reflecting on beside river,king walks beside river reflecting on authority,king walks beside river reflecting on authority
house the sees of field master the the,the master of the house sees the field,the master of the house sees the field
the desert town the moves great over storm,the great storm moves over the desert town,the great storm moves over the desert town
power places of crown god king upon,god places crown of power upon king,god places crown of power upon king
with woman basket truth a the a hears,a woman with a basket hears the truth,a woman with a basket hears the truth
star the god in a horizon becomes a,a star becomes a god in the horizon,a star becomes a god in the horizon
with drink will man and the king eat,the man will eat and drink with king,the man will eat and drink with king
of fire mountain shines the star the above,the star shines above the mountain of fire,the star shines above the mountain of fire
king great speak servant hears inside temple,king hears servant speak inside great temple,king hears servant speak inside great temple
book reads of dead the scribe the a,a scribe reads the book of the dead,a scribe reads the book of the dead
the servant town a carries grain to city,a servant carries grain to the city town,a servant carries grain to the city town
to gate temple man the old the walks,the old man walks to the temple gate,the old man walks to the temple gate
mountain dark a above the side star emerges,a star emerges above the dark mountain side,a star emerges above the dark mountain side
stone crawls a the gate under of snake,a snake crawls under the gate of stone,a snake crawls under the gate of stone
a gives father the to son conical loaf,the father gives a conical loaf to son,the father gives a conical loaf to son
emerges a star desert from hill the high,a star emerges from the high desert hill,a star emerges from the high desert hill
sits bird shelter reed a beautiful on the,a beautiful bird sits on the reed shelter,a beautiful bird sits on the reed shelter
man city finds in the venerated peace the,the venerated man finds peace in the city,the man finds peace in the city
house handle to carries woman with basket,woman carries basket with handle to house,woman carries basket with handle to house
the above desert hill becomes sky red the,the sky becomes red above the desert hill,the sky becomes red above the desert hill
sits of basket on the head a bird,the head of bird sits on a basket,the head of bird sits on a basket
jar youth drinks milk from beside mother quietly,youth drinks milk from jar beside mother quietly,youth drinks milk from jar beside mother quietly
plows and with hoe field strength man,man plows field with hoe and strength,man plows field with hoe and strength
gate under of a snake the crawls stone,a snake crawls under the gate of stone,a snake crawls under the gate of stone
house hears man night at owl behind,man hears owl behind house at night,man hears owl behind house at night
firm stability stands pillar of like king,king stands firm like pillar of stability,king stands firm like pillar of stability
the voice of god the old hears man,the old man hears the voice of god,the old man hears the voice of god
loaf lord gives servant a to the the,the lord gives a loaf to the servant,the lord gives a loaf to the servant
ring a gives youth the father to the,the father gives a ring to the youth,the father gives a ring to the youth
great seated god sky rules power with,seated god rules sky with great power,seated god rules sky with great power
very of the is the king heart good,the heart of the king is very good,the heart of the king is very good
thousand deep lake the from fish a emerge,a thousand fish emerge from the deep lake,a thousand fish emerge from the deep lake
sits a bolt cobra large the behind door,a cobra sits behind the large door bolt,a cobra sits behind the large door bolt
realm of gate west god silently guards underground,god guards west gate of underground realm silently,god guards west gate of underground realm silently
stroke marks single stone a scribe on the,the scribe marks a single stroke on stone,the scribe marks a single stroke on stone
sky of lord the sees all souls the,the lord of all souls sees the sky,the lord of all souls sees the sky
power great very the of is the god,the power of the god is very great,the power of the god is very great
the mat sits man old stone upon the,the old man sits upon the stone mat,the old man sits upon the stone mat
man with of god a strength the plows,a man plows with the strength of god,a man plows with the strength of god
star above city the town a high emerges,a star emerges above the high city town,a star emerges above the high city town
in house a the finds the scribe book,the scribe finds a book in the house,the scribe finds a book in the house
in power truth life great of the is,the great power of life is in truth,the great power of life is in truth
the lord finds house of the sweet peace,the lord of the house finds sweet peace,the lord of the house finds sweet peace
scribe a of board game a senet plays,a scribe plays a game of senet board,a scribe plays a game of senet board
the house the basket master the sees of,the master of the house sees the basket,the master of the house sees the basket
in finds a lake the a ring youth,a youth finds a ring in the lake,a youth finds a ring in the lake
sees a the the desert youth cobra in,a youth sees the cobra in the desert,a youth sees the cobra in the desert
desert swallow from a flies hill great the,a swallow flies from the great desert hill,a swallow flies from the great desert hill
a man club walks a the with road,a man with a club walks the road,a man with a club walks the road
stars the great in shine thousand sky a,a thousand stars shine in the great sky,a thousand stars shine in the great sky
scribe stone block chisel beside carefully sharpens,scribe sharpens chisel beside stone block carefully,scribe sharpens chisel beside stone block carefully
senet plays the board great on a youth,a youth plays on the great senet board,a youth plays on the great senet board
bird temple the head a wall is on,a bird head is on the temple wall,a bird head is on the temple wall
to conical mother gives servant a a loaf,a servant gives a conical loaf to mother,a servant gives a conical loaf to mother
door lock near crawls a the snake bolt,a snake crawls near the door bolt lock,a snake crawls near the door bolt lock
with woman handle carries basket house to,woman carries basket with handle to house,woman carries basket with handle to house
lake plant the in a grows lotus beautiful,a beautiful lotus plant grows in the lake,a beautiful lotus plant grows in the lake
king field great of the grain sees the,the great king sees the field of grain,the great king sees the field of grain
the people the speaks to truth scribe a,a scribe speaks the truth to the people,a scribe speaks the truth to the people
woman to lotus the a brings altar a,a woman brings a lotus to the altar,a woman brings a lotus to the altar
work house on mats after inside rest people,people rest on mats inside house after work,people rest on mats inside house after work
of is the the very snake long backbone,the backbone of the snake is very long,the backbone of the snake is very long
hides a behind brick the cobra clay large,a cobra hides behind the large clay brick,a cobra hides behind the large clay brick
ground belly on lion a is the animal,a lion animal belly is on the ground,a lion animal belly is on the ground
above star great side the mountain is a,a star is above the great mountain side,a star is above the great mountain side
goddess a gives jar a the to servant,a servant gives a jar to the goddess,a servant gives a jar to the goddess
great is the god in of power truth,the great power of truth is in god,the great power of truth is in god
marks on wood stroke a scribe a single,a scribe marks a single stroke on wood,a scribe marks a single stroke on wood
scribe of king the voice the hears a,a scribe hears the voice of the king,a scribe hears the voice of the king
very youth of a heart is the good,the heart of a youth is very good,the heart of a youth is very good
cuts a side the a man chisel with,a man with a chisel cuts the side,a man with a chisel cuts the side
exists the wall the spirit within ka stone,the spirit ka exists within the stone wall,the spirit ka exists within the stone wall
adze the with an makes man stool a,a man with an adze makes the stool,a man with an adze makes the stool
over moves the the river great bank storm,the great storm moves over the river bank,the great storm moves over the river bank
gives command king closely respectfully and servant listens,king gives command and servant listens respectfully closely,king gives command and servant listens respectfully closely
for scroll all scribe the reads the papyrus,the scribe reads the papyrus scroll for all,the scribe reads the papyrus scroll scroll scroll for all
sees a field basket with woman the a,a woman with a basket sees the field,a woman with a basket sees the field
of board scribe the plays senet game a,the scribe plays a game of senet board,the scribe plays a game of senet board
emerges storm from sky great the west the,the great storm emerges from the west sky,the great storm emerges from the west sky
bank river the plant lotus grows the in,the lotus plant grows in the river bank,the lotus plant grows in the river bank
youth sky in the swallow sees the a,a youth sees the swallow in the sky,a youth sees the swallow in the sky
moves green field through the the horned viper,the horned viper moves through the green field,the horned viper moves through the green field
king god with power backbone strengthens great of,god strengthens backbone of king with power great,god strengthens backbone of king with power great
plays board the master on the senet great,the master plays on the great senet board,the master plays on the great senet board
the conical loaf gives to father son a,the father gives a conical loaf to son,the father gives a conical loaf to son
the swim thousand fish a in great river,a thousand fish swim in the great river,a thousand fish swim in the great river
vessel man rope tethering ties securely around,man ties tethering rope around vessel securely,man ties tethering rope around vessel securely
the great spirit a becomes power ka now,the spirit ka becomes a great power now,the spirit ka becomes a great power now
very backbone the the of bird is small,the backbone of the bird is very small,the backbone of the bird is very small
found in marrow the venerated the bone is,the venerated marrow is found in the bone,the venerated marrow is found in the bone
good the very is heart child a of,the heart of a child is very good,the heart of a child is very good
to carries a temple milk servant a jar,a servant carries a milk jar to temple,a servant carries a milk jar to temple
a scribe heart writing makes the the about,the scribe makes a writing about the heart,a scribe makes the writing about the heart
beautiful child to gives a birth mother the,the mother gives birth to a beautiful child,the mother gives birth to a beautiful child
reflecting walks authority king beside on river,king walks beside river reflecting on authority,king walks beside river reflecting on authority
man becomes a a of bird the soul,the soul of a man becomes a bird,the soul of a man becomes a bird
sees woman in lotus the a plant water,the woman sees a lotus plant in water,the woman sees a lotus plant in water
uses throne scribe a the chisel on a,a scribe uses a chisel on the throne,a scribe uses a chisel on the throne
a flies swallow clump green the to papyrus,a swallow flies to the green papyrus clump,a swallow flies to the green papyrus clump
behind town a city the desert sits hill,a desert hill sits behind the city town,a desert hill sits behind the city town
pearl lake the a in a finds youth,a youth finds a pearl in the lake,a youth finds a pearl in the lake
a with man tilled the hoe field a,a man with a hoe tilled the field,a man with a hoe tilled the field
the bird of spirit ka a becomes fire,the spirit ka becomes a bird of fire,the spirit ka becomes a bird of fire
a uses chisel a for the scribe heart,a scribe uses a chisel for the heart,a scribe uses a chisel for the heart
a gives the father youth a to ring,a father gives a ring to the youth,a father gives a ring to the youth
vessel clay into gently life god breathes,god breathes life into clay vessel gently,god breathes life into clay vessel gently
the reads the scribe the mother book for,the scribe reads the book for the mother,the scribe reads the book for the mother
gives house of offering the an master the,the master of the house gives an offering,the master of the house gives an offering
milk to gently gives youth jar mother,mother gives milk jar to youth gently,mother gives milk jar to youth gently
jar servant carries milk a a sweet of,a servant carries a jar of sweet milk,a servant carries a jar of sweet milk
sees the a field with king great authority,a king with authority sees the great field,a king with authority sees the great field
backbone the of the soul is the truth,the backbone of the soul is the truth,the backbone of the soul is the truth
under moves large a the bolt cobra door,a cobra moves under the large door bolt,a cobra moves under the large door bolt
a sky in becomes god a the star,a star becomes a god in the sky,a star becomes a god in the sky
papyrus sickle the man a cuts a with,a man cuts the papyrus with a sickle,a man cuts the papyrus with a sickle
ripple bank moves river near water the the,the water ripple moves near the river bank,the water ripple moves near the river bank
of the a is beautiful very heart woman,the heart of a woman is very beautiful,the heart of a woman is very beautiful
a the loaf house eats the master of,the master of the house eats a loaf,the master of the house eats a loaf
servant the basket with road walks a the,the servant with a basket walks the road,the servant with a basket walks the road
mountain emerges star a above high side the,a star emerges above the high mountain side,a star emerges above the high mountain side
to gate a a basket walks with woman,a woman with a basket walks to gate,a woman with a basket walks to gate
viper horned crawls a near stone brick the,a horned viper crawls near the stone brick,a horned viper crawls near the stone brick
youth a ring a in the finds lake,a youth finds a ring in the lake,a youth finds a ring in the lake
speaks a with king to god authority the,a king with authority speaks to the god,a king with authority speaks to the god
loaf a bread father gives of now a,a father gives a loaf of bread now,a father gives a loaf of bread now
the carries grain to city a town servant,a servant carries grain to the city town,a servant carries grain to the city town
beside sky under youth drinks lake water,youth drinks water beside lake under sky,youth drinks water beside lake under sky
scribe book writes the truth about a the,the scribe writes a book about the truth,the scribe writes a book about the truth
man finds skins with peace three fox the,the man with three fox skins finds peace,the man with three fox skins finds peace
scroll a the on scribe white papyrus writes,a scribe writes on the white papyrus scroll,the scribe writes on a white papyrus scroll
sky people under celebrate life and stars,people celebrate life under stars and sky,people celebrate life under stars and sky
a the carries shelter grain reed servant to,a servant carries grain to the reed shelter,a servant carries grain to the reed shelter
in the the life ka spirit remains house,the spirit ka remains in the house life,the spirit ka remains in the house life
power a speaks truth scribe the with of,a scribe speaks with the power of truth,a scribe speaks with the power of truth
the in life the finds spirit ka temple,the spirit ka finds life in the temple,the spirit ka finds life in the temple
great authority god to the gives king the,the god gives authority to the great king,the god gives authority to the great king
servant jar a for brings king milk the,the servant brings a milk jar for king,the servant brings a milk jar for king
see water people life become from scarab ripple,people see scarab become life from water ripple,people see scarab become life from water ripple
bird afterlife becomes the a soul in a,a soul becomes a bird in the afterlife,a soul becomes a bird in the afterlife
the is stone to used cut chisel a,a chisel is used to cut the stone,a chisel is used to cut the stone
house scroll scribe inside quietly reads,scribe reads scroll inside house quietly,scribe reads scroll inside house quietly
water people ripple scarab life from become see,people see scarab become life from water ripple,people see scarab become life from water ripple
build of house life a thousand the bricks,a thousand bricks build the house of life,a thousand bricks build the house of life
the sees under brick cobra the a youth,a youth sees the cobra under the brick,a youth sees the cobra under the brick
the of voice hears the people the scribe,the scribe hears the voice of the people,the scribe hears the voice of the people
of a is very the heart scribe sweet,the heart of a scribe is very sweet,the heart of a scribe is very sweet
three man skins fox in desert a finds,a man finds three fox skins in desert,a man finds three fox skins in desert
the from east the emerges storm sky great,the great storm emerges from the east sky,the great storm emerges from the east sky
god dwells at dawn underground rises and,god dwells underground and rises at dawn,god dwells underground and rises at dawn
hill across slope hare the desert the runs,the desert hare runs across the hill slope,the desert hare runs across the hill slope
is seen in temple face beautiful a the,a beautiful face is seen in the temple,a beautiful face is seen in the temple
all scroll papyrus the for the reads scribe,the scribe reads the papyrus scroll for all,the scribe reads the papyrus scroll scroll scroll for all
fills woman jar gently with child milk for,woman fills jar with milk for child gently,woman fills jar with milk for child gently
power god great with sky seated rules,seated god rules sky with great power,seated god rules sky with great power
house sweet of lord the the milk finds,the lord of the house finds sweet milk,the lord of the house finds sweet milk
a papyrus stroke scribe marks the single on,the scribe marks a single stroke on papyrus,the scribe marks a single stroke on papyrus
is strength father backbone of the his the,the backbone of the father is his strength,the backbone of the father is his strength
the of the sees lord things truth all,the lord of all things sees the truth,the lord of all things sees the truth
jar a finds man in a the sand,a man finds a jar in the sand,a man finds a jar in the sand
swallow town the flies a above city high,a swallow flies above the high city town,a swallow flies above the high city town
above a temple head bird sits the door,a bird head sits above the temple door,a bird head sits above the temple door
carries servant a a milk jar to temple,a servant carries a milk jar to temple,a servant carries a milk jar to temple
with god the man a of plows strength,a man plows with the strength of god,a man plows with the strength of god
city is the for bolt the door gate,the door bolt is for the city gate,the door bolt is for the city gate
river shelter the bank reed on a sits,a reed shelter sits on the river bank,a reed shelter sits on the river bank
the a club a house protects with man,a man with a club protects the house,a man with a club protects the house
twisted into rope binds man the flax a,a man binds the twisted flax into rope,a man binds the twisted flax into rope
king a upon sits of throne the power,a king sits upon the throne of power,a king sits upon the throne of power
a in reads book the scribe temple the,a scribe reads the book in the temple,a scribe reads the book in the temple
the shines of above gold house star the,the star shines above the house of gold,the star shines above the house of gold
clump a papyrus the green from flies swallow,a swallow flies from the green papyrus clump,a swallow flies from the green papyrus clump
the river holds at tethering boat the rope,the tethering rope holds the boat at river,the tethering rope holds the boat at river
scribe with plays king the a board senet,a scribe plays senet board with the king,a scribe plays senet board with the king
is very man the backbone of straight a,the backbone of a man is very straight,the backbone of a man is very straight
jars thousand a grain of people are for,a thousand jars of grain are for people,a thousand jars of grain are for people
strength stability god heart eternal peace and grants,god grants heart peace strength and stability eternal,god grants heart peace strength and stability eternal
carries the a in rack servant a jars,a servant carries the jars in a rack,a servant carries the jars in a rack
god woman the the of voice a hears,a woman hears the voice of the god,a woman hears the voice of the god
great east sky storm from the the emerges,the great storm emerges from the east sky,the great storm emerges from the east sky
head bird the brick sits on wall the,the bird head sits on the brick wall,the bird head sits on the brick wall
scribe uses the an for the adze wood,the scribe uses an adze for the wood,the scribe uses an adze for the wood
sky people watches god authority calm from with,god watches people from sky with calm authority,god watches people from sky with calm authority
reads papyrus inside woman scroll opens slowly and,woman opens papyrus scroll and reads slowly inside,woman opens papyrus scroll and reads slowly inside
a a throne the chisel man makes with,a man with a chisel makes the throne,a man with a chisel makes the throne
with the and man king eat will drink,the man will eat and drink with king,the man will eat and drink with king
the a basket with a walks road woman,a woman with a basket walks the road,a woman with a basket walks the road
ka finds the peace house the in spirit,the spirit ka finds peace in the house,the spirit ka finds peace in the house
gives to god king temple bread great offering,king gives offering bread to temple god great,king gives offering bread to temple god great
lake emerge thousand the from deep fish a,a thousand fish emerge from the deep lake,a thousand fish emerge from the deep lake
great sky from storm the the emerges east,the great storm emerges from the east sky,the great storm emerges from the east sky
man in sees the life truth the old,the old man sees the truth in life,the old man sees the truth in life
the authority man stone with finds brick the,the man with authority finds the stone brick,the man with authority finds the stone brick
coil a basket behind the of rope lies,a coil of rope lies behind the basket,a coil of rope lies behind the basket
every master of the truth sees the all,the master of all every sees the truth,the master of all every sees the truth
ancestors together pillar yearly with offerings people honor,people honor ancestors pillar with offerings yearly together,people honor ancestors pillar with offerings yearly together
gives god father to great offering bread temple,father gives bread offering to god great temple,father gives bread offering to god great temple
very a man of the backbone great is,the backbone of a man is very great,the backbone of a man is very great
fire by listens father speak calmly youth to,youth listens to father speak by fire calmly,youth listens to father speak by fire calmly
stone on scribe stroke every marks single a,a scribe marks every single stroke on stone,a scribe marks every single stroke on stone
heart feather truth of upon places god,god places feather of truth upon heart,god places feather of truth upon heart
flows river town bright under sky behind,river flows behind town under bright sky,river flows behind town under bright sky
of all power lord things the the gives,the lord of all things gives the power,the lord of all things gives the power
of souls the all sees the truth master,the master of all souls sees the truth,the master of all souls sees the truth
river people near road by cross town,people cross river by road near town,people cross river by road near town
the near moves water bank river the ripple,the water ripple moves near the river bank,the water ripple moves near the river bank
a to grain carries lord the great servant,a servant carries grain to the great lord,a servant carries grain to the great lord
the book scribe truth finds in a the,a scribe finds the truth in the book,a scribe finds the truth in the book
happy the the is old of man heart,the heart of the old man is happy,the heart of the old man is happy
of the the sweet house lord finds peace,the lord of the house finds sweet peace,the lord of the house finds sweet peace
over the high city flies town swallow a,a swallow flies over the high city town,a swallow flies over the high city town
water the finds a the in youth star,the youth finds a star in the water,the youth finds a star in the water
loaf a conical servant of bread gives a,a servant gives a conical loaf of bread,a servant gives a conical loaf of bread
loaf servant the to a the gives lord,the lord gives a loaf to the servant,the lord gives a loaf to the servant
uses scribe throne chisel a on a the,a scribe uses a chisel on the throne,a scribe uses a chisel on the throne
a scribe the uses chisel on throne the,the scribe uses a chisel on the throne,the scribe uses a chisel on the throne
sits handle brick basket a on the with,a basket with handle sits on the brick,a basket with handle sits on the brick
to mother the strong a youth gives birth,the mother gives birth to a strong youth,the mother gives birth to a strong youth
rack servant a jars brings a the in,a servant brings the jars in a rack,a servant brings the jars in a rack
stone field in a finds a the man,a man finds a stone in the field,a man finds a stone in the field
night riverbank snake people at near fear,people fear snake near riverbank at night,people fear snake near riverbank at night
flies the green clump from a papyrus swallow,a swallow flies from the green papyrus clump,a swallow flies from the green papyrus clump
old the the seated king with speaks man,the old man speaks with the seated king,the old man speaks with the seated king
water star a finds youth the the in,the youth finds a star in the water,the youth finds a star in the water
the child is a good heart of very,the heart of a child is very good,the heart of a child is very good
of the life enters ka the house spirit,the spirit ka enters the house of life,the spirit ka enters the house of life
thousand a bank stars the river above shine,a thousand stars shine above the river bank,a thousand stars shine above the river bank
a the a gives goddess to servant jar,a servant gives a jar to the goddess,a servant gives a jar to the goddess
in the field hare hides desert the green,the desert hare hides in the green field,the desert hare hides in the green field
on sits head the ox altar of the,the head of ox sits on the altar,the head of ox sits on the altar
fish a the great swim river thousand in,a thousand fish swim in the great river,a thousand fish swim in the great river
a man the cuts side chisel a with,a man with a chisel cuts the side,a man with a chisel cuts the side
heart a of the sweet very becomes man,the heart of a man becomes very sweet,the heart of a man becomes very sweet
with man cuts papyrus a a sickle the,a man cuts the papyrus with a sickle,a man cuts the papyrus with a sickle
hill swallow flies desert great from a the,a swallow flies from the great desert hill,a swallow flies from the great desert hill
to mother the a gives son beautiful birth,the mother gives birth to a beautiful son,the mother gives birth to a beautiful son
of truth finds the heart the master good,the master of truth finds the heart good,the master of truth finds the heart good
king like firm of stability stands pillar,king stands firm like pillar of stability,king stands firm like pillar of stability
near field a plows the the river servant,a servant plows the field near the river,a servant plows the field near the river
thick the under moves a clump snake papyrus,a snake moves under the thick papyrus clump,a snake moves under the thick papyrus clump
for flax god twisted a scribe binds the,a scribe binds the twisted flax for god,a scribe binds the twisted flax for god
rack a jars plays with in the youth,a youth plays with the jars in rack,a youth plays with the jars in rack
king leads people with a club a the,a king with a club leads the people,a king with a club leads the people
stool today sits a the upon mat scribe,a scribe sits upon the stool mat today,a scribe sits upon the stool mat today
great with master speaks old man the the,the old man speaks with the great master,the old man speaks with the great master
backbone god the truth of the is the,the backbone of the god is the truth,the backbone of the god is the truth
scribe town carries papyrus scroll carefully into today,scribe carries papyrus scroll into town carefully today,scribe carries papyrus scroll into town carefully today
the a of strength with man plows god,a man plows with the strength of god,a man plows with the strength of god
small sits upon the mat stool man a,a man sits upon the small stool mat,a man sits upon the small stool mat
of in god great life is the power,the great power of life is in god,the great power of life is in god
clump the sits beautiful bird papyrus on a,a beautiful bird sits on the papyrus clump,a beautiful bird sits on the papyrus clump
jar a milk carries servant for king a,a servant carries a milk jar for king,a servant carries a milk jar for king
woman a gate the sees basket a with,a woman with a basket sees the gate,a woman with a basket sees the gate
gives king great temple offering to bread god,king gives offering bread to temple god great,king gives offering bread to temple god great
woman of very the is sweet a heart,the heart of a woman is very sweet,the heart of a woman is very sweet
plant the water in lotus opens the morning,the lotus plant opens in the morning water,the lotus plant opens in the morning water
the house of the the master eats bread,the master of the house eats the bread,the master of the house eats the bread
sees heart the house master the of the,the master of the house sees the heart,the master of the house sees the heart
to the birth strong mother gives daughter a,the mother gives birth to a strong daughter,the mother gives birth to a strong daughter
large brick hides cobra a stone behind the,a cobra hides behind the large stone brick,a cobra hides behind the large stone brick
god on sacred rests temple inside quietly throne,god rests on throne inside sacred temple quietly,god rests on throne inside sacred temple quietly
a with hoe the field a man plows,a man plows the field with a hoe,a man plows the field with a hoe
carefully beside stone chisel block scribe sharpens,scribe sharpens chisel beside stone block carefully,scribe sharpens chisel beside stone block carefully
plays board youth game senet a a of,a youth plays a game of senet board,a youth plays a game of senet board
temple great sits gate the king behind a,a king sits behind the great temple gate,a king sits behind the great temple gate
father the youth to ring a gives a,a father gives a ring to the youth,a father gives a ring to the youth
life horizon emerges god bringing light and at,god emerges at horizon bringing light and life,god emerges at horizon bringing light and life
mirror woman with her sees a a face,a woman with a mirror sees her face,a woman with a mirror sees her face
a the upon seat king power of sits,a king sits upon the seat of power,a king sits upon the seat of power
his a gives father ring youth to a,a father gives a ring to his youth,a father gives a ring to his youth
man a sees the star in the sky,a man sees the star in the sky,a man sees the star in the sky
the door gate is bolt for the city,the door bolt is for the city gate,the door bolt is for the city gate
temple ka life in the finds spirit the,the spirit ka finds life in the temple,the spirit ka finds life in the temple
the animal belly lion is on ground a,a lion animal belly is on the ground,a lion animal belly is on the ground
the ox altar sits the head of on,the head of ox sits on the altar,the head of ox sits on the altar
king brings jar milk the for servant a,the servant brings a milk jar for king,the servant brings a milk jar for king
behind door lock a bolt the cobra sits,a cobra sits behind the door bolt lock,a cobra sits behind the door bolt lock
enters peace and safely door house opens man,man opens door and enters house safely peace,man opens door and enters house safely peace
over the clump a swallow flies papyrus green,a swallow flies over the green papyrus clump,a swallow flies over the green papyrus clump
wall thousand bricks house the build of a,a thousand bricks build the wall of house,a thousand bricks build the wall of house
great with old man the speaks god the,the old man speaks with the great god,the old man speaks with the great god
from god authority with watches sky people calm,god watches people from sky with calm authority,god watches people from sky with calm authority
to old the man the peace road walks,the old man walks the road to peace,the old man walks the road to peace
of becomes a bird the fire ka spirit,the spirit ka becomes a bird of fire,the spirit ka becomes a bird of fire
sweet the lord all of things peace finds,the lord of all things finds sweet peace,the lord of all things finds sweet peace
drinks under youth beside water lake sky,youth drinks water beside lake under sky,youth drinks water beside lake under sky
a gate high temple above star the is,a star is above the high temple gate,a star is above the high temple gate
gate woman to basket with a walks a,a woman with a basket walks to gate,a woman with a basket walks to gate
the back house the of home goes master,the master of the house goes back home,the master of the house goes back home
grain the offerings god of thousand gives a,the god gives a thousand offerings of grain,the god gives a thousand offerings of grain
of strengthens king great god with power backbone,god strengthens backbone of king with power great,god strengthens backbone of king with power great
scribe in a the the book finds house,the scribe finds a book in the house,the scribe finds a book in the house
during desert storm reed shelters man hut beneath,man shelters beneath reed hut during desert storm,man shelters beneath reed hut during desert storm
a milk jar for a carries altar servant,a servant carries a milk jar for altar,a servant carries a milk jar for altar
town bright behind river under sky flows,river flows behind town under bright sky,river flows behind town under bright sky
walks the to the temple old man gate,the old man walks to the temple gate,the old man walks to the temple gate
and with man hoe plows strength field,man plows field with hoe and strength,man plows field with hoe and strength
papyrus white scribe the writes on scroll a,a scribe writes on the white papyrus scroll,the scribe writes on a white papyrus scroll
the reed a sits shelter bird beautiful on,a beautiful bird sits on the reed shelter,a beautiful bird sits on the reed shelter
a gives loaf conical father to the child,the father gives a conical loaf to child,the father gives a conical loaf to child
god places heart upon of truth feather,god places feather of truth upon heart,god places feather of truth upon heart
all souls of finds the lord great content,the lord of all souls finds great content,the lord of all souls finds great content
for grain are jars thousand a king of,a thousand jars of grain are for king,a thousand jars of grain are for king
body soul life within places god granting,god places soul within body granting life,god places soul within body granting life
jar milk mother youth gently to gives,mother gives milk jar to youth gently,mother gives milk jar to youth gently
high above temple the gate is a star,a star is above the high temple gate,a star is above the high temple gate
a star city great above the town shines,a star shines above the great city town,a star shines above the great city town
chick on the sits quail stone brick the,the quail chick sits on the stone brick,the quail chick sits on the stone brick
on brick warm animal the remains belly the,the animal belly remains on the warm brick,the animal belly remains on the warm brick
authority leads city a man with the people,a man with authority leads the city people,a man with authority leads the city people
house inside scroll scribe reads quietly,scribe reads scroll inside house quietly,scribe reads scroll inside house quietly
mother awaiting stands return at gate child,mother stands at gate awaiting child return,mother stands at gate awaiting child return
sun great the the power gives fire of,the great power of the sun gives fire,the great power of the sun gives fire
desert the in hare the field green hides,the desert hare hides in the green field,the desert hare hides in the green field
every the all sees master the of truth,the master of all every sees the truth,the master of all every sees the truth
the a father hears of youth the voice,a youth hears the voice of the father,a youth hears the voice of the father
the plant river grows lotus a in beautiful,a beautiful lotus plant grows in the river,a beautiful lotus plant grows in the river
the with king a authority speaks to god,a king with authority speaks to the god,a king with authority speaks to the god
the seated man of sees heart the god,the seated god sees the heart of man,the seated god sees the heart of man
reverence into youth follows temple with father,youth follows father into temple with reverence,youth follows father into temple with reverence
mother to the beautiful birth a youth gives,the mother gives birth to a beautiful youth,the mother gives birth to a beautiful youth
man a sits small the stool mat upon,a man sits upon the small stool mat,a man sits upon the small stool mat
great a thousand bricks build town the city,a thousand bricks build the great city town,a thousand bricks build the great city town
stars in thousand underground place shine the a,a thousand stars shine in the underground place,a thousand stars shine in the underground place
life the gives god to man the great,the great god gives life to the man,the great god gives life to the man
before throne hear gather to people king,people gather before throne to hear king,people gather before throne to hear king
high over city town swallow the a flies,a swallow flies over the high city town,a swallow flies over the high city town
grain jars thousand rows sit in of a,a thousand jars of grain sit in rows,a thousand jars of grain sit in rows
in of thousand rows jars sit grain a,a thousand jars of grain sit in rows,a thousand jars of grain sit in rows
a in the becomes horizon a soul bird,a soul becomes a bird in the horizon,a soul becomes a bird in the horizon
belly animal bank near the river the is,the animal belly is near the river bank,the animal belly is near the river bank
man wind of sound the the old hears,the old man hears the sound of wind,the old man hears the sound of wind
hare runs across slope the the hill desert,the desert hare runs across the hill slope,the desert hare runs across the hill slope
strengthens god great power with of backbone king,god strengthens backbone of king with power great,god strengthens backbone of king with power great
for are grain a thousand of jars people,a thousand jars of grain are for people,a thousand jars of grain are for people
the west the finds a to soul way,a soul finds the way to the west,a soul finds the way to the west
of woman is the beautiful great the face,the beautiful face of the woman is great,the beautiful face of the woman is great
chick the inside the quail shelter reed hides,the quail chick hides inside the reed shelter,the quail chick hides inside the reed shelter
with field hoe plows and strength man,man plows field with hoe and strength,man plows field with hoe and strength
city the emerges high above gate a star,a star emerges above the high city gate,a star emerges above the high city gate
people fairness sits with throne king judging upon,king sits upon throne judging people with fairness,king sits upon throne judging people with fairness
mother the very is the strong backbone of,the backbone of the mother is very strong,the backbone of the mother is very strong
to book a gives the father the youth,the father gives a book to the youth,the father gives a book to the youth
before washes water scribe with hands writing,scribe washes hands with water before writing,scribe washes hands with water before writing
emerge a fish from thousand deep lake the,a thousand fish emerge from the deep lake,a thousand fish emerge from the deep lake
reads book scribe the mother the the for,the scribe reads the book for the mother,the scribe reads the book for the mother
the scroll reads all for papyrus the scribe,the scribe reads the papyrus scroll for all,the scribe reads the papyrus scroll scroll scroll for all
scroll truth with sees a a scribe papyrus,a scribe with a papyrus scroll sees truth,a scribe with a papyrus scroll sees truth
a field stone finds of lord the the,the lord of the field finds a stone,the lord of the field finds a stone
at night riverbank near fear snake people,people fear snake near riverbank at night,people fear snake near riverbank at night
is house life of a above star the,a star is above the house of life,a star is above the house of life
lotus altar places today peacefully upon offering woman,woman places lotus offering upon altar peacefully today,woman places lotus offering upon altar peacefully today
youth very heart good is of the a,the heart of a youth is very good,the heart of a youth is very good
fire bird a ka the of becomes spirit,the spirit ka becomes a bird of fire,the spirit ka becomes a bird of fire
a the youth star the in water finds,the youth finds a star in the water,the youth finds a star in the water
hill the moves great storm across the west,the great storm moves across the west hill,the great storm moves across the west hill
star in a becomes a soul the sky,a soul becomes a star in the sky,a soul becomes a star in the sky
swallow city high the over a flies town,a swallow flies over the high city town,a swallow flies over the high city town
fox a man three finds skins with peace,a man with three fox skins finds peace,a man with three fox skins finds peace
the in ka finds content the temple spirit,the spirit ka finds content in the temple,the spirit ka finds content in the temple
daughter gives beautiful birth a the to mother,the mother gives birth to a beautiful daughter,the mother gives birth to a beautiful daughter
woman a is good of the heart very,the heart of a woman is very good,the heart of a woman is very good
the thousand river stars above bank a shine,a thousand stars shine above the river bank,a thousand stars shine above the river bank
grinds woman today bread into for offering grain,woman grinds grain into bread for offering today,woman grinds grain into bread for offering today
shelter great burns near the a fire reed,a great fire burns near the reed shelter,a great fire burns near the reed shelter
is chisel a the cut stone used to,a chisel is used to cut the stone,a chisel is used to cut the stone
guards of silently west god gate underground realm,god guards west gate of underground realm silently,god guards west gate of underground realm silently
hides clump the papyrus quail in a chick,a quail chick hides in the papyrus clump,a quail chick hides in the papyrus clump
the man mat upon the old sits stone,the old man sits upon the stone mat,the old man sits upon the stone mat
brings woman the a to altar a jar,a woman brings a jar to the altar,a woman brings a jar to the altar
life the in man truth old sees the,the old man sees the truth in life,the old man sees the truth in life
of the king sits throne gold upon a,a king sits upon the throne of gold,a king sits upon the throne of gold
man binds the rope twisted flax the for,the man binds the twisted flax for rope,the man binds the twisted flax for rope
the river great town the near city is,the great city town is near the river,the great city town is near the river
man life in the power great is of,the great power of life is in man,the great power of life is in man
the sits above a bird door temple head,a bird head sits above the temple door,a bird head sits above the temple door
adze the with makes an stool man a,a man with an adze makes the stool,a man with an adze makes the stool
to offering for temple woman peace god brings,woman brings offering to temple for god peace,woman brings offering to temple for god peace
master speaks the authority of with house the,the master of the house speaks with authority,the master of the house speaks with authority
the the to spirit finds way sky ka,the spirit ka finds the way to sky,the spirit ka finds the way to sky
the hears the god temple a woman in,a woman hears the god in the temple,a woman hears the god in the temple
a behind man walks with a town club,a man with a club walks behind town,a man with a club walks behind town
a king plays the with scribe board senet,a scribe plays senet board with the king,a scribe plays senet board with the king
water great town the the is city near,the great city town is near the water,the great city town is near the water
the of good heart very is youth a,the heart of a youth is very good,the heart of a youth is very good
finds sky the the path ka to spirit,the spirit ka finds the path to sky,the spirit ka finds the path to sky
gives of master milk house sweet the the,the master of the house gives sweet milk,the master of the house gives sweet milk
very the of scribe the is backbone straight,the backbone of the scribe is very straight,the backbone of the scribe is very straight
a the writes scribe truth book the about,the scribe writes a book about the truth,the scribe writes a book about the truth
breathes gently into clay life vessel god,god breathes life into clay vessel gently,god breathes life into clay vessel gently
woman west riverbank follows toward road calmly,woman follows riverbank road toward west calmly,woman follows riverbank road toward west calmly
from life ripple scarab people water become see,people see scarab become life from water ripple,people see scarab become life from water ripple
flies lake the above beautiful bird green a,a beautiful bird flies above the green lake,a beautiful bird flies above the green lake
to by fire speak father youth calmly listens,youth listens to father speak by fire calmly,youth listens to father speak by fire calmly
moves great the the storm sky across west,the great storm moves across the west sky,the great storm moves across the west sky
lotus the altar to woman a brings a,a woman brings a lotus to the altar,a woman brings a lotus to the altar
and man opens peace house enters safely door,man opens door and enters house safely peace,man opens door and enters house safely peace
grain a a gives king of thousand fields,a king gives a thousand fields of grain,a king gives a thousand fields of grain
man wind the of old hears the sound,the old man hears the sound of wind,the old man hears the sound of wind
a store grain jars of thousand are in,a thousand jars of grain are in store,a thousand jars of grain are in store
is god of ox rib side a for,a side rib of ox is for god,a side rib of ox is for god
protects a the authority with man house temple,a man with authority protects the temple house,a man with authority protects the temple house
above great power king city people and holds,king holds power above city and people great,king holds power above city and people great
rope a stone to tethering the man binds,a man binds the tethering rope to stone,a man binds the tethering rope to stone
gives a youth father the to ring a,a father gives a ring to the youth,a father gives a ring to the youth
sits the wall brick bird the head on,the bird head sits on the brick wall,the bird head sits on the brick wall
from with king authority great palace emerges,king emerges from palace with great authority,king emerges from palace with great authority
begins watches horizon youth sun as rise,youth watches horizon as sun begins rise,youth watches horizon as sun begins rise
scribe writing sits stool sacred on words,scribe sits on stool writing sacred words,scribe sits on stool writing sacred words
ring a a the gives to scribe king,a king gives a ring to the scribe,a king gives a ring to the scribe
hides field the green the desert in hare,the desert hare hides in the green field,the desert hare hides in the green field
single a scribe on marks stroke stone the,the scribe marks a single stroke on stone,the scribe marks a single stroke on stone
sits city a bird beautiful on the wall,a beautiful bird sits on the city wall,a beautiful bird sits on the city wall
the great chair king the sits throne upon,the great king sits upon the throne chair,the great king sits upon the throne chair
the west moves storm sky the great across,the great storm moves across the west sky,the great storm moves across the west sky
the spirit exists ka in the great temple,the spirit ka exists in the great temple,the spirit ka exists in the great temple
on ground a is belly lion animal the,a lion animal belly is on the ground,a lion animal belly is on the ground
to book the father the youth a gives,the father gives a book to the youth,the father gives a book to the youth
eternally grants throne djed stability strongly god to,god grants stability djed to throne eternally strongly,god grants stability djed to throne eternally strongly
the a in the sees cobra sand youth,a youth sees the cobra in the sand,a youth sees the cobra in the sand
man hoe a tilled ground the with a,a man with a hoe tilled the ground,a man with a hoe tilled the ground
hears the tree woman the bird a in,a woman hears the bird in the tree,a woman hears the bird in the tree
star is the a mountain side above great,a star is above the great mountain side,a star is above the great mountain side
tethering man around ties rope securely vessel,man ties tethering rope around vessel securely,man ties tethering rope around vessel securely
of the heart god sees the man seated,the seated god sees the heart of man,the seated god sees the heart of man
work people after house on inside mats rest,people rest on mats inside house after work,people rest on mats inside house after work
to chick gives servant a grain the quail,a servant gives grain to the quail chick,a servant gives grain to the quail chick
a high star gate is temple above the,a star is above the high temple gate,a star is above the high temple gate
gather near people town peace riverbank great at,people gather at riverbank near town great peace,people gather at riverbank near town great peace
walks the road a with the servant basket,the servant with a basket walks the road,the servant with a basket walks the road
is house of a peace above the star,a star is above the house of peace,a star is above the house of peace
within granting places soul body life god,god places soul within body granting life,god places soul within body granting life
season inspects flood king yearly begins before field,king inspects field before flood season begins yearly,king inspects field before flood season begins yearly
the sky the above great fire becomes mountain,the great sky becomes fire above the mountain,the great sky becomes fire above the mountain
house the of sees the master the field,the master of the house sees the field,the master of the house sees the field
gives the a book father a to mother,a father gives a book to the mother,a father gives a book to the mother
mother stands return at child awaiting gate,mother stands at gate awaiting child return,mother stands at gate awaiting child return
are thousand jars for god of grain a,a thousand jars of grain are for god,a thousand jars of grain are for god
behind cobra the moves a bolt door large,a cobra moves behind the large door bolt,a cobra moves behind the large door bolt
in god is great truth power of the,the great power of god is in truth,the great power of god is in truth
the the green hare desert in plant hides,the desert hare hides in the green plant,the desert hare hides in the green plant
loaf master eats a of house the the,the master of the house eats a loaf,the master of the house eats a loaf
power god great truth is the of in,the great power of god is in truth,the great power of truth is in god
a plant lake in water the lotus grows,a lotus plant grows in the lake water,a lotus plant grows in the lake water
a skins fox three with peace finds man,a man with three fox skins finds peace,a man with three fox skins finds peace
on plays great the master the senet board,the master plays on the great senet board,the master plays on the great senet board
old the king the to man seated speaks,the old man speaks to the seated king,the old man speaks to the seated king
very the strong backbone the is of father,the backbone of the father is very strong,the backbone of the father is very strong
a great is birth sign placenta of the,the placenta is a sign of great birth,the placenta is a sign of great birth
a green swallow clump from the flies papyrus,a swallow flies from the green papyrus clump,a swallow flies from the green papyrus clump
star bringing god above sends horizon life people,god sends star above horizon bringing life people,god sends star above horizon bringing life people
with a hears bird a woman the basket,a woman with a basket hears the bird,a woman with a basket hears the bird
is temple a in face the seen beautiful,a beautiful face is seen in the temple,a beautiful face is seen in the temple
the gives mother beautiful birth to a son,the mother gives birth to a beautiful son,the mother gives birth to a beautiful son
fire the becomes great the sky mountain above,the great sky becomes fire above the mountain,the great sky becomes fire above the mountain
handle basket with woman carries house to,woman carries basket with handle to house,woman carries basket with handle to house
temple father youth follows reverence into with,youth follows father into temple with reverence,youth follows father into temple with reverence
a the papyrus flies green clump over swallow,a swallow flies over the green papyrus clump,a swallow flies over the green papyrus clump
the god a scribe makes the writing for,the scribe makes a writing for the god,the scribe makes a writing for the god
seated king speaks scribe the the today to,the scribe speaks to the seated king today,the scribe speaks to the seated king today
sound the hears water old the man of,the old man hears the sound of water,the old man hears the sound of water
a papyrus writes stroke a scribe on single,a scribe writes on a single stroke papyrus,a scribe writes on a single stroke papyrus
shelter a hare the hides in desert reed,a desert hare hides in the reed shelter,a desert hare hides in the reed shelter
backbone is very ox the large the of,the backbone of the ox is very large,the backbone of the ox is very large
a voice king of the hears the scribe,a scribe hears the voice of the king,a scribe hears the voice of the king
the a reed shelter chick quail sits inside,a quail chick sits inside the reed shelter,a quail chick sits inside the reed shelter
upon offering places woman altar lotus today peacefully,woman places lotus offering upon altar peacefully today,woman places lotus offering upon altar peacefully today
to the king authority gives seated man the,the king gives authority to the seated man,the king gives authority to the seated man
star the water finds a the in youth,the youth finds a star in the water,the youth finds a star in the water
blue swim water the fish in thousand a,a thousand fish swim in the blue water,a thousand fish swim in the blue water
lake the in grows a beautiful lotus plant,a beautiful lotus plant grows in the lake,a beautiful lotus plant grows in the lake
safely man house peace door enters opens and,man opens door and enters house safely peace,man opens door and enters house safely peace
road the with the basket a walks servant,the servant with a basket walks the road,the servant with a basket walks the road
the of the master sees heart the house,the master of the house sees the heart,the master of the house sees the heart
emerges bringing god and light horizon life at,god emerges at horizon bringing light and life,god emerges at horizon bringing light and life
the through enters the ka spirit gate temple,the spirit ka enters through the temple gate,the spirit ka enters through the temple gate
authority king to man the gives the seated,the king gives authority to the seated man,the king gives authority to the seated man
uses the a scribe a chisel on throne,a scribe uses a chisel on the throne,a scribe uses a chisel on the throne
above the stars desert a shine hill thousand,a thousand stars shine above the desert hill,a thousand stars shine above the desert hill
the brings woman to jar a a altar,a woman brings a jar to the altar,a woman brings a jar to the altar
authority a the speaks to king with people,a king with authority speaks to the people,a king with authority speaks to the people
a of the man plows with strength god,a man plows with the strength of god,a man plows with the strength of god
riverbank beside woman walks road calmly,woman walks road beside riverbank calmly,woman walks road beside riverbank calmly
carries the jars a in a rack servant,a servant carries the jars in a rack,a servant carries the jars in a rack
dawn at behind river hears ripple woman house,woman hears river ripple behind house at dawn,woman hears river ripple behind house at dawn
the great spirit in exists temple the ka,the spirit ka exists in the great temple,the spirit ka exists in the great temple
plant clump lotus near grows a papyrus the,a lotus plant grows near the papyrus clump,a lotus plant grows near the papyrus clump
eats drinks man bread water and peacefully,man eats bread and drinks water peacefully,man eats bread and drinks water peacefully
above bird a temple sits head gate the,a bird head sits above the temple gate,a bird head sits above the temple gate
very heart god the is a of great,the heart of a god is very great,the heart of a god is very great
a the man side chisel a with cuts,a man with a chisel cuts the side,a man with a chisel cuts the side
a side cuts a chisel the with man,a man with a chisel cuts the side,a man with a chisel cuts the side
a three fox finds skins today the man,a man finds the three fox skins today,a man finds the three fox skins today
of field lord the finds the a stone,the lord of the field finds a stone,the lord of the field finds a stone
god life granting body soul places within,god places soul within body granting life,god places soul within body granting life
words faithfully of listens authority writes and scribe,scribe listens and writes words of authority faithfully,scribe listens and writes words of authority faithfully
in the a a jars scribe rack puts,a scribe puts the jars in a rack,a scribe puts the jars in a rack
is a the belly lion animal ground on,a lion animal belly is on the ground,a lion animal belly is on the ground
heart of sees the lord all things the,the lord of all things sees the heart,the lord of all things sees the heart
the tethering the rope holds river boat at,the tethering rope holds the boat at river,the tethering rope holds the boat at river
high star desert a hill the from emerges,a star emerges from the high desert hill,a star emerges from the high desert hill
peace a in the city find people thousand,a thousand people find peace in the city,a thousand people find peace in the city
scroll and woman opens reads inside slowly papyrus,woman opens papyrus scroll and reads slowly inside,woman opens papyrus scroll and reads slowly inside
the peace ka temple the in finds spirit,the spirit ka finds peace in the temple,the spirit ka finds peace in the temple
adze for an the uses chair scribe the,the scribe uses an adze for the chair,the scribe uses an adze for the chair
near finds a youth gate a stone the,a youth finds a stone near the gate,a youth finds a stone near the gate
man stool the upon the sits mat old,the old man sits upon the stool mat,the old man sits upon the stool mat
makes about the scribe heart writing the a,the scribe makes a writing about the heart,the scribe makes a writing about the heart
to his ring daughter a father a gives,a father gives a ring to his daughter,a father gives a ring to his daughter
calmly scribe papyrus light fire by scroll studies,scribe studies papyrus scroll by fire light calmly,scribe studies papyrus scroll scroll by fire light calmly
hears at owl man night behind house,man hears owl behind house at night,man hears owl behind house at night
flax a rope man binds into the twisted,a man binds the twisted flax into rope,a man binds the twisted flax into rope
the horizon becomes star a a in god,a star becomes a god in the horizon,a star becomes a god in the horizon
door a cobra powerful above sits the gate,a powerful cobra sits above the gate door,a powerful cobra sits above the gate door
king power with strengthens backbone god great of,god strengthens backbone of king with power great,god strengthens backbone of king with power great
gate sits a cobra door powerful the above,a powerful cobra sits above the gate door,a powerful cobra sits above the gate door
near belly is the the animal bank river,the animal belly is near the river bank,the animal belly is near the river bank
upon with great head places king authority crown,king places crown upon head with authority great,king places crown upon head with authority great
man adze with the an the wood cuts,the man with an adze cuts the wood,the man with an adze cuts the wood
becomes a star a man of soul the,the soul of a man becomes a star,the soul of a man becomes a star
a authority beautiful sees with man sky the,a man with authority sees the beautiful sky,a man with authority sees the beautiful sky
the city great thousand people to walk a,a thousand people walk to the great city,a thousand people walk to the great city
house protects club with the man a a,a man with a club protects the house,a man with a club protects the house
the scribe a the to people truth speaks,a scribe speaks the truth to the people,a scribe speaks the truth to the people
the lotus reed shelter grows a plant near,a lotus plant grows near the reed shelter,a lotus plant grows near the reed shelter
son birth beautiful mother gives a the to,the mother gives birth to a beautiful son,the mother gives birth to a beautiful son
to a jar the a carries master servant,a servant carries a jar to the master,a servant carries a jar to the master
bird reed beautiful on the a sits shelter,a beautiful bird sits on the reed shelter,a beautiful bird sits on the reed shelter
senet master the on plays great board the,the master plays on the great senet board,the master plays on the great senet board
seat king upon a the of gold sits,a king sits upon the seat of gold,a king sits upon the seat of gold
the lord the things of all sees truth,the lord of all things sees the truth,the lord of all things sees the truth
father to conical servant a gives a loaf,a servant gives a conical loaf to father,a servant gives a conical loaf to father
sees the lord of all things the truth,the lord of all things sees the truth,the lord of all things sees the truth
path ka finds the spirit the sky to,the spirit ka finds the path to sky,the spirit ka finds the path to sky
the shelter sits a chick inside quail reed,a quail chick sits inside the reed shelter,a quail chick sits inside the reed shelter
king authority great emerges with palace from,king emerges from palace with great authority,king emerges from palace with great authority
chick quail a in papyrus the hides clump,a quail chick hides in the papyrus clump,a quail chick hides in the papyrus clump
the all hears master of people the plea,the master of all people hears the plea,the master of all people hears the plea
desert great moves over land the storm the,the great storm moves over the desert land,the great storm moves over the desert land
of heart scribe the the hears the people,the scribe hears the heart of the people,the scribe hears the heart of the people
is a the of scribe very heart sweet,the heart of a scribe is very sweet,the heart of a scribe is very sweet
of people soul lord great the sees the,the great lord sees the soul of people,the great lord sees the soul of people
grows in plant ripple lotus the water the,the lotus plant grows in the water ripple,the lotus plant grows in the water ripple
to swallow the flies bank the river great,the swallow flies to the great river bank,the swallow flies to the great river bank
star a sky night emerges great the from,a star emerges from the great night sky,a star emerges from the great night sky
star of is above house life a the,a star is above the house of life,a star is above the house of life
of a truth finds scribe the heart the,a scribe finds the heart of the truth,a scribe finds the heart of the truth
the field king sees great of grain the,the great king sees the field of grain,the great king sees the field of grain
people king great and holds above city power,king holds power above city and people great,king holds power above city and people great
distances the swallow great river the over flies,the swallow flies great distances over the river,the swallow flies over the great river
woman field a with the basket sees a,a woman with a basket sees the field,a woman with a basket sees the field
very good is heart youth of the a,the heart of a youth is very good,the heart of a youth is very good
the city carries servant to grain gate a,a servant carries grain to the city gate,a servant carries grain to the city gate
grain of thousand a king are jars for,a thousand jars of grain are for king,a thousand jars of grain are for king
morning opens plant light lotus the the in,the lotus plant opens in the morning light,the lotus plant opens in the morning light
on beautiful city wall the bird a sits,a beautiful bird sits on the city wall,a beautiful bird sits on the city wall
the great temple the spirit ka in exists,the spirit ka exists in the great temple,the spirit ka exists in the great temple
stool with adze a the man an makes,a man with an adze makes the stool,a man with an adze makes the stool
goddess the to man great speaks old the,the old man speaks to the great goddess,the old man speaks to the great goddess
is sweet heart of a very the mother,the heart of a mother is very sweet,the heart of a mother is very sweet
gently clay woman into ripple water pours jar,woman pours water ripple into clay jar gently,woman pours water ripple into clay jar gently
the heart sees god great the of man,the great god sees the heart of man,the great god sees the heart of man
the of woman mother voice hears the a,a woman hears the voice of the mother,a woman hears the voice of the mother
fields a gives grain a of thousand king,a king gives a thousand fields of grain,a king gives a thousand fields of grain
the sits man old mat the upon stone,the old man sits upon the stone mat,the old man sits upon the stone mat
of a shines the above life house star,a star shines above the house of life,a star shines above the house of life
the upon seat of king sits authority a,a king sits upon the seat of authority,a king sits upon the seat of authority
a with man the a house club protects,a man with a club protects the house,a man with a club protects the house
field gathering for food mother walks grain household,mother walks field gathering grain for household food,mother walks field gathering grain for household food
thousand above hill the desert a stars shine,a thousand stars shine above the desert hill,a thousand stars shine above the desert hill
finds youth the a stone a in lake,a youth finds a stone in the lake,a youth finds a stone in the lake
temple the in seen a is beautiful face,a beautiful face is seen in the temple,a beautiful face is seen in the temple
high swallow wall over city the flies a,a swallow flies over the high city wall,a swallow flies over the high city wall
after storm under gather peacefully people sky,people gather under sky after storm peacefully,people gather under sky after storm peacefully
brings jars a servant in rack a the,a servant brings the jars in a rack,a servant brings the jars in a rack
the stone the a of lord field finds,the lord of the field finds a stone,the lord of the field finds a stone
thousand city the walk people a great to,a thousand people walk to the great city,a thousand people walk to the great city
the in youth finds a sand a ring,a youth finds a ring in the sand,a youth finds a ring in the sand
sky night filled star beneath woman stands,woman stands beneath star filled night sky,woman stands beneath star filled night sky
hill storm moves the across the west great,the great storm moves across the west hill,the great storm moves across the west hill
senet on a the king board plays great,a king plays on the great senet board,a king plays on the great senet board
writes scribe scroll the a papyrus white on,the scribe writes on a white papyrus scroll,a scribe writes on the white papyrus scroll
man today fox the skins finds three a,a man finds the three fox skins today,a man finds the three fox skins today
the the god backbone is truth of the,the backbone of the god is the truth,the backbone of the god is the truth
peace of is star a house the above,a star is above the house of peace,a star is above the house of peace
speaks people before old wisdom peacefully man,old man speaks wisdom before people peacefully,old man speaks wisdom before people peacefully
her the with a face woman mirror sees,the woman with a mirror sees her face,the woman with a mirror sees her face
a heart chisel a uses the for scribe,a scribe uses a chisel for the heart,a scribe uses a chisel for the heart
flies green over the papyrus clump swallow a,a swallow flies over the green papyrus clump,a swallow flies over the green papyrus clump
heart woman a of very the is good,the heart of a woman is very good,the heart of a woman is very good
the house gold shines the star above of,the star shines above the house of gold,the star shines above the house of gold
man god the to life great the gives,the great god gives life to the man,the great god gives life to the man
of venerated the marrow the is man life,the venerated marrow is the life of man,the venerated marrow is the life of man
chisel for scribe uses the a a heart,a scribe uses a chisel for the heart,a scribe uses a chisel for the heart
with reverence father follows youth temple into,youth follows father into temple with reverence,youth follows father into temple with reverence
above the life star of house shines a,a star shines above the house of life,a star shines above the house of life
thousand the life house of build bricks a,a thousand bricks build the house of life,a thousand bricks build the house of life
side good rib is the of ox the,the side rib of the ox is good,the side rib of the ox is good
the word hears a youth the of mother,a youth hears the word of the mother,a youth hears the word of the mother
lord of heart all sees the the things,the lord of all things sees the heart,the lord of all things sees the heart
of the very snake the long is backbone,the backbone of the snake is very long,the backbone of the snake is very long
shelter runs reed to hare the desert the,the desert hare runs to the reed shelter,the desert hare runs to the reed shelter
desert mountain a great shines star above the,a star shines above the great desert mountain,a star shines above the great desert mountain
shelter the the runs reed hare to desert,the desert hare runs to the reed shelter,the desert hare runs to the reed shelter
great bank swallow above the the flies river,the great swallow flies above the river bank,the great swallow flies above the river bank
of sees master the house the field the,the master of the house sees the field,the master of the house sees the field
king judging throne upon fairness with sits people,king sits upon throne judging people with fairness,king sits upon throne judging people with fairness
field finds chick the the grain quail in,the quail chick finds grain in the field,the quail chick finds grain in the field
the tethering rope a becomes strong twisted flax,the twisted flax becomes a strong tethering rope,the twisted flax becomes a strong tethering rope
mats inside rest on people work after house,people rest on mats inside house after work,people rest on mats inside house after work
god the youth a sees the of eye,a youth sees the eye of the god,a youth sees the eye of the god
horizon town beyond toward travels road western king,king travels road beyond town toward western horizon,king travels road beyond town toward western horizon
of enters the man ka the spirit body,the spirit ka enters the body of man,the spirit ka enters the body of man
swallow the papyrus clump green from flies a,a swallow flies from the green papyrus clump,a swallow flies from the green papyrus clump
altar is the of backbone on fish the,the backbone of the fish is on altar,the backbone of the fish is on altar
gives a father youth a his ring to,a father gives a ring to his youth,a father gives a ring to his youth
water grows plant ripple near the the lotus,the lotus plant grows near the water ripple,the lotus plant grows near the water ripple
stone the is a bird head on wall,a bird head is on the stone wall,a bird head is on the stone wall
of hears heart the people the scribe the,the scribe hears the heart of the people,the scribe hears the heart of the people
peace a star house is above of the,a star is above the house of peace,a star is above the house of peace
the a side mountain emerges above star high,a star emerges above the high mountain side,a star emerges above the high mountain side
loaf gives servant a to the lord the,the lord gives a loaf to the servant,the lord gives a loaf to the servant
woman to brings altar a a the lotus,a woman brings a lotus to the altar,a woman brings a lotus to the altar
beautiful a gives goddess child the to birth,the goddess gives birth to a beautiful child,the goddess gives birth to a beautiful child
stone a lake a youth in the finds,a youth finds a stone in the lake,a youth finds a stone in the lake
of the the grain great sees field king,the great king sees the field of grain,the great king sees the field of grain
house gives the master the sweet of milk,the master of the house gives sweet milk,the master of the house gives sweet milk
over flies the high mountain peak swallow a,a swallow flies over the high mountain peak,a swallow flies over the high mountain peak
away slope far hill the is very desert,the desert hill slope is very far away,the desert hill slope is very far away
stone within wall ka exists the the spirit,the spirit ka exists within the stone wall,the spirit ka exists within the stone wall
milk servant a sweet of carries a jar,a servant carries a jar of sweet milk,a servant carries a jar of sweet milk
skins finds a peace three with man fox,a man with three fox skins finds peace,a man with three fox skins finds peace
the of seat power upon a king sits,a king sits upon the seat of power,a king sits upon the seat of power
life mother town and people for love peace,mother love life and peace for people town,mother love life and peace for people town
the very sweet the of is heart goddess,the heart of the goddess is very sweet,the heart of the goddess is very sweet
and god at dawn underground rises dwells,god dwells underground and rises at dawn,god dwells underground and rises at dawn
of the is the fish on altar backbone,the backbone of the fish is on altar,the backbone of the fish is on altar
thousand peace a to the people way find,a thousand people find the way to peace,a thousand people find the way to peace
plows and field hoe strength with man,man plows field with hoe and strength,man plows field with hoe and strength
above bank the river the great swallow flies,the great swallow flies above the river bank,the great swallow flies above the river bank
upon mat a the stool small man sits,a man sits upon the small stool mat,a man sits upon the small stool mat
the basket a sits of on head bird,the head of bird sits on a basket,the head of bird sits on a basket
man speaks the the with god old great,the old man speaks with the great god,the old man speaks with the great god
milk the king a for jar brings servant,the servant brings a milk jar for king,the servant brings a milk jar for king
star becomes god a sky in the a,a star becomes a god in the sky,a star becomes a god in the sky
the thick a snake papyrus moves clump under,a snake moves under the thick papyrus clump,a snake moves under the thick papyrus clump
mother child stands gate return awaiting at,mother stands at gate awaiting child return,mother stands at gate awaiting child return
braids doorway beside quietly house mother rope flax,mother braids flax rope beside house doorway quietly,mother braids flax rope beside house doorway quietly
on side altar ox rib the is of,the side rib of ox is on altar,the side rib of ox is on altar
gives great of power life light the the,the great power of life gives the light,the great power of life gives the light
reads scribe the in book temple a the,a scribe reads the book in the temple,a scribe reads the book in the temple
temple ka exists the great spirit within the,the spirit ka exists within the great temple,the spirit ka exists within the great temple
gate seeking dawn at together peace cross people,people cross gate at dawn seeking peace together,people cross gate at dawn seeking peace together
storm moves the the peak great over mountain,the great storm moves over the mountain peak,the great storm moves over the mountain peak
storm does a man the not fear great,a man does not fear the great storm,a man does not fear the great storm
crown places upon god power of king,god places crown of power upon king,god places crown of power upon king
shines the above star the of fire mountain,the star shines above the mountain of fire,the star shines above the mountain of fire
door a the gate secures bolt strong temple,a strong door bolt secures the temple gate,a strong door bolt secures the temple gate
into carefully scribe carries inside board house senet,scribe carries senet board into house carefully inside,scribe carries senet board into house carefully inside
find the city people in a peace thousand,a thousand people find peace in the city,a thousand people find peace in the city
beautiful the a goddess birth gives to child,the goddess gives birth to a beautiful child,the goddess gives birth to a beautiful child
quail inside hides the the shelter reed chick,the quail chick hides inside the reed shelter,the quail chick hides inside the reed shelter
servant a gives goddess to jar the a,a servant gives a jar to the goddess,a servant gives a jar to the goddess
power throne sits a on of the king,a king sits on the throne of power,a king sits on the throne of power
carries town papyrus into today scroll carefully scribe,scribe carries papyrus scroll into town carefully today,scribe carries papyrus scroll into town carefully today
the great shine thousand stars sky a in,a thousand stars shine in the great sky,a thousand stars shine in the great sky
a shelter inside the reed quail sits chick,a quail chick sits inside the reed shelter,a quail chick sits inside the reed shelter
the man god voice of the old hears,the old man hears the voice of god,the old man hears the voice of god
cuts beside reed man riverbank carefully leaf,man cuts reed leaf beside riverbank carefully,man cuts reed leaf beside riverbank carefully
great king authority a the with field sees,a king with authority sees the great field,a king with authority sees the great field
ka gate enters temple spirit through the the,the spirit ka enters through the temple gate,the spirit ka enters through the temple gate
stone of is the king made throne the,the throne of the king is made stone,the throne of the king is made stone
the of upon king throne gold a sits,a king sits upon the throne of gold,a king sits upon the throne of gold
sits youth watching lake quietly stars by above,youth sits by lake watching stars above quietly,youth sits by lake watching stars above quietly
of the old the hears sound man water,the old man hears the sound of water,the old man hears the sound of water
around securely tethering man vessel ties rope,man ties tethering rope around vessel securely,man ties tethering rope around vessel securely
great lord finds the of content things all,the lord of all things finds great content,the lord of all things finds great content
peak great mountain is a star the above,a star is above the great mountain peak,a star is above the great mountain peak
youth the the sees cobra behind a wall,a youth sees the cobra behind the wall,a youth sees the cobra behind the wall
reads woman inside papyrus opens slowly scroll and,woman opens papyrus scroll and reads slowly inside,woman opens papyrus scroll and reads slowly inside
near fire shelter great reed a the burns,a great fire burns near the reed shelter,a great fire burns near the reed shelter
god seated speaks to man the old the,the old man speaks to the seated god,the old man speaks to the seated god
scribe truth a speaks to the the people,a scribe speaks the truth to the people,a scribe speaks the truth to the people
cuts a the man with sickle papyrus a,a man cuts the papyrus with a sickle,a man cuts the papyrus with a sickle
brings servant a in a the jars rack,a servant brings the jars in a rack,a servant brings the jars in a rack
to father the gives the book a scribe,the father gives a book to the scribe,the father gives a book to the scribe
uses the wall on a chisel scribe a,a scribe uses a chisel on the wall,a scribe uses a chisel on the wall
the tilled with earth man a a hoe,a man with a hoe tilled the earth,a man with a hoe tilled the earth
and people stars sky under celebrate life,people celebrate life under stars and sky,people celebrate life under stars and sky
man plows a strength the great with field,a man plows the field with great strength,a man plows the field with great strength
things the the power gives of all lord,the lord of all things gives the power,the lord of all things gives the power
power of in life is the great man,the great power of life is in man,the great power of life is in man
cobra moves under a door bolt large the,a cobra moves under the large door bolt,a cobra moves under the large door bolt
are for king milk jars of thousand a,a thousand jars of milk are for king,a thousand jars of milk are for king
a king sits seat upon the stone of,a king sits upon the seat of stone,a king sits upon the seat of stone
on cold the stone the is belly animal,the animal belly is on the cold stone,the animal belly is cold on the stone
moves the storm great town desert the over,the great storm moves over the desert town,the great storm moves over the desert town
the of very sweet a scribe heart is,the heart of a scribe is very sweet,the heart of a scribe is very sweet
peacefully bread upon offering places altar woman loaf,woman places bread loaf upon altar offering peacefully,woman places bread loaf upon altar offering peacefully
bird the temple above gate a head sits,a bird head sits above the temple gate,a bird head sits above the temple gate
opens and enters house door man safely peace,man opens door and enters house safely peace,man opens door and enters house safely peace
water the a thousand in blue swim fish,a thousand fish swim in the blue water,a thousand fish swim in the blue water
gold of the star shines above the house,the star shines above the house of gold,the star shines above the house of gold
across moves the hill desert a great storm,a great storm moves across the desert hill,a great storm moves across the desert hill
a to youth the gives a father ring,a father gives a ring to the youth,a father gives a ring to the youth
bone venerated marrow the gives the life to,the venerated marrow gives life to the bone,the venerated marrow gives life to the bone
king for milk a servant carries jar a,a servant carries a milk jar for king,a servant carries a milk jar for king
carries temple milk to a servant jar a,a servant carries a milk jar to temple,a servant carries a milk jar to temple
a the great hill moves across storm desert,a great storm moves across the desert hill,a great storm moves across the desert hill
to brings offering god peace temple for woman,woman brings offering to temple for god peace,woman brings offering to temple for god peace
a scribe the about the makes writing heart,the scribe makes a writing about the heart,a scribe makes the writing about the heart
gives the a to child beautiful birth mother,the mother gives birth to a beautiful child,the mother gives birth to a beautiful child
the a house thousand bricks build life of,a thousand bricks build the house of life,a thousand bricks build the house of life
head stone the is wall a bird on,a bird head is on the stone wall,a bird head is on the stone wall
field bird woman hears a the in the,a woman hears the bird in the field,a woman hears the bird in the field
lotus near lake plant together sunrise people before,people plant lotus near lake before sunrise together,people plant lotus near lake before sunrise together
the door for the city is bolt gate,the door bolt is for the city gate,the door bolt is for the city gate
heart very a the mother is of sweet,the heart of a mother is very sweet,the heart of a mother is very sweet
