Input,Target,Prediction
hears mouth king voice people,king hears voice mouth people,king hears voice mouth people
brick town door shelter reed house city / gate bolt town,gate door bolt reed shelter brick house city / town town,gate door bolt reed shelter brick house city / town town
negation     /     beautiful     make     (no/not)     good     thing     do     heart     /     fear,negation (no/not) do / make thing beautiful / good heart fear,negation (no/not) do / make gate peace / satisfy heart
walk town road people to,people walk road to town,people walk road to town
god deity seated man woman people great temple seated,temple god deity seated man seated woman people great,temple god deity seated man seated woman people great
youth love / heart begets gives good beautiful mother birth /,mother gives birth / begets youth heart love beautiful / good,mother gives birth / begets youth heart love beautiful / good
star swallow god sky horizon emerges,god emerges horizon sky star swallow,god emerges horizon sky swallow star
authority thousand lord king every holds,king holds authority lord every thousand,king holds authority lord every thousand
stool vessel basket handle / ring with jar jar milk mat,stool / mat basket with handle ring vessel jar milk jar,stool / mat basket with handle ring vessel jar milk jar
/ woman woman seated mother youth good heart beautiful,beautiful / good woman youth seated woman mother heart,beautiful / good woman youth seated woman mother heart
lotus river lake plant swallow ripple owl water,lake river water ripple lotus plant swallow owl,lake river water ripple lotus plant swallow owl
heart / sweet example) drink / mouth (or speak eat / like as,mouth eat / drink / speak heart sweet like / as (or example),mouth eat / drink / speak heart sweet like / as (or example)
backbone forearm animal hand belly heart foot,hand forearm foot animal belly backbone heart,hand forearm foot animal belly backbone heart
make do temple to adze stone building brick chisel /,chisel adze to do / make stone brick temple building,chisel adze to do / make stone brick temple building
truth heart deity feather god ba maat,feather truth maat god deity heart ba,feather truth maat god deity heart ba
people deity god honor authority power,people honor god deity power authority,people honor god deity power authority
basket all) ring board do thing make (lord senet / hand / to,senet board ring basket (lord / all) thing to do / make hand,senet board ring basket (lord / all) thing to do / make hand
jar milk vessel altar rack / peace offering jar jars in,milk jar vessel jar jars in rack offering peace / altar,milk jar vessel jar jars in rack offering peace / altar
scroll write upon book papyrus scribe,scribe write book upon papyrus scroll,scribe write book upon papyrus scroll
west emerges sky horizon mountain god,god emerges sky horizon west mountain,god emerges sky horizon west mountain
the sees all god people,the god sees all people,the god sees all people
under people live open sky,people live under open sky,people live under open sky
ripple like lotus water example) / (or sweet plant as heart,heart sweet like / as (or example) lotus plant water ripple,heart sweet like / as (or example) lotus plant water ripple
authority ankh stability djed god power life,life ankh stability djed god authority power,life ankh stability djed god authority power
town god opens gate city house,god opens gate city town house,god opens gate house town city
rests reed mat man shelter,man rests reed shelter mat,man rests house mat reed shelter
hill man desert west walks road,man walks road desert hill west,man walks road desert hill west
holds king strength authority power,king holds power authority strength,king holds power authority strength
woman youth placenta gives life,woman gives life placenta youth,woman gives life placenta youth
life animal heart backbone desert hare belly,desert hare animal belly backbone heart life,desert hare animal belly backbone heart life
jar jars rack jar vessel jar milk in offering,jar jars in rack vessel jar milk jar offering,jar jars in rack vessel jar milk jar offering
peace / offering / satisfy loaf god conical deity every heart lord / (give),conical loaf (give) offering peace / satisfy heart god / deity lord / every,conical loaf (give) offering peace / satisfy heart god / deity lord / every
ba horizon watches soul sky god,god watches soul ba sky horizon,god watches soul ba sky horizon
god ba soul sky watches west,god watches soul ba sky west,god watches soul ba sky west
people     god     honor     offering     with,people honor god with offering,people honor god with offering
vessel stool handle in rack milk mat jars jar / with jar basket,jars in rack vessel jar milk jar basket with handle stool / mat,jars in rack vessel jar milk jar basket with handle stool / mat
as conical offering sweet loaf / (or (give) heart example) like / satisfy peace,conical loaf (give) offering peace / satisfy heart sweet like / as (or example),conical loaf (give) offering peace / satisfy heart sweet like / as (or example)
protects king town city people,king protects city town people,king protects city town people
(tills) man plows pellet / servant hoe sickle field grain cut,sickle cut grain / pellet field servant man hoe plows (tills),sickle cut grain / pellet field servant man hoe plows (tills)
youth good heart woman / seated mother woman beautiful,beautiful / good woman youth seated woman mother heart,beautiful / good woman youth seated woman mother heart
/ fox sedge king / strength three power he authority force skins king,three fox skins strength / force power authority king he / king sedge,three fox skins strength / force power authority king he / king sedge
sky hill mountain above star horizon desert,sky horizon star above mountain desert hill,sky horizon star above mountain desert hill
jar in milk vessel jar rack jars,jars in rack vessel jar milk jar,jars in rack vessel jar milk jar
do plow father field like man,man plow field like father do,man plow field like father do
desert belly animal hare become food,desert hare become food animal belly,desert hare become food animal belly
ring flax coil rope of thing tethering rope twisted rope,tethering rope coil of rope twisted flax rope ring thing,tethering rope coil of rope twisted flax ring thing
mountain desert fire storm sky hill above,storm fire above mountain desert hill sky,storm fire above mountain desert hill sky
ripple water river lotus swallow riverbank plant lake,river riverbank lake water ripple lotus plant swallow,river riverbank water ripple lotus plant lake swallow
become     horizon     emerge     scarab     ankh     star     life,become scarab emerge life ankh horizon star,become scarab emerge life ankh horizon star
river plant water ripple above lotus,river water ripple above lotus plant,river water ripple above lotus plant
milk mat jar handle jar / with stool vessel ring basket,stool / mat basket with handle ring vessel jar milk jar,stool / mat basket with handle ring vessel jar milk jar
king town rules people city power,king rules people city town power,king rules city town people power
papyrus clump people gather writing,people gather papyrus clump writing,people gather papyrus clump writing
star     sky     swallow     west     god     watches,god watches star sky swallow west,god watches star sky swallow west
water lake owl swallow plant river lotus ripple riverbank,river riverbank lake water ripple lotus plant swallow owl,river riverbank lake water ripple lotus plant swallow owl
force gives strength backbone god,god gives strength force backbone,god gives strength force backbone
temple cut / stone deity brick adze god chisel,adze chisel cut stone brick temple god / deity,adze chisel cut stone brick temple god / deity
/ papyrus heart eye scroll writing scribe scribe hand,scribe writing / scribe papyrus scroll hand eye heart,scribe writing / scribe papyrus scroll hand eye heart
bolt house door reed brick gate shelter town,door bolt gate reed shelter brick house town,door bolt gate reed shelter brick house town
authority throne seat ring king power,ring throne seat king power authority,ring throne seat king power authority
sky desert people storm fire fear,people fear storm fire desert sky,people fear fire storm sky desert
town people reed city shelter house,reed shelter house people town city,reed shelter house people town city
gate house god exists found opens,god opens exists found house gate,god opens exists found house gate
town king god road master all lord city,road city town master lord all king god,road city town master lord all king god
power king holds authority strength,king holds power authority strength,king holds power authority strength
king the all sees people,the king sees all people,the king sees all people
thing make twisted flax coil of rope rope,twisted flax rope coil of rope thing make,twisted flax rope coil of rope thing make
the stability djed brings god,the god brings stability djed,the god brings stability djed
horizon ka emerge soul ba life spirit,ka spirit ba soul emerge life horizon,ka spirit ba soul emerge life horizon
god offering gives pellet king grain,king gives offering grain pellet god,king gives offering grain pellet god
live     city     house     people     town,people live house city town,people live house city town
river lake swallow plant water lotus riverbank ripple,river riverbank lake water ripple lotus plant swallow,river riverbank lake water ripple lotus plant swallow
book beautiful good scroll papyrus / writing scribe scribe / thing,scribe writing / scribe book papyrus scroll beautiful / good thing,scribe writing / scribe papyrus scroll book beautiful / good thing
hill road desert follow people mountain,people follow road mountain hill desert,people follow road mountain hill desert
building cut gate stone chisel adze,adze chisel cut stone building gate,adze chisel cut stone building gate
marker)     single     great     /     (plural     /     big     mighty     stroke     great     stroke     thing,single stroke stroke (plural marker) thing great / big great / mighty,single stroke stroke (plural marker) papyrus scroll scribe writing / scribe book
people king voice heart god hears,king hears voice heart people god,king hears voice heart god people
road man walks horizon desert west,man walks road desert west horizon,man walks road desert west horizon
/ begets altar / youth mother gives (ankh) life peace father birth,father mother youth gives birth / begets life (ankh) peace / altar,father mother youth gives birth / begets life (ankh) peace / altar
marker) book stroke writing single / (plural thing stroke papyrus scribe scribe,single stroke stroke (plural marker) thing writing / scribe book scribe papyrus,single stroke stroke (plural marker) thing writing / scribe book scribe papyrus
youth beautiful good become / (ankh) life placenta to become,placenta become to become life (ankh) youth beautiful / good,placenta become to become life (ankh) youth beautiful / good
temple hears prayer in god the,the god hears prayer in temple,the god hears prayer in temple
brick / temple make chisel stone adze building do to,chisel adze to do / make stone brick temple building,chisel adze to do / make stone brick temple building
people prayer king of hears the,the king hears prayer of people,the king hears prayer of people
field like father man plow do,man plow field like father do,man plow field like father do
god star horizon swallow sky emerges,god emerges horizon sky star swallow,god emerges horizon sky star swallow
snake viper cobra woman man fear horned,cobra snake horned viper fear man woman,cobra snake horned viper fear man woman
good beautiful book scribe write thing,scribe write book thing beautiful good,scribe write book thing beautiful good
desert snake viper people fear horned,people fear horned viper snake desert,people fear horned viper snake desert
water plant above lotus ripple river,river water ripple above lotus plant,river water ripple above lotus plant
jar loaf milk bread peace of lord offering servant,servant offering milk jar loaf of bread lord peace,servant offering milk jar loaf of bread lord peace
grants god djed stability the,the god grants stability djed,the god grants stability djed
gather scroll writing people papyrus,people gather papyrus scroll writing,people gather papyrus scroll writing
god sits throne king seated,king sits seated god throne,king sits seated god throne
ring senet do to make / thing forearm hand board,senet board ring thing to do / make hand forearm,senet board ring thing to do / make hand forearm
prayer hears the of king people,the king hears prayer of people,the king hears prayer of people
rules city town the king,the king rules city town,the king rules city town
writing stroke scribe stroke / papyrus single scroll scribe book (plural thing marker),single stroke stroke (plural marker) papyrus scroll book scribe writing / scribe thing,single stroke stroke (plural marker) papyrus scroll book scribe writing / scribe thing
hears     voice     of     king     god     the,the king hears voice of god,the king hears voice of god
plant lotus clump papyrus plant riverbank river lake,riverbank papyrus clump plant lotus plant lake river,riverbank papyrus clump plant lotus plant lake river
fear horned snake desert people viper,people fear horned viper snake desert,people fear horned viper snake desert
power king the words of speaks,the king speaks words of power,the king speaks words of power
hears god great people the,the great god hears people,the great god hears people
stroke single stroke papyrus marker scribe plural scroll book writing,single stroke stroke plural marker papyrus scroll writing scribe book,single stroke stroke plural marker papyrus scroll writing scribe book
hoe plows grain people (tills) pellet field servant / man,hoe plows (tills) field grain / pellet servant man people,hoe plows (tills) field grain / pellet servant man people
give mother life father and,father and mother give life,father and mother give life
altar jar vessel offering jar / milk of bread loaf peace,loaf of bread milk jar vessel jar offering peace / altar,loaf of bread milk jar vessel jar offering peace / altar
pillar throne king sits seat stability,king sits throne seat pillar stability,king sits throne seat pillar stability
swallow     man     sees     sky     star     great,man sees swallow great sky star,man sees swallow great sky star
with field man works hoe,man works field with hoe,man works field with hoe
jar of servant lord milk peace loaf bread offering,servant offering milk jar loaf of bread lord peace,servant offering milk jar loaf of bread lord peace
sky horizon west god star watches,god watches star sky horizon west,god watches star sky horizon west
people basket all love god lord,basket lord all people love god,basket lord all people love god
grants power force strength god authority,god grants authority power strength force,god grants authority power strength force
people god all lord basket love,basket lord all people love god,basket lord all people love god
sky     (ankh)     emerge     star     become     life     horizon     scarab,become scarab emerge life (ankh) horizon star sky,life (ankh) emerge star sky
altar great god fire temple above peace,fire above peace altar god great temple,fire above peace altar god great temple
woman gives birth youth to,woman gives birth to youth,woman gives birth to youth
sky west star swallow mountain great emerge,swallow great emerge sky star mountain west,swallow great emerge sky star mountain west
king lord rules every people thousand,king rules lord every thousand people,king rules lord every thousand people
hear speak maat eat feather listen mouth truth drink,hear listen mouth eat drink speak truth maat feather,hear listen mouth eat drink speak truth maat feather
/ ring basket house handle stone brick jar stool with mat,stool / mat ring basket with handle jar brick stone house,stool / mat ring basket with handle jar brick stone house
offering bread people loaf temple gather,people gather offering bread loaf temple,people gather offering bread loaf temple
swallow bird chick of head animal ox quail owl head of,quail chick swallow owl head of bird head of ox animal,quail chick swallow owl head of bird head of ox animal
youth / father gives / birth ankh life begets mother,father mother gives birth / begets youth life / ankh,father mother gives birth / begets youth life / ankh
king power authority god grants people,god grants power authority king people,god grants power authority king people
authority power ankh life great djed stability,life ankh stability djed power authority great,life ankh stability djed power authority great
force king rules with strength the,the king rules with strength force,the king rules with strength force
man god to the brings life,the god brings life to man,the god brings life to man
owl horizon ba star soul sky hear,owl hear soul ba star sky horizon,owl hear soul ba star sky horizon
plows grain (tills) pellet field thousand servant hoe /,thousand grain / pellet hoe plows (tills) field servant,thousand grain / pellethoe plows (tills) field servant
give temple people to offering,people give offering to temple,people give offering to temple
conical lord pellet thousand loaf (give) offering / / god grain deity,thousand grain / pellet offering conical loaf (give) god / deity lord,thousand grain / pellet offering conical loaf (give) god / deity lord
temple brings altar the peace god,the god brings peace altar temple,the god brings peace altar temple
underground upon back face side above behind rib horizon,above behind back face upon side rib underground horizon,above behind back face upon side rib underground horizon
sits djed king seat stability throne,king sits seat throne stability djed,king sits seat throne stability djed
hears king heart people mouth,king hears people mouth heart,king hears people mouth heart
woman carries house milk jar,woman carries milk jar house,woman carries milk jar house
horizon     sky     underground     above     mountain     star,above underground horizon sky star mountain,above underground horizon sky star mountain
clump     leaf     plant     lotus     lake     plant     papyrus     reed     field,lotus plant papyrus clump reed leaf plant field lake,lotus plant plant reed leaf papyrus clump lake riverbank
behind     hill     mountain     walks     man,man walks behind mountain hill,man walks behind mountain hill
board to eye / hand thing ring do make senet,senet board ring thing to do / make hand eye,senet board ring thing to do / make hand eye
basket grain handle man carries,man carries basket handle grain,man carries basket handle grain
offering temple the gives king,the king gives offering temple,the king gives offering temple
mat jar vessel ring handle stool stone basket with /,stool / mat basket with handle ring vessel jar stone,stool / mat basket with handle ring vessel jar stone
town to hill road mountain desert desert return slope / retreat hill,to return / retreat road mountain desert hill desert hill slope town,to return / retreat road mountain desert hill desert hill slope town
field     grain     cut     man     sickle     pellet     servant,sickle cut grain pellet field servant man,sickle cut grain pellet field man servant
slope hill river road lake mountain desert,road river lake mountain hill slope desert,road river lake mountain hill slope desert
desert mountain desert / slope hill to retreat road hill return town,to return / retreat road mountain desert hill desert hill slope town,to return / retreat road mountain desert hill desert hill slope town
sky desert storm mountain fire star horizon hill,fire storm sky star horizon mountain desert hill,fire storm sky star horizon mountain desert hill
over the watches city god,the god watches over city,the god watches over city
road     gate     people     city     town     follow,people follow road gate town city,people follow road gate town city
people mouth king hears heart god,king hears heart mouth people god,king hears heart mouth people god
fox king / force strength authority skins club three power,three fox skins strength / force club power authority king,three fox skins strength / force club power authority king
deity / / grain vessel pellet god jar offering thousand,thousand grain / pellet vessel jar offering god / deity,thousand grain / pellet vessel jar offering god / deity
storm people sky fire fear,people fear storm fire sky,people fear storm fire sky
pellet man eats grain bread,man eats grain pellet bread,man eats grain pellet bread
gives king offering god the to,the king gives offering to god,the king gives offering to god
flax carries man twisted rope coil,man carries rope coil twisted flax,man carries rope coil twisted flax
authority king behind follows man,man follows behind king authority,man follows behind king authority
papyrus ripple leaf lake plant plant reed water clump lotus,lotus plant plant reed leaf papyrus clump lake water ripple,lotus plant plant reed leaf papyrus clump lake water ripple
god / deity every / lord great / big great thing thousand mighty /,thousand thing great / big great / mighty god / deity lord / every,thousand thing great / big great / mighty god / deity lord / every
water jar drinks man ripple lake,man drinks water ripple lake jar,man drinks water ripple lake jar
(ankh) beautiful woman seated youth woman heart good life / mother,beautiful / good woman youth seated woman mother heart life (ankh),beautiful / good woman youth seated woman mother heart life (ankh)
bread offer of people loaf,people offer loaf of bread,people offer loaf of bread
fear desert snake cobra people,people fear snake cobra desert,people fear snake cobra desert
thing great do strength force hand,hand do thing great strength force,hand do thing great strength force
(ankh) life youth become beautiful to / placenta become good,placenta become to become life (ankh) youth beautiful / good,placenta become to become life (ankh) youth beautiful / good
strength holds force king authority,king holds authority strength force,king holds authority strength force
watches god sky star in the,the god watches star in sky,the god watches star in sky
peace offering content (give) / altar / conical (satisfied) heart loaf peace,conical loaf (give) offering peace / altar peace / content (satisfied) heart,conical loaf (give) offering peace / altar peace / content (satisfied) heart
mighty     pillar     /     /     life     (ankh)     authority     grandfather     stability     great     king     power     (djed),stability (djed) pillar / grandfather authority power great / mighty life (ankh) king,stability (djed) pillar / grandfather ka (spirit) life (ankh)
throne god seated king sits,king sits seated god throne,king sits seated god throne
loaf bread altar of offering satisfy peace,loaf of bread offering peace altar satisfy,loaf of bread offering peace altar satisfy
speak king hears mouth people,king hears people speak mouth,king hears mouth speak people
pellet repeated plows man grain field,man plows repeated field grain pellet,man plows repeated field grain pellet
of bird owl chick quail animal belly head swallow,quail chick swallow owl head of bird animal belly,quail chick swallow owl head of bird animal belly
head bird of chick ox quail head of owl eye swallow,quail chick swallow head of bird head of ox owl eye,quail chick swallow head of bird head of ox owl eye
plows works man repeated field,man works field plows repeated,man works field plows repeated
clump road ripple riverbank papyrus lotus water plant lake,road riverbank lake water ripple lotus plant papyrus clump,road riverbank lake water ripple lotus plant papyrus clump
desert hill grain quail pellet eat stone chick,quail chick eat grain pellet hill desert stone,quail chick eat grain pellet hill desert stone
hoe with field man works,man works field with hoe,man works field with hoe
drink river water people ripple,people drink water ripple river,people drink water ripple river
opens     god     gate     temple     city,god opens gate temple city,god opens gate temple city
people the sees of king heart,the king sees heart of people,the king sees heart of people
woman seated people servant youth man king,man woman youth servant people seated king,man woman youth servant people seated king
gate door city town road bolt house,road city town house gate door bolt,road city town house gate door bolt
youth become placenta (ankh) become / to great mighty life,placenta become to become life (ankh) youth great / mighty,placenta become to become life (ankh) youth great / mighty
gate house lord basket people servant all,basket lord all people servant gate house,basket lord all people servant gate house
heart scroll / scribe / writing beautiful papyrus thing book scribe good,scribe writing / scribe book papyrus scroll beautiful / good thing heart,scribe writing / scribe papyrus scroll book beautiful / good thing heart
seated snake viper fear cobra horned man,horned viper cobra snake fear seated man,horned viper cobra snake fear seated man
temple god altar handle peace give basket offering,basket handle give offering peace altar god temple,basket handle give offering peace altar god temple
master authority king / seated / (lord) all great / god (every) mighty,seated god / king authority great / mighty master (lord) / all (every),seated god / king authority great / mighty master (lord) / all (every)
mighty / god / seat deity great throne big throne king /,throne seat / throne god / deity king great / big mighty,throne seat / throne god / deity king great / big mighty
great mighty become youth placenta life,placenta become life youth great mighty,placenta become life youth great mighty
speak vessel eat / / mouth drink bread of jar loaf milk,mouth eat / drink / speak loaf of bread milk jar vessel,mouth eat / drink / speak loaf of bread milk jar vessel jar
people     king     speak     heart     mouth     hears,king hears mouth speak heart people,king hears people speak mouth heart
loaf heart satisfy (give) deity / god offering / conical peace,conical loaf (give) offering peace / satisfy heart god / deity,conical loaf (give) offering peace / satisfy heart god / deity
hand man rope flax carries twisted,man carries rope twisted flax hand,man carries rope twisted flax hand
sky     west     star     god     watches     horizon,god watches star sky horizon west,god watches star sky horizon west
owl star night man sky hears,man hears owl sky star night,man hears owl sky star night
people king servant god authority power,king power authority servant people god,king power authority servant people god
god house west opens horizon gate,god opens gate house horizon west,god opens gate house horizon west
life     youth     gives     woman     birth,woman gives birth youth life,woman gives birth youth life
protects king city people the,the king protects people city,the king protects city people
temple altar grants peace god,god grants peace altar temple,god grants peace altar temple
hand man cuts forearm stone chisel,man cuts stone chisel forearm hand,man cuts stone chisel forearm hand
town live city people near,people live near city town,people live near city town
god voice king heart people hears,king hears heart voice people god,king hears voice heart people god
truth satisfy speak mouth maat heart peace,mouth speak truth maat heart peace satisfy,mouth speak truth maat heart peace satisfy
opens door bolt god house gate,god opens house gate door bolt,god opens house gate door bolt
stone man fire beside rests,man rests beside fire stone,man rests beside fire stone
venerated / youth life marrow old (ankh) father man peace satisfy people /,venerated / marrow father youth old man life (ankh) peace / satisfy people,venerated / marrow father youth old man life (ankh) peace / satisfy people
heart / speak as drink / eat (or / like mouth example) sweet,mouth eat / drink / speak heart sweet like / as (or example),mouth eat / drink / speak heart sweet like / as (or example)
scribe scribe good papyrus writing / book / scroll beautiful thing,scribe writing / scribe papyrus scroll book beautiful / good thing,scribe writing / scribe book papyrus scroll beautiful / good thing
people snake storm cobra fear,people fear snake cobra storm,people fear snake cobra storm
rests house mat man stool,man rests stool mat house,man rests house stool mat
sky star watches swallow god,god watches star swallow sky,god watches star swallow sky
king commands servant man the,the king commands servant man,the king commands servant man
stability throne king seat djed sits,king sits throne seat stability djed,king sits throne seat stability djed
father woman servant youth old seated man man mother people,old man youth servant people seated man woman father mother,old man youth servant people seated man woman father mother
love woman good mother seated (ankh) / heart woman life beautiful,beautiful / good woman seated woman mother heart love life (ankh),beautiful / good woman seated woman mother heart love life (ankh)
stability djed the brings god,the god brings stability djed,the god brings stability djed
writing single marker) book scroll thing papyrus (plural stroke / scribe stroke,single stroke stroke (plural marker) papyrus scroll book writing / scribe thing,single stroke stroke (plural marker) papyrus scroll book writing / scribe thing
conical heart loaf offering altar peace satisfy,conical loaf offering peace altar heart satisfy,conical loaf offering peace altar heart satisfy
door town gate bolt house city road,road city town house gate door bolt,road city town house gate door bolt
old seated man woman venerated / marrow seated man youth,venerated / marrow old man seated man seated woman youth,venerated / marrow old man seated man seated woman youth
town people near live city,people live near city town,people live near city town
twisted coil thing flax rope make rope of,twisted flax rope coil of rope thing make,twisted flax rope coil of rope thing make
ring twisted rope flax coil of vessel rope tethering rope,tethering rope twisted flax rope coil of rope ring vessel,tethering rope twisted flax rope coil of rope ring vessel
man house bolt door opens,man opens door bolt house,man opens door bolt house
eat bread every people loaf lord,lord every people eat loaf bread,lord every people eat loaf bread
brick bolt reed gate door house shelter,gate door bolt reed shelter house brick,gate door bolt reed shelter house brick
city ka emerge (soul) horizon (spirit) / town house sky ba,ba (soul) ka (spirit) emerge house city / town horizon sky,ba (soul) ka (spirit) emerge house city / town horizon sky
flax     twisted     rope     of     rope     tethering     rope     ring     coil     thing,tethering rope coil of rope twisted flax rope ring thing,tethering rope coil of rope rope twisted flax ring vessel
strength authority king power holds,king holds power authority strength,king holds power authority strength
beyond     west     god     dwells     the,the god dwells beyond west,the god dwells beyond west
gives king altar peace offering,king gives offering peace altar,king gives offering peace altar
side of animal bird backbone / ox of head head rib placenta belly,head of bird head of ox animal belly backbone side / rib placenta,head of bird head of ox animal belly backbone side / rib placenta
beautiful mother gives heart birth youth,mother gives birth youth beautiful heart,mother gives birth youth beautiful heart
god people deity honor temple,people honor god deity temple,people honor god deity temple
servant sickle youth pellet field grain people cut / man,sickle cut grain / pellet field servant man people youth,sickle cut grain / pellet field servant man people youth
(ba) forearm backbone spirit side heart hand soul / foot rib,hand forearm foot side / rib backbone heart soul (ba) spirit,hand forearm foot side / rib backbone heart soul (ba) spirit
scribe book single scroll thing papyrus stroke stroke marker) writing (plural / scribe,single stroke stroke (plural marker) papyrus scroll book scribe writing / scribe thing,single stroke stroke (plural marker) papyrus scroll book scribe writing / scribe thing
force strength grants backbone god,god grants strength force backbone,god grants strength force backbone
venerated peace life satisfy father / man youth / old marrow (ankh),old man venerated / marrow father youth life (ankh) peace / satisfy,old man venerated / marrow father youth life (ankh) peace / satisfy
man rests stool on mat,man rests on stool mat,man rests on stool mat
power god strength grants force backbone,god grants power strength force backbone,god grants power strength force backbone
writing stroke single thing (plural / scribe marker) stroke book scribe,single stroke stroke (plural marker) thing writing / scribe book scribe,single stroke stroke (plural marker) thing writing / scribe book scribe
door bolt house god opens,god opens house door bolt,god opens house door bolt
people town riverbank near live,people live near riverbank town,people live near riverbank town
rope man basket carries handle,man carries basket handle rope,man carries basket handle rope
man     sky     hears     night     owl,man hears owl night sky,man hears owl night sky
door shelter house bolt town reed building brick gate,gate door bolt reed shelter brick house building town,gate door bolt reed shelter brick house building town
watches swallow god star sky,god watches sky star swallow,god watches star swallow sky
gives     to     youth     birth     woman,woman gives birth to youth,woman gives birth to youth
god gives king pellet grain offering,king gives offering grain pellet god,king gives offering grain pellet god
of animal head belly heart life ox,head of ox animal belly heart life,head of ox animal belly heart life
force strength fox authority he king power sedge / skins king three / (king),three fox skins strength / force power authority king he / king sedge (king),three fox skins strength / force power authority king he / king sedge (king)
begets woman gives youth birth,woman gives birth begets youth,woman gives birth begets youth
god gate city opens temple,god opens gate temple city,god opens gate temple city
head animal of heart belly ox life,head of ox animal belly heart life,head of ox animal belly heart life
/ seated board peace senet content woman (satisfied) life (ankh) house man seated,senet board seated man seated woman house life (ankh) peace / content (satisfied),senet board seated man seated woman house life (ankh) peace / content (satisfied)
city / return / road life to house town (ankh) retreat,to return / retreat road city / town house life (ankh),to return / retreat road city / town house life (ankh)
gate follow people road town,people follow road gate town,people follow road gate town
king servant authority people protects power,king protects people servant authority power,king protects people servant authority power
marrow youth venerated mother life (ankh) father peace / / satisfy,venerated / marrow father mother youth life (ankh) peace / satisfy,venerated / marrow father mother youth life (ankh) peace / satisfy
mighty (djed) great life / authority pillar power / grandfather (ankh) stability king,stability (djed) pillar / grandfather authority power great / mighty life (ankh) king,life (ankh) stability (djed) pillar / grandfather power authority great / mighty king
field servant grain food plows hoe / pellet (tills),servant hoe plows (tills) field grain / pellet food,servant hoe plows (tills) field grain / pellet food
head     chick     of     owl     swallow     quail     bird,quail chick swallow owl head of bird,quail chick swallow owl head of bird
of thing flax ring coil tethering rope rope twisted rope,tethering rope coil of rope twisted flax rope ring thing,tethering rope coil of rope rope twisted flax ring thing
star sky emerges horizon god swallow,god emerges horizon sky star swallow,god emerges horizon sky star swallow
youth seated people man king servant woman,man woman youth servant people seated king,man woman youth servant people seated king
gives backbone god the strong,the god gives strong backbone,the god gives strong backbone
thing great mighty lord god grain thousand master pellet,thousand grain pellet thing great mighty god lord master,thousand grain pellet thing great mighty god lord master
desert storm slope fire hill above hill sky mountain desert,fire storm above mountain desert hill desert hill slope sky,fire storm above mountain desert hill desert hill slope sky
live riverbank beside people field,people live beside riverbank field,people live beside riverbank field
desert mountain town / slope road hill hill town city,hill slope desert hill mountain road town city / town,hill slope desert hill mountain road town city / town
club hoe strength force sickle chisel adze,adze chisel hoe sickle club strength force,adze chisel hoe sickle club strength force
shelter gate brick house bolt reed door,gate door bolt reed shelter house brick,gate door bolt reed shelter house brick
road horizon west walks man toward,man walks road toward west horizon,man walks road toward west horizon
to become scarab soul (ankh) ka emerge life (spirit) (ba),to become scarab emerge life (ankh) soul (ba) ka (spirit),to become scarab emerge life (ankh) soul (ba) ka (spirit)
man sickle tills field plows,man plows tills field sickle,man plows tills field sickle
youth become life power strength great placenta,placenta become life youth great power strength,placenta become life youth great power strength
people leaf papyrus reed gather clump,people gather papyrus clump reed leaf,people gather papyrus clump reed leaf
(truth/maat) heart truth mouth listen / / hear feather speak maat,mouth speak truth / maat feather (truth/maat) hear / listen heart,mouth speak truth / maat feather (truth/maat) hear / listen heart
milk heart vessel satisfy offering jar jar,jar vessel milk jar offering heart satisfy,jar vessel milk jar offering heart satisfy
ankh soul djed spirit ba star god ka life stability,life ankh stability djed soul ba ka spirit star god,life ankh stability djed soul ba ka spirit star god
milk drinks woman jar from,woman drinks milk from jar,woman drinks milk from jar
youth woman woman (ankh) seated good life heart / beautiful mother,beautiful / good woman youth seated woman mother heart life (ankh),beautiful / good woman youth seated woman mother heart life (ankh)
cobra bolt great house door behind,great cobra behind door bolt house,great cobra behind door bolt house
honor power authority god deity people,people honor god deity power authority,people honor god deity power authority
grants temple peace god satisfied altar,god grants peace altar temple satisfied,god grants peace altar temple satisfied
voice mouth people king hears heart,king hears heart voice mouth people,king hears heart voice mouth people
power thing great do force hand strength,hand do thing great strength force power,hand do thing great strength force power
heart god grants satisfy peace,god grants peace satisfy heart,god grants peace satisfy heart
in jar milk vessel satisfy peace jar rack jars / offering,vessel jar milk jar jars in rack offering peace / satisfy,vessel jar milk jar jars in rack offering peace / satisfy
lord west rack jars in house city town,jars in rack house lord city town west,jars in rack house lord city town west
god ka grants ankh life,god grants life ankh ka,god grants life ankh ka
see people upon horizon god,people see god upon horizon,people see god upon horizon
retreat town desert return mountain to hill / / hill city desert road,to return / retreat road mountain desert hill desert hill city / town,to return / retreat road mountain desert hill desert hill city / town
backbone strong king has the,the king has strong backbone,the king has strong backbone
marker papyrus stroke single scribe book plural stroke writing scroll,single stroke stroke plural marker papyrus scroll writing scribe book,single stroke stroke plural marker papyrus scroll writing scribe book
road lotus retreat to riverbank ripple water / plant return,to return / retreat road riverbank water ripple lotus plant,to return / retreat road riverbank water ripple lotus plant
lord city rules king town,king rules city town lord,king rules city town lord
man door opens bolt house,man opens door bolt house,man opens door bolt house
djed strength stability force god grants,god grants stability djed strength force,god grants stability djed strength force
the on horizon rises sun,the sun rises on horizon,the sun rises on horizon
the over people god watches,the god watches over people,the god watches over people
people above stands king the,the king stands above people,the king stands above people
great has the power king,the king has great power,the king has great power
gate     road     town     man     walks,man walks road town gate,man walks road town gate
life jar drinks woman milk,woman drinks milk jar life,woman drinks milk jar life
jars     grain     people     rack     pellet     gather,people gather jars rack grain pellet,people gather grain pellet jars rack
loves     the     beautiful     town     king     city,the king loves beautiful city town,the king loves beautiful city town
see god horizon upon people,people see god upon horizon,people see god upon horizon
ripple lotus water river riverbank plant lake,lake river riverbank water ripple lotus plant,lake river riverbank water ripple lotus plant
man road riverbank walks town beside,man walks road beside riverbank town,man walks road beside riverbank town
behind mountain road people follow,people follow road behind mountain,people follow road behind mountain
seated man the sits king,the king sits seated man,the king sits seated man
man drinks lake water ripple,man drinks water ripple lake,man drinks water ripple lake
man city walks road town,man walks road town city,man walks road town city
(truth/maat) / peace heart god / satisfy / lord truth deity feather maat,feather (truth/maat) truth / maat heart peace / satisfy god / deity lord,feather (truth/maat) truth / maat heart peace / satisfy god / deity lord
the king force rules strength with,the king rules with strength force,the king rules with strength force
venerated father hear youth heart speak,venerated father hear heart youth speak,venerated father hear heart youth speak
sky man head bird sees owl,man sees head bird owl sky,man sees head bird owl sky
people river boat cross by,people cross river by boat,people cross river by boat
peace ba soul life heart god satisfy,peace satisfy heart life soul ba god,peace satisfy heart life soul ba ka spirit
in gather grain jars people,people gather grain in jars,people gather grain in jars
tills sickle grain plows man field,man plows tills field grain sickle,man plows tills field grain sickle
life god gives ankh people,god gives life ankh people,god gives life ankh people
stool house mat man rests,man rests stool mat house,man rests house stool mat
stroke stroke book writing scribe scroll (plural scribe single thing papyrus / marker),single stroke stroke (plural marker) papyrus scroll book scribe writing / scribe thing,single stroke stroke (plural marker) papyrus scroll book scribe writing / scribe thing
grain king gives offering pellet temple,king gives offering grain pellet temple,king gives offering grain pellet temple
ka     scarab     (spirit)     star     to     life     (ankh)     (ba)     emerge     become     soul,to become scarab emerge life (ankh) soul (ba) ka (spirit) star,to become scarab emerge life (ankh) soul (ba) ka (spirit) star
jar     from     milk     woman     drinks,woman drinks milk from jar,woman drinks milk from jar
fear people sky storm fire west,people fear storm fire sky west,people fear storm fire sky west
king people gives loaf bread offering,king gives bread loaf people offering,king gives bread loaf people offering
king maat feather love truth peace,king love feather truth maat peace,king love feather truth maat peace
city people live near town,people live near city town,people live near city town
strength hand big great club force power,great big power strength force club hand,great big power strength force club hand
ring of tethering flax rope rope twisted thing coil,tethering rope coil of rope twisted flax ring thing,tethering rope coil of rope twisted flax ring thing
star west sky god watches,god watches star sky west,god watches star sky west
of head animal backbone placenta rib ox side belly /,placenta animal belly backbone side / rib head of ox,placenta animal belly backbone side / rib head of ox
god gate opens temple city,god opens gate temple city,god opens gate temple city
people     drink     ripple     river     water,people drink water ripple river,people drink water ripple river
horizon     god     swallow     sky     emerges     star,god emerges horizon sky star swallow,god emerges horizon sky star swallow
river boat cross by people,people cross river by boat,people cross river by boat
sees god the all people,the god sees all people,the god sees all people
gives     grain     thousand     god     pellet     people,god gives thousand grain pellet people,god gives thousand grain pellet people
mountain storm above fire sky god,storm fire above sky god mountain,storm fire above sky god mountain
hear / truth mouth feather / satisfy drink (truth/maat) listen / maat eat / speak,mouth eat / drink / speak truth / maat feather (truth/maat) hear / listen satisfy,mouth eat / drink / speak truth / maat feather (truth/maat) hear / listen satisfy
/ / eat / speak feather satisfy drink mouth peace (truth/maat) heart,mouth eat / drink / speak feather (truth/maat) heart peace / satisfy,mouth eat / drink / speak feather (truth/maat) heart peace / satisfy
people king servant authority power god,king power authority servant people god,king power authority servant people god
beside river man road walks,man walks road beside river,man walks road beside river
plows field (tills) hoe (repeated) / grain plows pellet man servant,hoe plows (tills) plows (repeated) field grain / pellet servant man,hoe plows(tills) plows (repeated) field grain / pellet servant man
people protects city king temple god,king protects god temple people city,king protects temple god people city
mountain     desert     follow     road     hill     people,people follow road desert mountain hill,people follow road desert mountain hill
grain gather people field jars pellet,people gather grain pellet field jars,people gather grain pellet field jars
placenta youth life woman birth gives,woman gives life youth placenta birth,woman gives birth placenta youth life
wears king sedge crown the of,the king wears crown of sedge,the king wears crown of sedge
rope coil carries man rope,man carries rope coil rope,man carries rope coil rope
lake plant riverbank road clump lotus water papyrus ripple,road riverbank lake water ripple lotus plant papyrus clump,road riverbank lake water ripple lotus plant papyrus clump
plows pellet field grain man,man plows field grain pellet,man plows field grain pellet
grants altar peace temple god,god grants peace altar temple,god grants peace altar temple
temple road city people gate follow,people follow road gate temple city,people follow road gate temple city
make to thing ring do all) hand senet board / / basket (lord,senet board ring basket (lord / all) thing to do / make hand,senet board ring basket (lord / all) thing to do / make hand
mat vessel (repeated) ring mat mat (repeated) / / basket stool stool handle with,stool / mat mat (repeated) stool / mat (repeated) basket with handle ring vessel,stool / mat mat (repeated) basket with handle ring vessel
force rules the with king strength,the king rules with strength force,the king rules with strength force
king djed throne stability sits,king sits throne stability djed,king sits throne stability djed
fire mountain sky above storm horizon star,fire storm above sky star horizon mountain,fire storm above sky star horizon mountain
star scribe sky see above horizon,scribe see star above horizon sky,scribe see star above horizon sky
road temple to follows man,man follows road to temple,man follows road to temple
door opens bolt god the,the god opens door bolt,the god opens door bolt
holds king authority force strength,king holds authority strength force,king holds authority strength force
city     people     king     power     town     rules,king rules people city town power,king rules city town people power
bread to people offer god,people offer bread to god,people offer bread to god
desert follow people across road,people follow road across desert,people follow road across desert
stone     house     brick     building     adze     chisel     cut,chisel adze cut stone brick house building,adze chisel stone brick building house
brick temple god great make stone king,stone brick make temple god great king,stone brick make temple god great king
follow people road gate town,people follow road gate town,people follow road gate town
riverbank river god watches west,god watches river riverbank west,god watches river riverbank west
jars people grain pellet gather rack,people gather jars rack grain pellet,people gather grain pellet jars rack
chick quail hill eat stone pellet desert grain,quail chick eat grain pellet hill desert stone,quail chick eat grain pellet hill desert stone
throne stability holds king pillar seat,king holds throne seat stability pillar,king holds throne seat stability pillar
strength great force thing power hand do,hand do thing great strength force power,hand do thing great strength force power
people power life gives god,god gives life people power,god gives life people power
make adze cut house brick stone gate,adze cut stone make brick house gate,adze cut stone make brick house gate
hand     to     do     board     /     make     ring     senet     thing,senet board ring thing to do / make hand,senet board ring thing to do / make hand
on man stool mat rests,man rests on stool mat,man rests on stool mat
father gives youth man old birth mother,old man youth mother father gives birth,old man youth mother father gives birth
example) (or milk plant / sweet as lotus heart like jar,heart sweet like / as (or example) lotus plant milk jar,heart sweet like / as (or example) lotus plant milk jar
the west god beyond dwells,the god dwells beyond west,the god dwells beyond west
god eye heart sees king people,king sees eye heart people god,king sees eye heart people god
owl of sound hears man,man hears sound of owl,man hears sound of owl
town     gate     door     /     reed     bolt     house     shelter     town     city,gate door bolt reed shelter house city / town town,door bolt gate reed shelter house city / town town
force great thing do strength hand,hand do thing great strength force,hand do thing great strength force
door bolt opens house gate god,god opens house gate door bolt,god opens house gate door bolt
repeated     grain     plows     man     field     pellet,man plows repeated field grain pellet,man plows repeated field grain pellet
gives to king power the people,the king gives power to people,the king gives power to people
mighty / god great god master seated all / (lord) (every) king / deity / king,seated god / king god / deity great / mighty master (lord) / all (every) king,seated god / king god / deity great / mighty master (lord) / all (every) king
the city king people protects,the king protects people city,the king protects people city
(djed) god stability great power authority / god mighty (ankh) life,life (ankh) stability (djed) god authority power great / mighty god,life (ankh) stability (djed) god authority power great / mighty god
behind king follows authority man,man follows behind king authority,man follows behind king authority
people heart sees god eye king,king sees eye heart people god,king sees eye heart people god
people sky fear storm fire,people fear fire storm sky,people fear fire storm sky
rises horizon from desert god,god rises from desert horizon,god rises from desert horizon
temple god deity offering honor people,people honor god deity temple offering,people honor god deity temple offering
mountain desert hill people live beside,people live beside mountain hill desert,people live beside mountain hill desert
swallow lake plant lotus water owl river ripple,lake river water ripple lotus plant swallow owl,lake river water ripple lotus plant swallow owl
horizon     rises     sky     god     star,god rises sky horizon star,god rises sky horizon star
dwells west beyond the god,the god dwells beyond west,the god dwells beyond west
people     gather     loaf     temple     bread     offering,people gather offering bread loaf temple,people gather offering bread loaf temple
house     life     senet     content     woman     (ankh)     seated     /     board     (satisfied)     peace     seated     man,senet board seated man seated woman house life (ankh) peace / content (satisfied),senet board ring house life (ankh)
desert hill road desert slope mountain city hill / town,mountain desert hill desert hill slope road city / town,mountain desert hill desert hill slope road city / town
force strength the gives god,the god gives strength force,the god gives strength force
people king listen lord hear authority,hear listen authority king lord people,hear listen authority king lord people
gate town road man walks,man walks road town gate,man walks road town gate
road lake papyrus lotus clump water riverbank plant ripple,road riverbank lake water ripple lotus plant papyrus clump,road riverbank lake water ripple lotus plant papyrus clump
beside road riverbank man follows,man follows road beside riverbank,man follows road beside riverbank
field     works     hoe     with     man,man works field with hoe,man works field with hoe
people gather temple offering gate peace,people gather offering temple gate peace,people gather offering temple gate peace
man mat reed rests shelter,man rests reed shelter mat,man rests reed shelter mat
city town king servant rules people,king rules city town servant people,king rules city town servant people
ba     soul     spirit     emerge     house     life     ka,ba soul ka spirit emerge house life,ba soul ka spirit emerge house life
milk gives king jar offering temple,king gives offering milk jar temple,king gives offering milk jar temple
shelter city people reed house town,reed shelter house people town city,reed shelter house people town city
authority power people protects servant king,king protects people servant authority power,king protects people servant authority power
plant plant field papyrus riverbank reed lotus clump leaf,lotus plant papyrus clump reed leaf plant field riverbank,lotus plant papyrus clump reed leaf plant field riverbank
emerges star god west sky horizon,god emerges horizon sky star west,god emerges horizon sky star west
star horizon mountain hill lake river sky,horizon sky star mountain hill river lake,horizon sky star mountain hill river lake
riverbank lotus lake papyrus plant clump river,riverbank papyrus clump plant lotus lake river,riverbank papyrus clump plant lotus lake river
eye sky / face sees above upon star horizon,eye sees face / upon sky star horizon above,eye sees face / upon sky star horizon above
heart     mother     satisfy     /     peace     (ankh)     love     father     life     youth,heart love mother father youth life (ankh) peace / satisfy,father mother youth gives birth / begets life (ankh) peace / satisfy heart
speaks of power the king words,the king speaks words of power,the king speaks words of power
from emerges god horizon the,the god emerges from horizon,the god emerges from horizon
do / all) (lord / basket to make senet board hand ring thing,senet board ring basket (lord / all) thing to do / make hand,senet board ring basket (lord / all) thing to do / make hand
sky star god emerges west horizon,god emerges horizon sky star west,god emerges horizon sky star west
grants the stability djed god,the god grants stability djed,the god grants stability djed
(ankh)     youth     good     woman     life     love     heart     beautiful     /     mother,woman beautiful / good heart love mother youth life (ankh),woman beautiful / good heart love mother youth life (ankh)
writing (plural scroll stroke thing papyrus marker) stroke scribe single / book,single stroke stroke (plural marker) thing writing / scribe book papyrus scroll,single stroke stroke (plural marker) papyrus scroll book writing / scribe thing
stool peace man mat rests,man rests stool mat peace,man rests stool mat peace
listen mouth god hears man heart,man hears listen heart mouth god,man hears listen heart mouth god
heart soul satisfy peace (ba) (ankh) / deity god / life ka (spirit),heart peace / satisfy life (ankh) soul (ba) ka (spirit) god / deity,heart peace / satisfy life (ankh) soul (ba) ka (spirit) god / deity
king holds throne seat power,king holds throne seat power,king holds throne seat power
belly (ankh) / life animal side soul rib heart backbone (ba),animal belly backbone side / rib heart soul (ba) life (ankh),animal belly backbone side / rib heart soul (ba) ka (spirit) life (ankh)
star west swallow emerge sky mountain great,swallow great emerge sky star mountain west,swallow great emerge sky star mountain west
pellet gather jars rack grain people,people gather jars rack grain pellet,people gather jars rack grain pellet
storm sky fear desert people fire,people fear fire storm sky desert,people fear fire storm sky desert
power servant protects authority people king,king protects people servant authority power,king protects people servant authority power
mouth king heart hears people,king hears people mouth heart,king hears people mouth heart
emerges lake god from sky horizon,god emerges from lake horizon sky,god emerges from lake horizon sky
/ hand forearm backbone rib foot heart side,hand forearm foot side / rib backbone heart,foot forearm hand side / rib backbone heart
mountain follow behind road people,people follow road behind mountain,people follow road behind mountain
heart hand side foot backbone life rib forearm (ankh) /,hand forearm foot side / rib backbone heart life (ankh),hand forearm foot side / rib backbone heart life (ankh)
offering lord god grain (give) / loaf thousand conical / pellet deity,thousand grain / pellet offering conical loaf (give) god / deity lord,thousand grain / pellet offering conical loaf (give) god / deity lord
clump papyrus field lake riverbank ripple river water,papyrus clump field lake river riverbank water ripple,papyrus clump field lake river riverbank water ripple
sits stability throne king seat,king sits throne seat stability,king sits throne seat stability
belly life of head animal ox heart,head of ox animal belly heart life,head of ox animal belly heart life
(king) / / king mighty sedge great he power king authority,authority power great / mighty king he / king sedge (king),authority power great / mighty king he / king sedge (king)
life (spirit) become (ba) to soul scarab emerge ka (ankh),to become scarab emerge life (ankh) soul (ba) ka (spirit),to become scarab emerge life (ankh) soul (ba) ka (spirit)
star man swallow great sees sky,man sees swallow great sky star,man sees swallow great sky star
sky ba house star soul emerge,soul ba emerge house sky star,soul ba emerge house sky star
hears man west night owl,man hears owl night west,man hears owl night west
king temple jar milk gives offering,king gives offering milk jar temple,king gives offering milk jar temple
milk vessel speak jar drink of eat / bread loaf jar /,eat / drink / speak loaf of bread milk jar vessel jar,eat / drink / speak loaf of bread milk jar vessel jar
sweet plant milk lotus jar jar vessel like,lotus plant sweet like milk jar jar vessel,lotus plant sweet like milk jar jar vessel
youth begets birth beautiful / heart good life / gives (ankh) mother,beautiful / good mother gives birth / begets youth life (ankh) heart,mother gives birth / begets youth beautiful / good heart life (ankh)
strength / / power king force he fox authority king sedge three skins,three fox skins strength / force power authority king he / king sedge,three fox skins strength / force power authority king he / king sedge
truth loves god beautiful good the,the god loves beautiful good truth,the god loves beautiful good truth
eye ring / do board to make thing hand senet,senet board ring thing to do / make hand eye,senet board ring thing to do / make hand eye
desert walks road man west hill,man walks road desert hill west,man walks road desert hill west
/ listen speak / feather truth hear (truth/maat) mouth satisfy / peace heart maat,hear / listen mouth speak truth / maat feather (truth/maat) heart peace / satisfy,hear / listen mouth speak truth / maat feather (truth/maat) heart peace / satisfy
in star people sky see,people see star in sky,people see star in sky
good people hear heart god peace,good god hear people heart peace,good god hear people heart peace
sits the man king seated,the king sits seated man,the king sits seated man
speak mouth eat drink heart people,people eat drink speak mouth heart,people eat drink speak mouth heart
sits     throne     on     the     king,the king sits on throne,the king sits on throne
fear people king of authority,people fear authority of king,people fear authority of king
road house brick bolt stone door town gate,gate door bolt house brick stone town road,gate door bolt house brick stone town road
lord throne authority every king holds,king holds throne authority lord every,king holds throne authority lord every
sees god all people the,the god sees all people,the god sees all people
placenta life emerge become to (ankh) star become,placenta become to become life (ankh) emerge star,placenta become to become life (ankh) emerge star
ka grants soul god life,god grants life ka soul,god grants life ka soul
follows riverbank beside man road,man follows road beside riverbank,man follows road beside riverbank
peace conical (give) satisfy / offering give loaf altar to,to give conical loaf (give) offering peace / altar satisfy,to give conical loaf (give) offering peace / altar satisfy
desert people behind live hill,people live behind desert hill,people live behind desert hill
give to offering satisfy / loaf god peace (give) conical,conical loaf (give) to give offering peace / satisfy god,conical loaf (give) to give offering peace / satisfy god
mouth speak king people hears,king hears mouth speak people,king hears people speak mouth
authority god strength power grants force,god grants authority power strength force,god grants authority power strength force
body soul ba leaves the,the soul ba leaves body,the soul ba leaves body
authority god the grants power,the god grants power authority,the god grants power authority
god people power life grants,god grants life power people,god grants life power people
force strength mighty king authority power great,authority power great mighty king strength force,authority power great mighty king strength force
life emerge to become (ankh) sky scarab horizon,to become scarab emerge horizon sky life (ankh),to become scarab emerge horizon sky life (ankh)
great     thousand     pellet     thing     master     god     lord     grain     mighty,thousand grain pellet thing great mighty god lord master,thousand grain pellet thing great mighty god
lord thousand every rules people king,king rules lord every thousand people,king rules lord every people thousand
djed pillar strength grants stability god,god grants stability djed pillar strength,god grants stability djed pillar strength
soul     horizon     emerge     spirit     ka     life     ba,ka spirit ba soul emerge life horizon,ka spirit emerge house life horizon sky
face head ox of belly eye upon animal / heart,eye face / upon head of ox animal belly heart,eye face / upon head of ox animal belly heart
clump water riverbank lake lotus papyrus plant ripple,papyrus clump riverbank lake water ripple lotus plant,papyrus clump riverbank lake water ripple lotus plant
sky watches horizon god west star,god watches star sky horizon west,god watches star sky horizon west
field / servant pellet plows man hoe (tills) grain,field grain / pellet hoe plows (tills) servant man,hoe plows (tills) grain / pellet field servant man
peace great altar above temple fire god,fire above peace altar god great temple,fire above peace altar god great temple
all / power life stability (ankh) master mighty (djed) (every) authority (lord) great /,life (ankh) stability (djed) power authority great / mighty master (lord) / all (every),life (ankh) stability (djed) power authority great / mighty master (lord) / all (every)
jars gather people grain field,people gather grain field jars,people gather grain field jars
king every rules lord people,king rules lord every people,king rules lord every people
heart milk lotus example) as like / (or jar plant sweet,heart sweet like / as (or example) lotus plant milk jar,sweet like / as (or example) lotus plant milk jar heart
(king) / throne king authority / great mighty power sedge he,he / king sedge (king) throne authority power great / mighty,he / king sedge (king) throne authority power great / mighty
town walks road man city,man walks road town city,man walks road town city
holds crook club king the,the king holds crook club,the king holds crook club
people live field riverbank lake,people live riverbank lake field,people live riverbank lake field
ring rope coil flax of rope twisted thing hand,twisted flax rope coil of rope ring thing hand,twisted flax rope coil of rope ring thing hand
grain plows sickle field man,man plows field sickle grain,man plows field sickle grain
river water drinks ripple man lake,man drinks water ripple lake river,man drinks water ripple lake river
hare backbone desert animal belly heart life,desert hare animal belly backbone heart life,desert hare animal belly backbone heart life
belly become food desert animal hare,desert hare become food animal belly,desert hare become food animal belly
plow like do field father man,man plow field like father do,man plow field like father do
water river swallow riverbank lotus ripple owl lake plant,river riverbank lake water ripple lotus plant swallow owl,river riverbank lake water ripple lotus plant swallow owl
/ papyrus book hand mouth scribe writing scroll eye,book papyrus scroll writing / scribe hand eye mouth,book papyrus scroll writing / scribe hand eye mouth
man rests stool on mat,man rests on stool mat,man rests on stool mat
west watches river riverbank god,god watches river riverbank west,god watches river riverbank west
thousand offering grain heart pellet / jar peace satisfy / vessel,thousand grain / pellet vessel jar offering peace / satisfy heart,thousand grain / pellet vessel jar offering peace / satisfy heart
rope twisted coil of tethering strength rope flax rope,tethering rope coil of rope rope twisted flax strength,tethering rope coil of rope rope twisted flax strength
strength power god grants backbone force,god grants power strength force backbone,god grants power strength force backbone
repeated field hoe plows man grain,man plows repeated field hoe grain,man plows repeated field hoe grain
mountain star sky above slope horizon hill hill desert desert,sky star horizon above mountain desert hill desert hill slope,sky star horizon above mountain desert hill desert hill slope
papyrus scroll beautiful / scribe book / good scribe heart writing thing,scribe writing / scribe book papyrus scroll beautiful / good thing heart,scribe writing / scribe book papyrus scroll beautiful / good thing heart
grain field jars gather people pellet,people gather grain pellet field jars,people gather grain pellet field jars
chisel stone cut brick adze god temple deity /,adze chisel cut stone brick temple god / deity,adze chisel cut stone brick temple god / deity
city river town road riverbank / town lake,city / town town road riverbank lake river,city / town town road riverbank lake river
boat cross people by river,people cross river by boat,people cross river by boat
stone chisel gate / to brick adze house do make,to do / make house brick stone adze chisel gate,to do / make house brick stone adze chisel gate
throne seat stability sits king,king sits throne seat stability,king sits throne seat stability
stroke     single     scribe     marker)     papyrus     stroke     scribe     (plural     writing     book     /     scroll,single stroke stroke (plural marker) papyrus scroll book scribe writing / scribe,single stroke stroke (plural marker) thing writing / scribe book scribe papyrus
stone gate town road door bolt brick house,gate door bolt house brick stone town road,gate door bolt house brick stone town road
deity scarab become king god great,become scarab great deity god king,become scarab great deity god king
man stone pillar rests beside,man rests beside stone pillar,man rests beside stone pillar
on the rises sun horizon,the sun rises on horizon,the sun rises on horizon
people king god power authority servant,king power authority servant people god,king power authority servant people god
conical offering loaf / (give) / deity lord thousand god grain pellet,thousand grain / pellet offering conical loaf (give) god / deity lord,thousand grain / pellet offering conical loaf (give) god / deity lord
to become man life placenta youth (ankh) become,placenta become to become life (ankh) youth man,placenta become to become life (ankh) youth man
power strength great youth become placenta life,placenta become life youth great power strength,placenta become life youth great power strength
viper desert horned fear people hill,people fear horned viper desert hill,people fear horned viper desert hill
stone     house     behind     brick     horned     viper     rib     side,horned viper behind side rib stone brick house,horned viper behind side / rib stone brick house
grain gives pellet god people thousand,god gives thousand grain pellet people,god gives thousand grain pellet people
protects temple people gate king,king protects temple gate people,king protects temple gate people
god offering people deity honor temple,people honor god deity temple offering,people honor god deity temple offering
fire beside man lake rests,man rests beside fire lake,man rests beside fire lake
life god grants ka ankh,god grants life ankh ka,god grants life ankh ka
fire stone man rests beside,man rests beside fire stone,man rests beside fire stone
twisted     flax     rope     rope     ring     coil     tethering     rope     thing     of,tethering rope twisted flax rope coil of rope ring thing,twisted flax rope coil of rope ring vessel jar stone
god do love man truth maat,god love man do truth maat,god love man do truth maat
riverbank god watches river west,god watches river riverbank west,god watches river riverbank west
people over watches the god,the god watches over people,the god watches over people
power     king     authority     protects     people,king protects people power authority,king protects people power authority
authority king city people hear town,people hear authority king city town,people hear authority king city town
mother beautiful good / heart youth love father,heart love mother father youth beautiful / good,heart love mother father youth beautiful / good
people heart god hears voice king,king hears heart voice people god,king hears voice heart god people
thousand pellet reed leaf field plant grain / lotus plant,thousand grain / pellet field plant lotus plant reed leaf,thousand grain / pellet field plant lotus plant reed leaf
lake people riverbank live field beside,people live beside lake riverbank field,people live beside lake riverbank field
god gate horizon the opens,the god opens gate horizon,the god opens gate horizon
temple gate stands before man,man stands before temple gate,man stands before temple gate
foot     forearm     animal     backbone     hand     belly     heart,hand forearm foot animal belly backbone heart,hand forearm foot animal belly backbone rib
adze cut stone gate building chisel,adze chisel cut stone building gate,adze chisel cut stone building gate
servant     grain     (tills)     hoe     field     /     plows     pellet     thousand,thousand grain / pellet hoe plows (tills) field servant,hoe plows (tills) field grain / pellet servant man
city gate walk people toward,people walk toward city gate,people walk toward city gate
man     temple     road     to     follows,man follows road to temple,man follows road to temple
eat     grain     quail     chick     stone     hill     desert     pellet,quail chick eat grain pellet hill desert stone,quail chick eat grain / pellet hill desert stone
hill fire above sky storm desert horizon mountain,fire storm above mountain desert hill sky horizon,fire storm above mountain desert hill sky horizon
city shelter gate door / reed house town brick bolt,door bolt gate reed shelter house brick city / town,gate door bolt reed shelter brick house city / town town
watches riverbank god river west,god watches river riverbank west,god watches river riverbank west
grain man plows pellet field tills,man plows tills field grain pellet,man plows tills field grain pellet
grants god life ka ankh,god grants life ankh ka,god grants life ankh ka
god ba soul watches star sky,god watches soul ba sky star,god watches soul ba sky star
god people authority king gives power,god gives power authority people king,god gives power authority people king
/ man woman marrow youth old seated seated man venerated,venerated / marrow old man seated man seated woman youth,venerated / marrow old man seated man seated woman youth
man woman viper horned cobra snake fear,cobra snake horned viper fear man woman,cobra snake horned viper fear man woman
god grants power strength force authority,god grants authority power strength force,god grants authority power strength force
king man seated the sits,the king sits seated man,the king sits seated man
hand rib forearm foot / heart backbone soul (ba) spirit side,hand forearm foot side / rib backbone heart soul (ba) spirit,hand forearm foot side / rib backbone heart soul (ba) spirit
/ power he (every) king authority / master / mighty great king (lord) all,master (lord) / all (every) king he / king authority power great / mighty,master (lord) / all (every) king he / king authority power great / mighty
master / (ankh) (djed) stability life (lord) great authority all (every) / mighty power,life (ankh) stability (djed) power authority great / mighty master (lord) / all (every),life (ankh) stability (djed) power authority great / mighty master (lord) / all (every)
face desert road hill foot west upon slope,foot face upon road hill slope desert west,foot face upon road hill slope desert west
writing scribe scribe thing book (plural stroke single marker) / stroke,single stroke stroke (plural marker) thing writing / scribe book scribe,single stroke stroke (plural marker) thing writing / scribe book
grants life people god power,god grants life power people,god grants life power people
the king strong backbone has,the king has strong backbone,the king has strong backbone
city people protects temple king god,king protects temple god people city,king protects god temple people city
field sickle plows man with,man plows field with sickle,man plows field with sickle
/ good birth gives life mother (ankh) / youth heart begets beautiful,beautiful / good mother gives birth / begets youth life (ankh) heart,beautiful / good mother gives birth / begets youth life (ankh) heart
power great become life youth placenta strength,placenta become life youth great power strength,placenta become life youth great power strength
god ankh djed authority power life stability,life ankh stability djed god authority power,life ankh stability djed god authority power
jar woman drinks life milk,woman drinks milk jar life,woman drinks milk jar life
ka ba backbone belly heart spirit animal soul life,animal belly backbone heart soul ba ka spirit life,animal belly backbone heart soul ba ka spirit life
speak listen / maat eat drink truth / / feather hear / mouth,hear / listen mouth eat / drink / speak truth / maat feather,hear / listen mouth eat / drink / speak truth / maat feather
deity fear storm strong god sky fire,storm fire fear god deity sky strong,storm fire fear god deity sky strong
master skins three fox strength king lord all,three fox skins master lord all king strength,three fox skins master lord all king strength
god     star     emerges     horizon     swallow     sky,god emerges horizon sky swallow star,god emerges horizon sky swallow star
pellet grain food field plow hoe,hoe plow field grain pellet food,hoe plow field grain pellet food
life ankh ba soul sky god,god soul ba sky life ankh,god soul ba sky life ankh
face underground behind side rib upon horizon back above,above behind back face upon side rib underground horizon,above behind back face upon side rib underground horizon
people king protects power city,king protects city people power,king protects people city power
mat man rests stool house,man rests stool mat house,man rests house stool mat
walks west riverbank horizon road man,man walks road riverbank west horizon,man walks road riverbank west horizon
venerated man (ankh) peace marrow father youth people satisfy / / life old,venerated / marrow father youth old man life (ankh) peace / satisfy people,venerated / marrow father youth old man life (ankh) peace / satisfy people
holds authority the king power,the king holds power authority,the king holds power authority
ka / backbone forearm foot ba (spirit) rib side (soul) hand,hand forearm foot side / rib backbone ka (spirit) ba (soul),hand forearm foot side / rib backbone ka (spirit) ba (soul)
(ankh) side / backbone heart belly animal placenta life rib,animal belly backbone side / rib placenta heart life (ankh),animal belly backbone side / rib placenta heart life (ankh)
bread eats grain man pellet,man eats grain pellet bread,man eats grain pellet bread
eat people drink mouth speak heart,people eat drink speak mouth heart,people eat drink speak mouth heart
cobra door behind house bolt great,great cobra behind door bolt house,great cobra behind door bolt house
city authority people king hear town,people hear authority king city town,people hear authority king city town
riverbank road plant ripple water lake clump lotus papyrus,road riverbank lake water ripple lotus plant papyrus clump,road riverbank lake water ripple lotus plant papyrus clump
repeated plows field works man,man works field plows repeated,man works field plows repeated
cut brick stone building chisel house adze,chisel adze cut stone brick house building,chisel adze cut stone brick house building
loaf to offering altar / give conical peace (give) satisfy,to give conical loaf (give) offering peace / altar satisfy,to give conical loaf (give) offering peace / altar satisfy
/ beautiful thing writing / book heart good scroll scribe papyrus,writing / scribe papyrus scroll book thing beautiful / good heart,writing / scribe papyrus scroll book thing beautiful / good heart
ba soul life ankh god sky,god soul ba sky life ankh,god soul ba sky life ankh
building     adze     /     make     do     to     chisel     brick     temple     stone,chisel adze to do / make stone brick temple building,adze chisel to do / make stone brick building temple
house emerge ba soul life spirit ka,ba soul ka spirit emerge house life,ba soul ka spirit emerge house life
of twisted vessel flax ring coil jar rope stone rope,twisted flax rope coil of rope ring vessel jar stone,twisted flax rope coil of rope ring vessel jar stone
honor feather truth people god maat,people honor truth maat feather god,people honor truth maat feather god
sweet plant like lotus jar / milk as heart example) (or,heart sweet like / as (or example) lotus plant milk jar,sweet like / as (or example) lotus plant milk jar heart
chick animal cobra viper snake horned desert quail hare,cobra snake horned viper quail chick desert hare animal,cobra snake horned viper quail chick desert hare animal
stroke single stroke scribe book marker scroll papyrus plural,single stroke stroke plural marker papyrus scroll scribe book,single stroke stroke plural marker papyrus scroll scribe book
walk city gate people toward,people walk toward city gate,people walk toward city gate
stone with mat basket stool brick / jar handle ring house,stool / mat ring basket with handle jar brick stone house,stool / mat ring basket with handle jar brick stone house
road desert town people follow,people follow road desert town,people follow road desert town
papyrus stroke scribe thing (plural book marker) single scroll stroke / writing,single stroke stroke (plural marker) papyrus scroll book writing / scribe thing,single stroke stroke (plural marker) papyrus scroll book writing / scribe thing
shelter city town reed gate / door brick bolt house,gate door bolt reed shelter brick house city / town,gate door bolt reed shelter brick house city / town
king hear deity (lord / all) / people / god basket authority listen,basket (lord / all) people hear / listen authority king god / deity,basket (lord / all) people hear / listen authority king god / deity
heart mother youth beautiful gives birth,mother gives birth youth beautiful heart,mother gives birth youth beautiful heart
handle     /     jar     milk     jar     with     basket     ring     mat     vessel     stool,stool / mat basket with handle ring vessel jar milk jar,jars in rack vessel jar milk jar basket with handle
maat     feather     people     honor     truth,people honor feather truth maat,people honor truth maat feather
scribe good writing beautiful thing scroll book papyrus,writing scribe papyrus scroll book thing beautiful good,writing scribe papyrus scroll book thing beautiful good
ox upon / eye of animal belly face head heart,eye face / upon head of ox animal belly heart,eye face / upon head of ox animal belly heart
satisfy peace emerge to scarab life become sky horizon / (ankh) star,to become scarab emerge horizon star sky life (ankh) peace / satisfy,to become scarab emerge horizon star sky life (ankh) peace / satisfy
sweet the god grants ankh life,the god grants sweet life ankh,the god grants sweet life ankh
peace satisfy heart deity god (no/not) / negation fear /,negation (no/not) fear god / deity heart peace / satisfy,negation (no/not) fear god / deity heart peace / satisfy
gather pellet people grain offering,people gather grain pellet offering,people gather grain pellet offering
grants     temple     altar     content     god     peace,god grants peace altar temple content,god grants peace altar temple content
/ eye scribe hand writing scroll scribe heart papyrus,scribe writing / scribe papyrus scroll hand eye heart,scribe writing / scribe papyrus scroll hand eye heart
head upon of eye heart belly face ox animal /,eye face / upon head of ox animal belly heart,eye face / upon head of ox animal belly heart
eats bread loaf of man,man eats loaf of bread,man eats loaf of bread
handle ring jar mat basket jar with / stool milk vessel,stool / mat basket with handle ring vessel jar milk jar,stool / mat basket with handle ring vessel jar milk jar
and man bread drinks eats,man eats bread and drinks,man eats bread and drinks
pellet grain people gather offering,people gather grain pellet offering,people gather grain pellet offering
/ sky star horizon mighty deity great / god above,god / deity great / mighty above sky star horizon,god / deity great / mighty above sky star horizon
thousand people pellet gather grain,people gather grain pellet thousand,people gather grain pellet thousand
horizon gate underground god opens west,god opens gate underground west horizon,god opens gate underground west horizon
to road house / town city return door bolt / gate retreat,to return / retreat road city / town house gate door bolt,to return / retreat road city / town house gate door bolt
force backbone king holds strength authority,king holds authority backbone strength force,king holds authority backbone strength force
hears of god heart people the,the god hears heart of people,the god hears heart of people
man old write book scribe hear,old man hear book write scribe,old man hear book write scribe
upon god people horizon see,people see god upon horizon,people see god upon horizon
fear horned snake people viper,people fear horned viper snake,people fear snake horned viper
jar milk life woman drinks,woman drinks milk jar life,woman drinks milk jar life
/ force forearm power back club strength hand,club strength / force power hand forearm back,club strength / force power hand forearm back
star     sky     owl     swallow     hears     man,man hears owl swallow sky star,man hears owl swallow sky star
god force grants djed strength stability,god grants stability djed strength force,god grants stability djed strength force
people city town house live,people live house city town,people live house city town
loaf loaf give of offering heart peace conical satisfy bread,conical loaf give loaf of bread offering peace satisfy heart,conical loaf give loaf of bread offering peace satisfy heart
house rack in lord jars city west town,jars in rack house lord city town west,jars in rack house lord city town west
ba ka (spirit) town / (soul) city sky emerge house,ka (spirit) ba (soul) emerge house city / town sky,ka (spirit) ba (soul) emerge house city / town sky
mouth speak king people hears,king hears people speak mouth,king hears people speak mouth
twisted carries coil flax man rope,man carries rope coil twisted flax,man carries rope coil twisted flax
plant lotus gather people under,people gather under lotus plant,people gather under lotus plant
truth / (truth/maat) satisfy / feather / god maat peace lord deity heart,feather (truth/maat) truth / maat heart peace / satisfy god / deity lord,feather (truth/maat) truth / maat heart peace / satisfy god / deity lord
cut adze brick chisel town house / city stone,chisel adze cut stone brick house city / town,chisel adze cut stone brick house city / town
power authority club crook king holds,king holds crook club authority power,king holds crook club power authority
heart desert backbone animal life hare belly,desert hare animal belly backbone heart life,desert hare animal belly backbone heart life
vessel beautiful milk jar drink woman eat,beautiful woman eat drink milk jar vessel,beautiful woman eat drink milk jar vessel
strong milk jar give life youth heart,milk jar give life youth strong heart,milk jar give life youth strong heart
soul life (ankh) ka emerge scarab become star (ba) (spirit) to,to become scarab emerge life (ankh) soul (ba) ka (spirit) star,to become scarab emerge life (ankh) soul (ba) ka (spirit) star
offering altar satisfy / peace conical / loaf heart peace (give),conical loaf (give) offering peace / altar peace / satisfy heart,conical loaf (give) offering peace / altar peace / satisfy heart
/     senet     make     ring     to     board     hand     thing     do     eye,senet board ring thing to do / make hand eye,senet board ring thing to do / make hand
city town people follow road gate,people follow road gate city town,people follow road gate city town
hear man book old write scribe,old man hear book write scribe,old man hear book write scribe
jar man water drinks ripple vessel,man drinks water ripple vessel jar,man drinks water ripple vessel jar
woman house jar life milk carries,woman carries milk jar house life,woman carries milk jar house life
man walks mountain hill behind,man walks behind mountain hill,man walks behind mountain hill
coil     rope     rope     carries     man,man carries rope coil rope,man carries rope coil rope
single scribe (plural papyrus writing book scribe / stroke stroke scroll marker) eye,single stroke stroke (plural marker) papyrus scroll book scribe writing / scribe eye,single stroke stroke (plural marker) papyrus scroll book scribe writing / scribe eye
foot side backbone hand rib forearm / heart,foot forearm hand side / rib backbone heart,foot forearm hand side / rib backbone heart
star horizon hill desert sky mountain above,sky horizon star above mountain desert hill,sky horizon star above mountain desert hill
stroke papyrus / book scribe scroll stroke single writing hand (plural marker),papyrus scroll writing / scribe book hand single stroke stroke (plural marker),papyrus scroll writing / scribe book hand single stroke stroke (plural marker)
plant lotus peace man rests under,man rests under lotus plant peace,man rests under lotus plant peace
city king rules town the,the king rules city town,the king rules city town
milk eat jar jar speak of bread vessel loaf drink,eat drink speak loaf of bread jar vessel milk jar,eat drink speak loaf of bread jar vessel milk jar
night man sky hears owl,man hears owl night sky,man hears owl night sky
king lord above every rules,king rules above lord every,king rules above lord every
tills     field     hoe     man     plows,man plows tills field hoe,man plows tills field hoe
underground god opens horizon gate west,god opens gate underground west horizon,god opens gate underground west horizon
the king sees people heart of,the king sees heart of people,the king sees heart of people
night hears owl man swallow sky,man hears owl swallow night sky,man hears owl swallow night sky
upon     back     behind     /     rib     above     horizon     sky     /     underground     /     face     side,above behind / back face / upon side / rib underground horizon sky,above behind / back face / upon side / rib underground horizon heart
mountain desert fire hill slope storm hill,fire storm mountain hill slope desert hill,fire storm mountain hill slope desert hill
king city rules town power authority,king rules city town power authority,king rules city town power authority
fire man rests lake beside,man rests beside fire lake,man rests beside fire lake
papyrus scribe mouth writing / hand eye scroll book,book papyrus scroll writing / scribe hand eye mouth,book papyrus scroll writing / scribe hand eye mouth
people temple king protects gate,king protects temple gate people,king protects temple gate people
master power all authority mighty / he great / king (lord) king / (every),master (lord) / all (every) king he / king authority power great / mighty,master (lord) / all (every) king he / king authority power great / mighty
ox of head of belly life animal (ba) soul (ankh) heart bird head,head of bird head of ox animal belly heart soul (ba) life (ankh),head of bird head of ox animal belly heart soul (ba) life (ankh)
/ strength / force throne authority sedge power king seat / (king) he throne,he / king sedge (king) throne seat / throne authority power strength / force,he / king sedge (king) throne seat / throne authority power strength / force
god emerges from horizon the,the god emerges from horizon,the god emerges from horizon
life horizon scarab become emerge to sky (ankh),to become scarab emerge horizon sky life (ankh),to become scarab emerge horizon sky life (ankh)
love     lord     god     people     all     basket,basket lord all people love god,basket lord all people love god
riverbank live people city town,people live riverbank city town,people live riverbank city town
/ big god thousand / / / grain pellet mighty thing great deity great,thousand grain / pellet thing great / big great / mighty god / deity,thousand grain / pellet thing great / big great / mighty god / deity
life (ba) heart rib / backbone soul (ankh) animal placenta side belly,animal belly backbone side / rib placenta heart soul (ba) life (ankh),animal belly backbone side / rib placenta heart soul (ba) life (ankh)
road to plant / lotus retreat water ripple riverbank return,to return / retreat road riverbank water ripple lotus plant,to return / retreat road riverbank water ripple lotus plant
owl hears night at man,man hears owl at night,man hears owl at night
house brick chisel gate stone adze,chisel adze stone brick house gate,chisel adze stone brick house gate
scroll gather writing people papyrus,people gather papyrus scroll writing,people gather papyrus scroll writing
people life / man / peace (ankh) venerated father marrow old youth satisfy,venerated / marrow father youth old man life (ankh) peace / satisfy people,venerated / marrow father youth old man life (ankh) peace / satisfy people
behind horned viper side brick stone house rib,horned viper behind side rib stone brick house,horned viper behind side rib stone brick house
fear / negation satisfy (no/not) heart / deity god peace,negation (no/not) fear god / deity heart peace / satisfy,negation (no/not) fear god / deity heart peace / satisfy
mat     house     shelter     man     reed     rests,man rests reed shelter house mat,man rests house reed shelter mat
power sedge king skins he authority king / force fox three strength /,three fox skins strength / force power authority king he / king sedge,three fox skins strength / force power authority king he / king sedge
stroke writing scribe (plural marker) scribe / book stroke scroll single papyrus,single stroke stroke (plural marker) papyrus scroll scribe writing / scribe book,single stroke stroke (plural marker) papyrus scroll scribe writing / scribe book
jar     jar     /     milk     altar     (give)     loaf     bread     of     offering     peace     loaf     conical,conical loaf (give) offering peace / altar loaf of bread milk jar jar,loaf of bread milk jar vessel jar offering peace / altar
ka life (ankh) stability grandfather backbone pillar / (djed) (spirit),pillar / grandfather stability (djed) backbone ka (spirit) life (ankh),pillar / grandfather stability (djed) backbone ka (spirit) life (ankh)
jar lord peace loaf offering servant of bread milk,servant offering milk jar loaf of bread lord peace,servant offering milk jar loaf of bread lord peace
toward horizon road follows man,man follows road toward horizon,man follows road toward horizon
ring rope tethering rope coil thing twisted flax of rope,tethering rope twisted flax rope coil of rope ring thing,tethering rope coil of rope twisted flax rope ring thing
/ / face / side above underground upon behind back rib horizon,above behind / back face / upon side / rib underground horizon,above behind / back face / upon side / rib underground horizon
mouth god heart king hears voice,king hears voice mouth heart god,king hears voice mouth heart god
pellet gather jars field people grain,people gather grain pellet field jars,people gather grain pellet field jars
man write hear old book scribe,old man hear book write scribe,old man hear book write scribe
riverbank people live beside lake,people live beside riverbank lake,people live beside riverbank lake
head chick head swallow bird of owl belly animal quail of ox,quail chick swallow owl head of bird head of ox animal belly,quail chick swallow owl head of bird head of ox animal belly
people river gate at cross,people cross river at gate,people cross river at gate
book (plural stroke / thing scroll scribe papyrus marker) single stroke writing,single stroke stroke (plural marker) thing writing / scribe book papyrus scroll,single stroke stroke (plural marker) papyrus scroll book writing / scribe thing
great king strength force mighty do,mighty king do strength force great,mighty king do strength force great
good heart mother gives life begets (ankh) beautiful birth / / youth,mother gives birth / begets youth beautiful / good heart life (ankh),mother gives birth / begets youth beautiful / good heart life (ankh)
field plows man tills hoe,man plows tills field hoe,man plows tills field hoe
scribe papyrus writing book scroll eye hand,papyrus scroll writing scribe book hand eye,papyrus scroll writing scribe book hand eye
truth heart speak maat peace mouth,mouth speak truth maat heart peace,mouth speak truth maat heart peace
god     the     opens     horizon     gate,the god opens gate horizon,the god opens gate horizon
peace / content god / (truth/maat) lord deity heart (satisfied) feather,feather (truth/maat) heart peace / content (satisfied) god / deity lord,feather (truth/maat) heart peace / content (satisfied) god / deity lord
town people follow desert road,people follow road desert town,people follow road desert town
rises horizon the sun on,the sun rises on horizon,the sun rises on horizon
people gate king protects temple,king protects temple gate people,king protects temple gate people
gate opens god house town,god opens gate house town,god opens gate house town
god gate the the opens,the god opens the gate,the god opens the gate
heart father love mother beautiful / good youth,heart love mother father youth beautiful / good,heart love mother father youth beautiful / good
satisfy / negation (no/not) god peace deity / heart fear,negation (no/not) fear god / deity heart peace / satisfy,negation (no/not) fear god / deity heart peace / satisfy
face hill desert slope road upon west foot,foot face upon road hill slope desert west,foot face upon road hill slope desert west
man     above     sees     desert     star,man sees star above desert,man sees star above desert
behind     rib     above     back     face     horizon     underground     side     upon,above behind back face upon side rib underground horizon,above behind / back face / upon side / rib underground horizon sky
live beside field hill mountain people,people live beside mountain hill field,people live beside mountain hill field
the people hears god of heart,the god hears heart of people,the god hears heart of people
lotus / plant road to retreat return ripple riverbank water,to return / retreat road riverbank water ripple lotus plant,to return / retreat road riverbank water ripple lotus plant
lake     riverbank     plant     clump     leaf     plant     field     reed     lotus     papyrus,lotus plant papyrus clump reed leaf plant field riverbank lake,riverbank papyrus clump plant lotus plant lake river
holds authority power king strength backbone,king holds authority power backbone strength,king holds authority power backbone strength
desert across people follow road,people follow road across desert,people follow road across desert
people lake drink water ripple,people drink lake water ripple,people drink lake water ripple
desert storm mountain hill fire sky above star horizon,fire storm star sky horizon above mountain desert hill,fire storm star sky horizon above mountain desert hill
bread every eat lord loaf people,lord every people eat loaf bread,lord every people eat loaf bread
follows town to king man,man follows king to town,man follows king to town
king people heart voice hears god,king hears heart voice people god,king hears voice heart god people
/ soul spirit forearm side hand foot backbone heart (ba) rib,hand forearm foot side / rib backbone heart soul (ba) spirit,hand forearm foot side / rib backbone heart soul (ba) spirit
mighty seated master / / / great deity thousand (lord) / king all (every) god god,god / deity seated god / king great / mighty master (lord) / all (every) thousand,god / deity seated god / king great / mighty master (lord) / all (every) thousand
great force strength do thing hand,hand do thing great strength force,hand do thing great strength force
authority club power king crook holds,king holds crook club power authority,king holds crook club power authority
hill mountain man west road walks,man walks road mountain hill west,man walks road mountain hill west
man reed house shelter field city town,reed shelter house man field town city,reed shelter house man field town city
emerges lake god underground mountain,god emerges underground lake mountain,god emerges underground lake mountain
backbone authority strength king power holds,king holds authority power backbone strength,king holds authority power backbone strength
/ life youth mother gives woman birth begets (ankh) good / beautiful,beautiful / good woman mother gives birth / begets youth life (ankh),beautiful / good woman mother gives birth / begets youth life (ankh)
to follows man temple road,man follows road to temple,man follows road to temple
thing rope ring coil of rope flax tethering twisted rope,tethering rope twisted flax coil of rope rope ring thing,tethering rope coil of rope rope twisted flax ring thing
sees god man of the heart,the god sees heart of man,the god sees heart of man
power king club authority holds crook,king holds crook club power authority,king holds crook club power authority
vessel hand carries man jar milk,man carries vessel jar milk hand,man carries vessel jar milk hand
horned desert cobra chick viper quail snake hare animal,cobra snake horned viper quail chick desert hare animal,cobra snake horned viper quail chick desert hare animal
backbone power strength god gives,god gives backbone strength power,god gives backbone strength power
people beneath open rest sky,people rest beneath open sky,people rest beneath open sky
jar basket handle rack with milk jars vessel jar in,basket with handle jar vessel milk jar jars in rack,basket with handle jar vessel milk jar jars in rack
god     ankh     grants     ka     life,god grants life ankh ka,god grants life ankh ka
drink     speak     eat     people     heart     mouth,people eat drink speak mouth heart,people eat drink speak mouth heart
soul ba body the leaves,the soul ba leaves body,the soul ba leaves body
god truth maat man love do,god love man do truth maat,god love man do truth maat
road path opens god the,the god opens path road,the god opens path road
swallow god star sky watches,god watches sky star swallow,god watches star sky swallow
underground gate opens town god west,god opens gate town west underground,god opens gate town west underground
youth venerated heart hear father speak,venerated father hear heart youth speak,venerated father hear heart youth speak
soul god sky watches ba horizon,god watches soul ba sky horizon,god watches soul ba sky horizon
god the gives strength force power,the god gives strength force power,the god gives strength force power
water river man drinks ripple,man drinks water ripple river,man drinks water ripple river
stool handle with do to ring hand / / basket thing mat make,stool / mat basket with handle ring thing to do / make hand,stool / mat basket with handle ring thing to do / make hand
people great seated deity woman man temple god seated,temple god deity seated man seated woman people great,temple god deity seated man seated woman people great
scribe writing hand eye scroll papyrus book,papyrus scroll writing scribe book hand eye,papyrus scroll writing scribe book hand eye
forearm rib backbone foot life side hand (ankh) heart /,hand forearm foot side / rib backbone heart life (ankh),hand forearm foot side / rib backbone heart life (ankh)
holds     power     force     strength     authority     king,king holds power authority strength force,king holds power authority strength force
chick bird animal head swallow of belly owl quail,quail chick swallow owl head of bird animal belly,quail chick swallow owl head of bird animal belly
birth     gives     beautiful     youth     heart     mother,mother gives birth youth beautiful heart,mother gives birth youth beautiful heart
west walks lake river road man,man walks road river lake west,man walks road river lake west
god people all love lord basket,basket lord all people love god,basket lord all people love god
pellet     jars     grain     people     gather     thousand,people gather grain pellet thousand jars,people gather grain pellet thousand jars
man field hoe sickle plows,man plows field hoe sickle,man plows field hoe sickle
stability grants djed pillar god,god grants stability djed pillar,god grants stability djed pillar
grain gather pellet people thousand,people gather grain pellet thousand,people gather grain pellet thousand
west mountain walks horizon man road,man walks road mountain west horizon,man walks road mountain west horizon
building adze cut stone chisel gate,adze chisel cut stone building gate,adze chisel cut stone building gate
altar gives king peace offering,king gives offering peace altar,king gives offering peace altar
man servant seated woman youth old man people,old man youth servant people seated man woman,old man youth servant people seated man woman
man plows tills works field,man works plows tills field,man works plows tills field
djed stability sits king throne seat,king sits seat throne stability djed,king sits throne seat stability djed
papyrus writing eye scroll mouth / scribe hand book,writing / scribe book papyrus scroll hand eye mouth,book papyrus scroll writing / scribe hand eye mouth
house     city     gate     opens     god     town,god opens gate town city house,god opens gate house town city
watches god soul ba sky horizon,god watches soul ba sky horizon,god watches soul ba sky horizon
swallow lotus plant river ripple owl lake water,lake river water ripple lotus plant swallow owl,lake river water ripple lotus plant swallow owl
/ / skins king strength three fox he authority power king sedge force,three fox skins strength / force power authority king he / king sedge,three fox skins strength / force power authority king he / king sedge
force grants stability strength djed god,god grants stability djed strength force,god grants stability djed strength force
scroll stroke stroke papyrus writing / (plural single scribe scribe book marker) thing,single stroke stroke (plural marker) papyrus scroll book scribe writing / scribe thing,single stroke stroke (plural marker) papyrus scroll book scribe writing / scribe thing
road upon slope desert west hill foot face,foot face upon road hill slope desert west,foot face upon road hill slope desert west
ring flax tethering rope thing coil rope twisted of rope,tethering rope coil of rope twisted flax rope ring thing,tethering rope coil of rope rope twisted flax ring thing
people hill mountain live beside desert,people live beside mountain hill desert,people live beside mountain hill desert
protects gate temple people king,king protects temple gate people,king protects temple gate people
loaf offering grain / thousand lord conical god / pellet deity (give),thousand grain / pellet offering conical loaf (give) god / deity lord,thousand grain / pellet offering conical loaf (give) god / deity lord
peace rests house stool man mat,man rests stool mat house peace,man rests house stool mat peace
(djed) power mighty life authority stability great pillar / king (ankh) grandfather /,stability (djed) pillar / grandfather authority power great / mighty life (ankh) king,life (ankh) stability (djed) pillar / grandfather power authority great / mighty king
life ankh stability djed power god authority,life ankh stability djed god authority power,life ankh stability djed god authority power
horizon ka city sky star / (soul) emerge (spirit) town ba house,ba (soul) ka (spirit) emerge house city / town horizon sky star,ba (soul) ka (spirit) emerge house city / town horizon sky star
/ servant plows pellet man field people (tills) hoe grain,hoe plows (tills) field grain / pellet servant man people,hoe plows (tills) field grain / pellet servant man people
voice heart god hears king people,king hears voice heart god people,king hears voice heart people god
underground gate horizon opens god west,god opens gate west underground horizon,god opens gate west underground horizon
king great (lord) master (every) all mighty / / power he authority / king,master (lord) / all (every) king he / king authority power great / mighty,master (lord) / all (every) king he / king authority power great / mighty
people beside gate riverbank gather,people gather beside riverbank gate,people gather beside riverbank gate
hoe field tills plows man,man plows tills field hoe,man plows tills field hoe
beside     hill     live     mountain     people,people live beside mountain hill,people live beside mountain hill
behind people road follow mountain,people follow road behind mountain,people follow road behind mountain
commands the man servant king,the king commands servant man,the king commands servant man
king temple people protects god,king protects temple people god,king protects temple people god
people     eye     king     heart     god     sees,king sees eye heart people god,king sees eye heart people god
/ upon above back underground face behind / rib / side horizon,above behind / back face / upon side / rib underground horizon,above behind / back face / upon side / rib underground horizon
/ satisfy father mother (ankh) peace life marrow venerated / youth,venerated / marrow father mother youth life (ankh) peace / satisfy,venerated / marrow father mother youth life (ankh) peace / satisfy
in god the sky lives,the god lives in sky,the god lives in sky
mat stool upon sits woman,woman sits upon stool mat,woman sits upon stool mat
(ankh) mighty / stability life great all master (every) (lord) authority (djed) / power,life (ankh) stability (djed) power authority great / mighty master (lord) / all (every),life (ankh) stability (djed) power authority great / mighty master (lord) / all (every)
hears king speak heart people mouth,king hears people speak mouth heart,king hears people speak mouth heart
stroke (plural / writing single scribe stroke book marker) thing scribe,single stroke stroke (plural marker) thing writing / scribe book scribe,single stroke stroke (plural marker) thing writing / scribe book scribe papyrus
conical as satisfy (give) heart / offering peace / sweet (or example) like loaf,conical loaf (give) offering peace / satisfy heart sweet like / as (or example),conical loaf (give) offering peace / satisfy heart sweet like / as (or example)
stability life djed ankh authority power god,life ankh stability djed god authority power,life ankh stability djed god authority power
ka emerge town ba life (soul) house / (spirit) city,ka (spirit) ba (soul) emerge house city / town life,ka (spirit) ba (soul) emerge house city / town life
altar     do     /     deity     peace     to     /     god     temple     /     make     offering,to do / make offering peace / altar god / deity temple,to do / make offering peace / altar god / deity temple
storm hill above mountain hill sky fire slope desert desert,fire storm above mountain desert hill desert hill slope sky,fire storm above mountain desert hill desert hill slope sky
power authority king mighty pillar / life stability grandfather great (djed) / (ankh),stability (djed) pillar / grandfather authority power great / mighty life (ankh) king,life (ankh) stability (djed) pillar / grandfather power authority great / mighty king
hears sound man owl of,man hears sound of owl,man hears sound of owl
god west horizon watches star sky,god watches star sky horizon west,god watches star sky horizon west
of voice man hears god,man hears voice of god,man hears voice of god
backbone     foot     ba     ka     (spirit)     (soul)     forearm     side     hand     /     rib,hand forearm foot side / rib backbone ka (spirit) ba (soul),pillar / grandfather stability (djed) backbone ka (spirit) ba (soul) life (ankh)
lotus gather people plant under,people gather under lotus plant,people gather under lotus plant
hill walks man road desert,man walks road desert hill,man walks road desert hill
every people thousand king rules lord,king rules lord every thousand people,king rules lord every people thousand
backbone force power strength grants god,god grants strength force power backbone,god grants power strength force backbone
bread     of     offer     loaf     people,people offer loaf of bread,people offer loaf of bread
grandfather life ka / ba / god (ankh) (soul) (spirit) deity (djed) pillar stability,stability (djed) pillar / grandfather ka (spirit) ba (soul) life (ankh) god / deity,stability (djed) pillar / grandfather ka (spirit) ba (soul) life (ankh) god / deity
(truth/maat) feather / / speak truth / hear mouth drink maat eat listen /,hear / listen mouth eat / drink / speak truth / maat feather (truth/maat),hear / listen mouth eat / drink / speak truth / maat feather (truth/maat)
god sits the upon throne,the god sits upon throne,the god sits upon throne
great     (djed)     stability     (ankh)     power     life     authority     grandfather     mighty     /     pillar     /,stability (djed) pillar / grandfather power authority great / mighty life (ankh),life (ankh) stability (djed) pillar / grandfather power authority great / mighty
do plow field like father man,man plow field like father do,man plow field like father do
town     city     people     king     protects,king protects city town people,king protects city town people
upon road west slope foot face hill desert,foot face upon road hill slope desert west,foot face upon road hill slope desert west
peace heart satisfy god grants,god grants peace satisfy heart,god grants peace satisfy heart
gives woman to birth youth,woman gives birth to youth,woman gives birth to youth
milk hand man jar carries vessel,man carries vessel milk jar hand,man carries vessel jar milk hand
bolt door house god opens gate,god opens house gate door bolt,god opens house gate door bolt
loaf bread offering king gives,king gives offering bread loaf,king gives bread loaf offering
(truth/maat) thing / negation god speak heart feather (no/not) deity,negation (no/not) speak thing heart feather (truth/maat) god / deity,negation (no/not) speak thing heart feather (truth/maat) god / deity
good beautiful negation / / make (no/not) do fear heart thing,negation (no/not) do / make thing beautiful / good heart fear,negation (no/not) do / make thing beautiful / good heart fear
star hear sky soul ba owl horizon,owl hear soul ba star sky horizon,owl hear soul ba star sky horizon
peace truth maat heart god deity satisfy life,heart satisfy peace truth maat life god deity,heart satisfy peace truth maat life god deity
drink bread milk of jar / speak loaf mouth eat / jar,mouth eat / drink / speak loaf of bread milk jar jar,mouth eat / drink / speak loaf of bread milk jar jar
people     gather     plant     lotus     lake,people gather lotus plant lake,people gather lotus plant lake
road     man     desert     walks     west     horizon,man walks road desert west horizon,man walks road desert west horizon
/ do to foot forearm hand thing senet ring board make,senet board ring thing to do / make hand forearm foot,senet board ring thing to do / make hand forearm foot
satisfy jar heart jar milk vessel offering,jar vessel milk jar offering heart satisfy,jar vessel milk jar offering heart satisfy
town city road door town gate bolt / house,door bolt gate house city / town town road,door bolt gate house city / town town road
building adze brick stone chisel gate temple,chisel adze stone brick temple gate building,chisel adze stone brick temple gate building
hill fire hill mountain horizon above desert storm desert sky,fire storm sky horizon above mountain desert hill desert hill,fire storm above mountain desert hill sky horizon
eat loaf people bread every lord,lord every people eat loaf bread,lord every people eat loaf bread
life star scarab emerge become (spirit) ka to (ba) soul (ankh),to become scarab emerge life (ankh) soul (ba) ka (spirit) star,to become scarab emerge life (ankh) soul (ba) ka (spirit) star
basket city all board house senet lord ring town,senet board ring basket lord all city town house,senet board ring basket lord all city town house
jar eat milk vessel thing speak / grain jar / / drink pellet,grain / pellet milk jar vessel jar eat / drink / speak thing,grain / pellet milk jar vessel jar eat / drink / speak thing
field house riverbank live people,people live riverbank field house,people live riverbank field house
gives youth birth life woman,woman gives birth youth life,woman gives birth youth life
power     great     stability     life     ankh     authority     djed,life ankh stability djed power authority great,life ankh stability djed power authority great
temple cut make stone seat chisel throne,chisel cut stone make throne seat temple,chisel cut stone make throne seat temple
temple king milk gives jar offering,king gives offering milk jar temple,king gives offering milk jar temple
satisfy the heart grants peace god,the god grants peace satisfy heart,the god grants peace satisfy heart
power king rules city people,king rules city people power,king rules city people power
/ road to return town / city (ankh) retreat life house,to return / retreat road city / town house life (ankh),to return / retreat road city / town house life (ankh)
thousand every king lord rules people,king rules lord every people thousand,king rules lord every thousand people
god peace temple the altar brings,the god brings peace altar temple,the god brings peace altar temple
pellet man sickle field cut grain servant,sickle cut grain pellet field servant man,sickle cut grain pellet field servant man
power fox / authority king three skins strength force,three fox skins strength / force power authority king,three fox skins strength / force power authority king
city     town     power     rules     king     authority,king rules city town authority power,king rules city town authority power
god force gives the strength,the god gives strength force,the god gives strength force
fear king of authority people,people fear authority of king,people fear authority of king
follow temple town people gate road,people follow road gate temple town,people follow road gate temple town
hand plant pellet cut grain / basket with handle sickle lotus,sickle cut grain / pellet lotus plant hand basket with handle,sickle cut grain / pellet lotus plant hand basket with handle
plant lotus clump papyrus reed leaf plant riverbank field,lotus plant papyrus clump reed leaf plant field riverbank,lotus plant papyrus clump reed leaf plant field riverbank
truth god deity heart feather ba maat,feather truth maat god deity heart ba,feather truth maat god deity heart ba
town     gate     road     door     house     town     bolt     /     city,door bolt gate house city / town town road,gate door bolt house city / town town road
gives god strength power backbone,god gives backbone strength power,god gives backbone strength power
pellet bread eats man grain,man eats grain pellet bread,man eats grain pellet bread
handle with / ring mat basket jar stone stool brick,stool / mat ring basket with handle jar brick stone,stool / mat ring basket with handle jar brick stone
power seat throne holds king,king holds throne seat power,king holds throne seat power
with (repeated) mat ring vessel (repeated) mat stool / handle basket stool / mat,stool / mat mat (repeated) stool / mat (repeated) basket with handle ring vessel,stool / mat mat (repeated) basket with handle ring vessel
road the opens path god,the god opens path road,the god opens path road
(tills) food hoe plows pellet grain / servant field,servant hoe plows (tills) field grain / pellet food,servant hoe plows (tills) field grain / pellet food
people prayer hears the of king,the king hears prayer of people,the king hears prayer of people
grants strength backbone god force,god grants strength force backbone,god grants strength force backbone
writing people gather papyrus scroll,people gather papyrus scroll writing,people gather papyrus scroll writing
honor people offering god with,people honor god with offering,people honor god with offering
life become sky horizon star emerge (ankh) scarab,become scarab emerge life (ankh) horizon star sky,become scarab emerge life (ankh) horizon star sky
people gate follow road temple town,people follow road gate temple town,people follow road gate temple town
all power great / / (lord) (every) stability authority mighty (ankh) (djed) master life,life (ankh) stability (djed) power authority great / mighty master (lord) / all (every),life (ankh) stability (djed) power authority great / mighty master (lord) / all (every)
above fire storm hill hill desert desert horizon sky mountain,fire storm sky horizon above mountain desert hill desert hill,fire storm above mountain desert hill sky horizon
backbone     strength     power     god     gives,god gives backbone strength power,god gives backbone strength power
beautiful good mother (ankh) / gives birth begets heart / youth life,beautiful / good mother gives birth / begets youth life (ankh) heart,beautiful / good mother gives birth / begets youth life (ankh) heart
sky see scribe above star horizon,scribe see star above horizon sky,scribe see star above horizon sky
backbone walk behind mountain people,people walk behind backbone mountain,people walk behind backbone mountain
hand plows man hoe repeated field,man plows repeated field hoe hand,man plows repeated field hoe hand
sky bird sees / horizon of head face upon star eye,eye sees face / upon head of bird sky star horizon,eye sees face / upon head of bird sky star horizon
god gives people power king authority,god gives power authority people king,god gives power authority people king
gives father life (ankh) altar peace / mother begets birth / youth,father mother youth gives birth / begets life (ankh) peace / altar,father mother youth gives birth / begets life (ankh) peace / altar
offering jar heart milk satisfy jar vessel,jar vessel milk jar offering heart satisfy,jar vessel milk jar offering heart satisfy
god satisfied grants content peace,god grants peace content satisfied,god grants peace content satisfied
to (ankh) mighty great life become placenta / become youth,placenta become to become life (ankh) youth great / mighty,placenta become to become life (ankh) youth great / mighty
storm great fears the heart,the heart fears great storm,the heart fears great storm
stool seated woman mat woman sits,woman sits seated woman stool mat,woman sits seated woman stool mat
hill people mountain desert road follow,people follow road desert mountain hill,people follow road mountain hill desert
become scarab emerge to life star become sky (ankh),scarab become to become life (ankh) emerge star sky,scarab become to become life (ankh) emerge star sky
king man servant the commands,the king commands servant man,the king commands servant man
papyrus writing scroll scribe people gather,people gather papyrus scroll writing scribe,people gather papyrus scroll writing scribe
every king lord above rules,king rules above lord every,king rules above lord every
horizon above emerges god sky,god emerges above horizon sky,god emerges above horizon sky
king protects people power strength authority,king protects people authority strength power,king protects people authority power strength
voice hears heart people god king,king hears voice heart god people,king hears heart voice people god
altar god grants temple peace content,god grants peace altar temple content,god grants peace altar temple content
rope twisted coil rope rope tethering of flax,tethering rope coil of rope rope twisted flax,tethering rope coil of rope rope twisted flax
become life emerge to star sky become scarab (ankh),scarab become to become life (ankh) emerge star sky,scarab become to become life (ankh) emerge star sky
offering grain king pellet gives god,king gives offering grain pellet god,king gives offering grain pellet god
hand strength thing force do great,hand do thing great strength force,hand do thing great strength force
the king man commands servant,the king commands servant man,the king commands servant man
god throne the sits upon,the god sits upon throne,the god sits upon throne
truth mouth speak feather eat listen hear maat drink,hear listen mouth eat drink speak truth maat feather,hear listen mouth eat drink speak truth maat feather
/ strength seat power king authority / sedge / throne throne he force (king),he / king sedge (king) throne seat / throne authority power strength / force,sedge (king) he / king throne seat / throne authority power strength / force
milk jar drinks woman from,woman drinks milk from jar,woman drinks milk from jar
desert above hill horizon mountain storm sky fire,fire storm above mountain desert hill sky horizon,fire storm above mountain desert hill sky horizon
gate town city house god opens,god opens gate city town house,god opens gate town city house
mouth writing scroll / eye hand scribe book papyrus,writing / scribe book papyrus scroll hand eye mouth,book papyrus scroll writing / scribe hand eye mouth
river gate at people cross,people cross river at gate,people cross river at gate
great king (djed) power grandfather mighty (ankh) authority / stability pillar life /,life (ankh) stability (djed) pillar / grandfather power authority great / mighty king,life (ankh) stability (djed) pillar / grandfather power authority great / mighty king
life house carries woman milk jar,woman carries milk jar house life,woman carries milk jar house life
lord authority every holds king thousand,king holds authority lord every thousand,king holds authority lord every thousand
do strong house cut man brick,strong man cut brick do house,strong man cut brick do house
seat king throne power holds,king holds throne seat power,king holds throne seat power
riverbank live beside people lake field,people live beside lake riverbank field,people live beside field riverbank lake
lotus clump water ripple leaf reed plant lake papyrus plant,lotus plant plant reed leaf papyrus clump lake water ripple,lotus plant plant reed leaf papyrus clump lake water ripple
man river water ripple drinks,man drinks water ripple river,man drinks water ripple river
scribe (plural marker) papyrus book single scribe / writing stroke stroke scroll,single stroke stroke (plural marker) papyrus scroll book scribe writing / scribe,single stroke stroke (plural marker) papyrus scroll scribe writing / scribe book
become emerge become horizon to scarab sky,become scarab to become emerge horizon sky,become scarab to become emerge horizon sky
(tills) field pellet hoe / thousand grain servant plows,thousand grain / pellet hoe plows (tills) field servant,thousand grain / pellet hoe plows (tills) field servant
ripple man water lake drinks,man drinks water ripple lake,man drinks water ripple lake
field works near river man,man works field near river,man works field near river
mouth     people     king     speak     heart     hears,king hears people speak mouth heart,king hears people speak mouth heart
people beside live riverbank lake,people live beside riverbank lake,people live beside riverbank lake
gives begets / mother birth woman youth woman seated / heart beautiful good,beautiful / good woman seated woman mother gives birth / begets youth heart,beautiful / good woman seated woman mother gives birth / begets youth heart
to give temple people offering,people give offering to temple,people give offering to temple
sky sees owl man head bird,man sees head bird owl sky,man sees head bird owl sky
belly owl quail animal head bird of chick swallow,quail chick swallow owl head of bird animal belly,quail chick swallow owl head of bird animal belly
head heart of animal belly ox life,head of ox animal belly heart life,head of ox animal belly heart life
sky desert fire mountain above storm hill,storm fire above mountain desert hill sky,storm fire above mountain desert hill sky
return     /     retreat     mountain     /     to     road     city     desert     desert     town     hill     hill,to return / retreat road mountain desert hill desert hill city / town,to return / retreat road mountain desert hill desert hill slope
desert fire people hill fear storm,people fear desert storm fire hill,people fear storm fire desert hill
life placenta youth gives woman,woman gives life placenta youth,woman gives life placenta youth
water river drink people ripple,people drink water ripple river,people drink water ripple river
gate cross riverbank road town people,people cross riverbank road town gate,people cross riverbank road town gate
people feather honor maat truth,people honor truth maat feather,people honor feather truth maat
snake horned seated fear cobra man viper,horned viper cobra snake fear seated man,horned viper cobra snake fear seated man
sits upon stool mat woman,woman sits upon stool mat,woman sits upon stool mat
djed god authority power king grandfather stability pillar,pillar grandfather stability djed god king power authority,pillar grandfather stability djed god king power authority
satisfy     lord     /     /     feather     truth     god     (truth/maat)     heart     deity     maat     /     peace,feather (truth/maat) truth / maat heart peace / satisfy god / deity lord,mouth eat / drink / speak truth / maat feather (truth/maat) heart peace / satisfy
hill desert city town hill mountain / road slope town,hill slope desert hill mountain road town city / town,hill slope desert hill mountain road town city / town
rests man under shelter reed,man rests under reed shelter,man rests under reed shelter
birth woman youth begets gives,woman gives birth begets youth,woman gives birth begets youth
sickle man servant pellet grain cut field,sickle cut grain pellet field man servant,sickle cut grain pellet field man servant
god     star     /     great     deity     sky     above     /     horizon     mighty,god / deity great / mighty above sky star horizon,god / deity great / mighty above sky star
pillar beside stone rests man,man rests beside stone pillar,man rests beside stone pillar
star fire above mountain horizon storm sky,fire storm above sky star horizon mountain,fire storm star sky horizon above mountain
stroke papyrus single book scribe writing scroll marker) / stroke (plural thing,single stroke stroke (plural marker) papyrus scroll book writing / scribe thing,single stroke stroke (plural marker) papyrus scroll book writing / scribe thing
god watches star swallow sky,god watches star sky swallow,god watches star swallow sky
satisfied grants heart god peace,god grants peace satisfied heart,god grants peace satisfied heart
power protects king strength people,king protects people strength power,king protects people strength power
owl water lake swallow riverbank river plant ripple lotus,river riverbank lake water ripple lotus plant swallow owl,river riverbank lake water ripple lotus plant swallow owl
like heart lotus plant become sweet,heart become sweet like lotus plant,heart become sweet like lotus plant
hand (ankh) backbone side heart / life rib forearm foot,hand forearm foot side / rib backbone heart life (ankh),hand forearm foot side / rib backbone heart life (ankh)
handle mat milk jars stool jar basket / in vessel with jar rack,jars in rack vessel jar milk jar basket with handle stool / mat,jars in rack vessel jar milk jar basket with handle stool / mat
twisted tethering rope coil ring thing flax of rope rope,tethering rope coil of rope twisted flax rope ring thing,tethering rope twisted flax rope coil of rope ring thing
board do eye make ring / thing senet hand to,senet board ring thing to do / make hand eye,senet board ring thing to do / make hand eye
star watches west swallow god sky,god watches star swallow sky west,god watches star swallow sky west
grants satisfy the peace heart god,the god grants peace satisfy heart,the god grants peace satisfy heart
ripple water plant sweet heart like lotus,heart sweet like lotus plant water ripple,heart sweet like lotus plant water ripple
emerge     sky     town     city     /     ba     (spirit)     ka     house     (soul),ka (spirit) ba (soul) emerge house city / town sky,ka (spirit) ba (soul) emerge house city / town sky
tethering     rope     coil     strength     rope     of     twisted     rope     flax,tethering rope coil of rope rope twisted flax strength,tethering rope coil of rope rope twisted flax strength
desert to hill desert road return retreat slope town mountain hill /,to return / retreat road mountain desert hill desert hill slope town,to return / retreat road mountain desert hill desert hill slope town
man basket handle grain carries pellet,man carries basket handle grain pellet,man carries basket handle grain pellet
scribe papyrus good writing beautiful scroll thing book,writing scribe papyrus scroll book thing beautiful good,writing scribe papyrus scroll book writing beautiful good thing
(tills) pellet plows grain thousand plant field / hoe,hoe plows (tills) field plant grain / pellet thousand,hoe plows (tills) field plant grain / pellet thousand
star god emerges horizon west sky,god emerges horizon west sky star,god emerges horizon west sky star
woman     man     father     people     old     servant     seated     youth     man     mother,old man youth servant people seated man woman father mother,old man youth servant people city town road
milk life jar woman drinks,woman drinks milk jar life,woman drinks milk jar life
plant     papyrus     clump     lotus     field     riverbank     plant     leaf     reed,lotus plant papyrus clump reed leaf plant field riverbank,sedge king papyrus clump plant lotus plant field riverbank
woman life birth youth gives,woman gives birth youth life,woman gives birth youth life
papyrus leaf thousand / reed field grain lotus plant pellet clump,thousand grain / pellet field plant reed leaf papyrus clump lotus,thousand grain / pellet field plant reed leaf papyrus clump lotus
hand     field     plows     repeated     man     hoe,man plows repeated field hoe hand,man plows repeated field hoe hand
hill     desert     people     live     behind,people live behind desert hill,people live behind desert hill
cut adze gate brick chisel stone house,adze chisel cut brick stone gate house,chisel adze cut brick stone house gate
house bolt road gate city town door,road city town house gate door bolt,road city town house gate door bolt
youth woman gives to birth,woman gives birth to youth,woman gives birth to youth
mountain desert road return retreat hill slope / town hill to desert,to return / retreat road mountain desert hill desert hill slope town,to return / retreat road mountain desert hill desert hill slope town
life soul ka god grants,god grants life ka soul,god grants life ka soul
life heart truth satisfy deity maat god peace,heart satisfy peace truth maat life god deity,heart satisfy peace truth maat life god deity
star storm fire sky horizon mountain above,fire storm above sky star horizon mountain,fire storm star sky horizon above mountain
rests stool mat man on,man rests on stool mat,man rests on stool mat
/ beautiful life youth mother heart woman seated (ankh) good woman,beautiful / good woman youth seated woman mother heart life (ankh),beautiful / good woman youth seated woman mother heart life (ankh)
hill above desert star horizon sky mountain star,sky above mountain desert hill horizon star star,sky above mountain desert hill horizon star star
king power people protects authority,king protects people power authority,king protects people power authority
people sky fire fear storm,people fear storm fire sky,people fear storm fire sky
satisfy speak heart mouth truth peace maat,mouth speak truth maat heart peace satisfy,mouth speak truth maat heart peace satisfy
star to life become scarab emerge become,scarab become to become life emerge star,scarab become to become life emerge star
head swallow ripple riverbank river water bird lake of,riverbank river lake water ripple swallow head of bird,riverbank river lake water ripple swallow head of bird
writing single book marker) papyrus scroll stroke (plural eye scribe scribe / stroke,single stroke stroke (plural marker) papyrus scroll book scribe writing / scribe eye,single stroke stroke (plural marker) papyrus scroll book scribe writing / scribe eye
great the people god hears,the great god hears people,the great god hears people
lake jar man water ripple drinks,man drinks water ripple lake jar,man drinks water ripple lake jar
clump lake plant riverbank leaf reed papyrus lotus plant,lotus plant plant reed leaf papyrus clump lake riverbank,riverbank papyrus clump reed leaf plant lake river
toward city gate walk people,people walk toward city gate,people walk toward city gate
rules city people king power town,king rules city town people power,king rules city town people power
forearm rib hand ba ka side (soul) backbone / foot (spirit),hand forearm foot side / rib backbone ka (spirit) ba (soul),hand forearm foot side / rib backbone ka (spirit) ba (soul)
peace (truth/maat) feather heart lord / deity content (satisfied) god /,feather (truth/maat) heart peace / content (satisfied) god / deity lord,feather (truth/maat) heart peace / content (satisfied) god / deity lord
stability grants the djed god,the god grants stability djed,the god grants stability djed
storm people fire sky fear,people fear fire storm sky,people fear storm fire sky
great temple city has the,the city has great temple,the city has great temple
lotus clump reed plant papyrus leaf lake riverbank plant,lotus plant plant reed leaf papyrus clump lake riverbank,lotus plant plant reed leaf papyrus clump lake riverbank
beautiful loves town city king the,the king loves beautiful city town,the king loves beautiful city town
grain field servant hoe thousand (tills) pellet / plows,thousand grain / pellet hoe plows (tills) field servant,thousand grain / pellet hoe plows (tills) field servant
star sky watches god swallow,god watches star swallow sky,god watches star swallow sky
god people birth life begets gives,god gives birth begets life people,god gives birth begets life people
backbone god power force strength grants,god grants strength force power backbone,god grants power strength force backbone
thing do hand foot to forearm senet ring make board /,senet board ring thing to do / make hand forearm foot,senet board ring thing to do / make hand forearm foot
man grain sickle plows field,man plows field sickle grain,man plows field sickle grain
road people temple follow gate town,people follow road gate temple town,people follow road gate temple town
river ripple field clump water riverbank lake papyrus,papyrus clump field lake river riverbank water ripple,papyrus clump field lake river riverbank water ripple
life heart / (ankh) soul (ba) backbone side placenta animal rib belly,animal belly backbone side / rib placenta heart soul (ba) life (ankh),animal belly backbone side / rib placenta heart soul (ba) life (ankh)
venerated     /     father     life     old     (ankh)     satisfy     marrow     man     youth     peace     /,old man venerated / marrow father youth life (ankh) peace / satisfy,venerated / marrow father youth old man life (ankh)
negation / road retreat life city / house return (ankh) (no/not) town,negation (no/not) return / retreat road city / town house life (ankh),negation (no/not) return / retreat road city / town house life (ankh)
town     stone     gate     house     brick     town     city     /,gate house brick stone city / town town,gate house brick stone town city
man fire beside rests lake,man rests beside fire lake,man rests beside fire lake
horizon spirit life ka ba soul emerge,ka spirit ba soul emerge life horizon,ka spirit ba soul emerge life horizon
mighty / pillar life (djed) great authority stability / power (ankh) grandfather,life (ankh) stability (djed) pillar / grandfather power authority great / mighty,stability (djed) pillar / grandfather power authority great / mighty life (ankh)
marker scroll plural scribe stroke stroke papyrus single book,single stroke stroke plural marker papyrus scroll scribe book,single stroke stroke plural marker papyrus scroll scribe book
father life servant altar youth mother peace,father mother servant youth life peace altar,father mother servant youth life peace altar
bolt god door opens house,god opens house door bolt,god opens house door bolt
deity peace maat life truth satisfy god heart,heart satisfy peace truth maat life god deity,heart satisfy peace truth maat life god deity
/ man field plows grain (tills) people hoe servant pellet youth,hoe plows (tills) field grain / pellet servant man people youth,hoe plows (tills) field grain / pellet servant man people youth
city king people rules power,king rules city people power,king rules city people power
people follow hill road mountain,people follow road mountain hill,people follow road mountain hill
heart milk offering jar jar vessel satisfy,jar vessel milk jar offering heart satisfy,jar vessel milk jar offering heart satisfy
deity     temple     offering     god     people     honor,people honor god deity temple offering,people honor god deity temple offering
mouth eat people heart drink speak,people eat drink speak mouth heart,people eat drink speak mouth heart
speak hears mouth king heart people,king hears mouth speak heart people,king hears mouth speak heart people
upon road desert mountain eye hill face / sees,eye sees face / upon road mountain desert hill,eye sees face / upon road mountain desert hill
emerge ba life spirit house ka soul,ba soul ka spirit emerge house life,ba soul ka spirit emerge house life
road hill man west walks mountain,man walks road mountain hill west,man walks road mountain hill west
opens god city gate town house,god opens gate city town house,god opens gate house town city
eastern the rises god horizon above,the god rises above eastern horizon,the god rises above eastern horizon
mountain god underground west dwells horizon,god dwells underground mountain west horizon,god dwells underground mountain west horizon
sky people west fire fear storm,people fear storm fire sky west,people fear storm fire sky west
strength     king     power     authority     holds,king holds power authority strength,king holds power authority strength
bread milk offering loaf of peace jar servant lord,servant offering milk jar loaf of bread lord peace,servant offering milk jar loaf of bread lord peace
storm desert fear hill fire people,people fear desert storm fire hill,people fear desert storm fire hill
loves the king beautiful town city,the king loves beautiful city town,the king loves beautiful city town
/ great ring he king power (king) authority / king sedge mighty,king he / king sedge (king) authority power great / mighty ring,king he / king sedge (king) authority power great / mighty ring
life / city / (ankh) town house (no/not) return negation retreat road,negation (no/not) return / retreat road city / town house life (ankh),negation (no/not) return / retreat road city / town house life (ankh)
snake     people     storm     cobra     fear,people fear snake cobra storm,people fear snake cobra storm
placenta     birth     woman     youth     gives     life,woman gives birth life youth placenta,woman gives birth placenta youth life
life     woman     jar     drinks     milk,woman drinks milk jar life,woman drinks milk jar life
peace     youth     old     father     life     /     /     people     (ankh)     venerated     satisfy     marrow     man,venerated / marrow father youth old man life (ankh) peace / satisfy people,old man venerated / marrow father youth life (ankh) peace / satisfy
/ / mat mat basket with ring handle stool (repeated) mat vessel (repeated) stool,stool / mat mat (repeated) stool / mat (repeated) basket with handle ring vessel,stool / mat mat (repeated) throne with handle ring vessel
king voice god hears people heart,king hears heart voice people god,king hears voice heart people god
hears god voice king people heart,king hears heart voice people god,king hears voice heart people god
offering     god     (give)     /     satisfy     peace     /     conical     heart     deity     loaf,conical loaf (give) offering peace / satisfy heart god / deity,conical loaf (give) offering peace / satisfy heart god / deity
horizon     (soul)     emerge     ka     sky     star     (ankh)     house     (spirit)     ba     life,ba (soul) ka (spirit) emerge house life (ankh) horizon sky star,ba (soul) ka (spirit) emerge house city / town horizon sky star
from     house     man     brick     builds,man builds house from brick,man builds house from brick
lotus under rests man plant peace,man rests under lotus plant peace,man rests under lotus plant peace
servant grain tills pellet field hoe plows,hoe plows tills field grain pellet servant,hoe plows tills field grain pellet servant
god spirit ka ankh life gives,god gives life ankh ka spirit,god gives life ankh ka spirit
of head quail owl swallow bird head eye ox chick of,quail chick swallow head of bird head of ox owl eye,quail chick swallow head of bird head of ox owl eye
reed man rests mat house shelter,man rests reed shelter house mat,man rests house mat reed shelter
ripple man riverbank drinks water,man drinks water ripple riverbank,man drinks water ripple riverbank
life (ankh) great (djed) / pillar power stability / grandfather authority mighty,life (ankh) stability (djed) pillar / grandfather power authority great / mighty,life (ankh) stability (djed) pillar / grandfather power authority great / mighty king
field riverbank beside people live,people live beside riverbank field,people live beside riverbank field
desert hill town return city hill / to desert mountain retreat road /,to return / retreat road mountain desert hill desert hill city / town,to return / retreat road mountain desert hill desert hill city / town
people     beside     lake     field     live     riverbank,people live beside field riverbank lake,people live beside field riverbank lake
adze house brick chisel stone building cut,chisel adze cut stone brick house building,chisel adze cut stone brick house building
father man field do like plow,man plow field like father do,man plow field like father do
town king the rules above city,the king rules above city town,the king rules above city town
cut brick adze chisel temple building stone,adze chisel cut stone brick building temple,adze chisel cut stone brick building temple
king man behind authority follows,man follows behind king authority,man follows behind king authority
grants people power life god,god grants life power people,god grants life power people
of head ox quail owl head of chick bird swallow,quail chick swallow owl head of bird head of ox,quail chick swallow owl head of bird head of ox
jar / jar of loaf offering bread peace milk altar conical loaf (give),conical loaf (give) offering peace / altar loaf of bread milk jar jar,conical loaf (give) offering peace / altar loaf of bread milk jar jar
adze gate brick chisel stone house,chisel adze stone brick house gate,chisel adze stone brick house gate
stroke eye scribe writing scribe book single marker) (plural / scroll stroke papyrus,single stroke stroke (plural marker) papyrus scroll book scribe writing / scribe eye,single stroke stroke (plural marker) papyrus scroll book scribe writing / scribe eye
grants altar peace satisfied god content,god grants peace altar content satisfied,god grants peace altar content satisfied
plural book scroll stroke scribe stroke writing single marker papyrus,single stroke stroke plural marker papyrus scroll writing scribe book,single stroke stroke plural marker papyrus scroll writing scribe book
writing / marker) single stroke scribe stroke book (plural thing,single stroke stroke (plural marker) thing writing / scribe book,single stroke stroke (plural marker) thing writing / scribe book
owl hears man night star sky,man hears owl sky star night,man hears owl night sky star
swallow sky star watches god,god watches sky star swallow,god watches star swallow sky
house make brick adze gate cut stone,adze cut stone make brick house gate,adze cut stone make brick house gate
pellet gather people field jars grain,people gather grain pellet field jars,people gather grain pellet field jars
owl sees head bird man sky,man sees head bird owl sky,man sees head bird owl sky
offering king temple gives the,the king gives offering temple,the king gives offering temple
house reed town building door brick gate bolt shelter,gate door bolt reed shelter brick house building town,gate door bolt reed shelter brick house building town
people road mountain follow hill,people follow road mountain hill,people follow road mountain hill
house reed city shelter field man town,reed shelter house man field town city,reed shelter house man field town city
bird     eye     forearm     mouth     head     of     foot     hand,forearm hand foot head of bird eye mouth,forearm hand foot head of bird eye mouth
desert hill fire people storm fear,people fear storm fire desert hill,people fear storm fire desert hill
peace king love truth feather maat,king love feather truth maat peace,king love feather truth maat peace
adze gate stone house chisel brick,chisel adze stone brick house gate,chisel adze stone brick house gate
with handle milk ring jars jar vessel basket in jar rack,jars in rack vessel jar milk jar basket with handle ring,jars in rack vessel jar milk jar basket with handle ring
wears crown sedge king the,the king wears crown sedge,the king wears crown sedge
papyrus     book     scroll     eye     writing     hand     scribe,papyrus scroll writing scribe book hand eye,papyrus scroll writing / scribe book hand eye
god     king     heart     people     hears     mouth,king hears heart mouth people god,king hears heart mouth people god
gate stone temple adze chisel building brick,chisel adze stone brick temple gate building,chisel adze stone brick temple gate building
king protects the people city,the king protects people city,the king protects people city
/ mountain desert road sees eye hill face upon,eye sees face / upon road mountain desert hill,eye sees face / upon road mountain desert hill
ripple drinks water man lake,man drinks water ripple lake,man drinks water ripple lake
town     riverbank     people     live     near,people live near riverbank town,people live near riverbank town
heart eat people mouth drink speak,people eat drink speak mouth heart,people eat drink speak mouth heart
maat king feather love peace truth,king love feather truth maat peace,king love feather truth maat peace
house to / do chisel make adze brick stone gate,to do / make house brick stone adze chisel gate,to do / make house brick stone adze chisel gate
great youth placenta mighty become life,placenta become life youth great mighty,placenta become life youth great mighty
/ power king three force he strength sedge skins fox authority king /,three fox skins strength / force power authority king he / king sedge,three fox skins strength / force power authority king he / king sedge
field man city reed house shelter town,reed shelter house man field town city,reed shelter house man field town city
temple authority people protects god king,king protects people god temple authority,king protects people god temple authority
great placenta life strength power youth become,placenta become life youth great power strength,placenta become life youth great power strength
under rests lotus plant man mat,man rests under lotus plant mat,man rests under lotus plant mat
king     protects     city     authority     people,king protects people city authority,king protects people city authority
reed / house brick town city shelter bolt door gate,gate door bolt reed shelter brick house city / town,door bolt gate reed shelter house brick city / town
west walks riverbank road lake man,man walks road riverbank lake west,man walks road riverbank lake west
king plant field sedge plant lotus riverbank clump papyrus,sedge king papyrus clump plant lotus plant field riverbank,sedge king papyrus clump plant lotus plant field riverbank
foot forearm backbone heart side / hand rib,hand forearm foot side / rib backbone heart,foot forearm hand side / rib backbone heart
god people bread to offer,people offer bread to god,people offer bread to god
(ankh) god deity ka peace heart soul satisfy / / (ba) (spirit) life,heart peace / satisfy life (ankh) soul (ba) ka (spirit) god / deity,heart peace / satisfy life (ankh) soul (ba) ka (spirit) god / deity
man house builds brick from,man builds house from brick,man builds house from brick
fear / force strength / deity (no/not) heart storm negation fire god,negation (no/not) fear storm fire god / deity heart strength / force,negation (no/not) fear storm fire god / deity heart strength / force
(ankh) life rib soul backbone heart side belly / animal (ba),animal belly backbone side / rib heart soul (ba) life (ankh),animal belly backbone side / rib heart soul (ba) life (ankh)
rib (ankh) belly side backbone heart / life (spirit) ka animal placenta,animal belly backbone side / rib placenta heart life (ankh) ka (spirit),animal belly backbone side / rib placenta heart life (ankh) ka (spirit)
west storm sky fire fear people,people fear storm fire sky west,people fear storm fire sky west
strong cobra people snake fear,people fear strong snake cobra,people fear strong snake cobra
gives backbone the strong god,the god gives strong backbone,the god gives strong backbone
god djed grants power stability,god grants stability djed power,god grants stability djed power
city house town live people,people live house city town,people live house city town
jars grain people rack pellet gather,people gather grain pellet jars rack,people gather grain pellet jars rack
woman sits upon mat stool,woman sits upon stool mat,woman sits upon stool mat
upon see horizon sky eye star face,eye see face upon sky horizon star,eye see face upon sky horizon star
birth youth mother heart gives beautiful,mother gives birth youth beautiful heart,mother gives birth youth beautiful heart
god peace grants temple altar,god grants peace altar temple,god grants peace altar temple
hill people mountain road follow,people follow road mountain hill,people follow road mountain hill
life the gives ka god,the god gives life ka,the god gives life ka
speak heart eat people drink mouth,people eat drink speak mouth heart,people eat drink speak mouth heart
/ (lord) mighty king great / god master all seated (every) / authority,seated god / king authority great / mighty master (lord) / all (every),seated god / king authority great / mighty master (lord) / all (every)
live     bank     beside     river     people,people live beside river bank,people live beside river bank
holds strength backbone force authority king,king holds authority backbone strength force,king holds authority backbone strength force
mouth speak hears king heart people,king hears mouth speak heart people,king hears mouth speak heart people
mountain road people follow west,people follow road mountain west,people follow road mountain west
do man truth god love maat,god love man do truth maat,god love man do truth maat
town people gate city road follow,people follow road gate town city,people follow road gate town city
king backbone strength authority force holds,king holds authority backbone strength force,king holds authority backbone strength force
head     upon     sky     face     of     star     eye     bird,eye face upon head of bird sky star,eye face upon head of bird sky star
field (tills) servant grain people man plows / hoe pellet,hoe plows (tills) field grain / pellet servant man people,hoe plows (tills) field grain / pellet servant man people
house emerge town (spirit) life ba (soul) ka / city,ka (spirit) ba (soul) emerge house city / town life,ka (spirit) ba (soul) emerge house city / town life
city temple opens god gate,god opens gate temple city,god opens gate temple city
town gate follow people road,people follow road gate town,people follow road gate town
papyrus road clump water lake riverbank ripple lotus plant,road riverbank lake water ripple lotus plant papyrus clump,road riverbank lake water ripple lotus plant papyrus clump
gate west house opens god,god opens gate house west,god opens gate house west
mother marrow peace youth / life father (ankh) / venerated satisfy,venerated / marrow father mother youth life (ankh) peace / satisfy,venerated / marrow father mother youth life (ankh) peace / satisfy
grants god altar satisfy temple peace,god grants peace altar temple satisfy,god grants peace altar temple satisfy
man beside road riverbank follows,man follows road beside riverbank,man follows road beside riverbank
god offering grain jar vessel / / deity pellet thousand,thousand grain / pellet vessel jar offering god / deity,thousand grain / pellet vessel jar offering god / deity
heart / content marrow peace / mother father venerated youth (satisfied),venerated / marrow father mother youth heart peace / content (satisfied),venerated / marrow father mother youth heart peace / content (satisfied)
town     god     house     opens     gate,god opens gate house town,god opens gate house town
hears     god     people     king     prayer     temple,king hears prayer temple people god,king hears prayer temple people god
to brick door gate temple bolt house building / make stone do,to do / make house brick stone building temple gate door bolt,to do / make house brick stone building temple gate door bolt
sits djed pillar throne king stability,king sits throne stability pillar djed,king sits throne stability pillar djed
water lake drinks riverbank ripple man,man drinks water ripple riverbank lake,man drinks water ripple riverbank lake
tethering ring rope flax twisted coil thing rope of rope,tethering rope twisted flax rope coil of rope ring thing,tethering rope coil of rope twisted flax rope ring thing
animal belly / life heart rib side placenta backbone,animal belly backbone side / rib placenta heart life,animal belly backbone side / rib placenta heart life
god dwells temple within the,the god dwells within temple,the god dwells within temple
sky star above horizon fire storm mountain,fire storm star sky horizon above mountain,fire storm star sky horizon above mountain
peace god temple altar satisfy grants,god grants peace altar temple satisfy,god grants peace altar temple satisfy
scroll gather people papyrus writing,people gather papyrus scroll writing,people gather papyrus scroll writing
dwells the within god temple,the god dwells within temple,the god dwells within temple
strength grants force djed god stability,god grants stability djed strength force,god grants stability djed strength force
people town gate road follow,people follow road gate town,people follow road gate town
mother     /     youth     begets     /     (ankh)     birth     life     woman     gives     beautiful     good,beautiful / good woman mother gives birth / begets youth life (ankh),father mother youth gives birth / begets life (ankh) peace / satisfy
make king great temple god stone brick,stone brick make temple god great king,stone brick make temple god great king
road face eye see upon town,eye see face upon road town,eye see face upon road town
life gives youth woman birth,woman gives birth youth life,woman gives birth youth life
house man reed rests shelter peace,man rests house reed shelter peace,man rests house reed shelter peace
milk carries youth jar woman life,woman carries milk jar youth life,woman carries milk jar youth life
god feather (ankh) ka heart deity (spirit) / ba (soul) life (truth/maat),feather (truth/maat) god / deity heart ba (soul) ka (spirit) life (ankh),feather (truth/maat) god / deity heart ba (soul) ka (spirit) life (ankh)
/ peace / marrow man venerated father old youth (ankh) satisfy life,old man venerated / marrow father youth life (ankh) peace / satisfy,venerated / marrow father youth old man life (ankh) peace / satisfy
from man house builds brick,man builds house from brick,man builds house from brick
/ gate shelter door reed town house city brick bolt,gate door bolt reed shelter brick house city / town,gate door bolt reed shelter brick house city / town
cut temple chisel / adze stone brick deity god,adze chisel cut stone brick temple god / deity,adze chisel cut stone brick temple god / deity
pellet vessel / drink speak / grain eat thing jar jar milk /,grain / pellet milk jar vessel jar eat / drink / speak thing,grain / pellet milk jar vessel jar eat / drink / speak thing
rests reed man house shelter,man rests house reed shelter,man rests house reed shelter
heart of king people hears,king hears heart of people,king hears heart of people
gather pellet people thousand grain,people gather grain pellet thousand,people gather grain pellet thousand
hears man god of voice,man hears voice of god,man hears voice of god
gate follow town temple people road,people follow road gate temple town,people follow road gate temple town
beneath man plant rests lotus,man rests beneath lotus plant,man rests beneath lotus plant
great big mighty he authority king / great / power,great / big great / mighty power authority king he,great / big great / mighty power authority king he
people live beside riverbank field lake,people live beside field riverbank lake,people live beside field riverbank lake
thousand every lord king holds authority,king holds authority lord every thousand,king holds authority lord every thousand
strength hand great big power force club,great big power strength force club hand,great big power strength force club hand
drinks water man from jar,man drinks water from jar,man drinks water from jar
great mighty thing lord every thousand / deity / big / / god great,thousand thing great / big great / mighty god / deity lord / every,thousand thing great / big great / mighty god / deity lord / every
star     become     scarab     to     become     emerge     life,scarab become to become life emerge star,become scarab to become emerge horizon sky star
horizon emerge spirit soul ba ka life,ka spirit ba soul emerge life horizon,ka spirit ba soul emerge life horizon
of backbone rib head ox bird belly / of head side placenta animal,head of bird head of ox animal belly backbone side / rib placenta,head of bird head of ox animal belly backbone side / rib placenta
bolt opens god the door,the god opens door bolt,the god opens door bolt
under gather star sky people,people gather under sky star,people gather under sky star
west sky emerges horizon god,god emerges horizon west sky,god emerges horizon west sky
force authority great king mighty power strength,authority power great mighty king strength force,authority power great mighty king strength force
king authority force holds strength backbone,king holds authority backbone strength force,king holds authority backbone strength force
walk people gate city toward,people walk toward city gate,people walk toward city gate
brick house cut chisel stone gate adze,chisel adze cut brick stone house gate,chisel adze cut brick stone house gate
djed king seat sits stability throne,king sits throne seat stability djed,king sits throne seat stability djed
god listen heart man hears mouth,man hears listen heart mouth god,man hears listen heart mouth god
/ satisfy grain conical offering (give) thousand peace pellet loaf /,thousand grain / pellet offering conical loaf (give) peace / satisfy,thousand grain / pellet offering conical loaf (give) peace / satisfy
walks city man road town,man walks road town city,man walks road town city
become emerge life star become scarab to,scarab become to become life emerge star,scarab become to become life emerge star
horned snake seated viper fear cobra man,horned viper cobra snake fear seated man,horned viper cobra snake fear seated man
throne pillar king stability seat holds,king holds seat throne stability pillar,king holds throne seat stability pillar
heart (ankh) love woman life / seated woman good beautiful mother,beautiful / good woman seated woman mother heart love life (ankh),beautiful / good woman seated woman mother heart love life (ankh)
hand cuts stone man chisel forearm,man cuts stone chisel forearm hand,man cuts stone chisel forearm hand
beneath man lotus rests plant,man rests beneath lotus plant,man rests beneath lotus plant
gather     people     papyrus     writing     clump,people gather papyrus clump writing,people gather papyrus clump writing
give power king great life stability,king give life stability power great,king give life stability power great
ka god soul life grants,god grants life ka soul,god grants life ka soul
gate opens god city house town,god opens gate house town city,god opens gate city town house
forearm heart side (ba) soul foot backbone / rib hand,hand forearm foot side / rib backbone heart soul (ba),hand forearm foot side / rib backbone heart soul (ba)
king people city the protects,the king protects city people,the king protects city people
grain gives king offering pellet temple,king gives offering grain pellet temple,king gives offering grain pellet temple
book single stroke scribe thing / scroll papyrus stroke marker) (plural writing,single stroke stroke (plural marker) thing writing / scribe book papyrus scroll,single stroke stroke (plural marker) papyrus scroll book writing / scribe thing
god     king     people     protects     temple,king protects temple people god,king protects temple people god
peace     loaf     /     /     conical     lord     offering     (give)     every     god     deity     /     heart     satisfy,conical loaf (give) offering peace / satisfy heart god / deity lord / every,conical loaf (give) offering peace / satisfy heart city / town
brick cut adze stone chisel building house,chisel adze cut stone brick house building,chisel adze cut stone brick house building
road man walks mountain west horizon,man walks road mountain west horizon,man walks road mountain west horizon
god grants people to peace the,the god grants peace to people,the god grants peace to people
thing flax coil twisted rope rope of make,twisted flax rope coil of rope thing make,twisted flax rope coil of rope thing make
people woman seated mother man youth old servant man father,old man youth servant people seated man woman father mother,old man youth servant people seated man woman father mother
river ripple lotus riverbank water lake plant,lake river riverbank water ripple lotus plant,lake river riverbank water ripple lotus plant
drink jar milk beautiful woman eat,beautiful woman eat drink milk jar,beautiful woman eat drink milk jar
plant above river water lotus ripple,river water ripple above lotus plant,river water ripple above lotus plant
of     milk     vessel     drink     eat     bread     speak     /     loaf     mouth     /     jar     jar,mouth eat / drink / speak loaf of bread milk jar vessel jar,eat drink speak loaf of bread jar vessel milk jar
beside stone man pillar rests,man rests beside stone pillar,man rests beside stone pillar
mother     altar     father     life     servant     youth     peace,father mother servant youth life peace altar,father mother servant youth life peace altar
town gate road man walks,man walks road town gate,man walks road town gate
god the bolt door opens,the god opens door bolt,the god opens door bolt
drinks     man     riverbank     lake     ripple     water,man drinks water ripple riverbank lake,man drinks water ripple riverbank lake
god gives strength people force power,god gives power strength force people,god gives power strength force people
sky hill storm above desert fire mountain,storm fire above mountain desert hill sky,storm fire above mountain desert hill sky
pellet people field gather grain,people gather grain pellet field,people gather grain pellet field
heart offering loaf altar peace satisfy / / (give) peace conical,conical loaf (give) offering peace / altar peace / satisfy heart,conical loaf (give) offering peace / altar peace / satisfy heart
sky star become life like great,life become great like star sky,life become great like star sky
eye face star horizon sky see upon,eye see face upon sky horizon star,eye see face upon sky horizon star
man all grain lord carries basket,man carries basket lord all grain,man carries basket lord all grain
life father and give mother,father and mother give life,father and mother give life
stone house chisel to brick adze gate / make do,to do / make house brick stone adze chisel gate,to do / make house brick stone adze chisel gate
stability grants djed god power,god grants stability djed power,god grants stability djed power
gives god authority life power,god gives life power authority,god gives life power authority
king of people fear authority,people fear authority of king,people fear authority of king
backbone god strength grants force,god grants strength force backbone,god grants strength force backbone
spirit ka life grants god,god grants life ka spirit,god grants life ka spirit
clump papyrus king sedge lotus plant plant field riverbank,sedge king papyrus clump plant lotus plant field riverbank,sedge king papyrus clump plant lotus plant field riverbank
(lord)     god     great     authority     /     all     seated     master     /     /     king     mighty     (every),seated god / king authority great / mighty master (lord) / all (every),authority power great / mighty master (lord) / all (every) god / deity
shelter reed man house rests,man rests house reed shelter,man rests reed shelter house
drink jar milk eat loaf jar vessel bread speak of,eat drink speak loaf of bread jar vessel milk jar,eat drink speak loaf of bread jar vessel milk jar
riverbank god river west watches,god watches river riverbank west,god watches river riverbank west
god the life grants ankh sweet,the god grants sweet life ankh,the god grants sweet life ankh
city reed king shelter house sedge town,sedge king reed shelter house city town,sedge king reed shelter house city town
desert people storm sky fear fire,people fear storm fire desert sky,people fear fire storm sky desert
walks road horizon mountain man west,man walks road mountain west horizon,man walks road mountain west horizon
pellet grain servant tills field hoe plows,hoe plows tills field grain pellet servant,hoe plows tills field grain pellet servant
begets mother good birth / youth life beautiful (ankh) heart / gives,mother gives birth / begets youth beautiful / good heart life (ankh),mother gives birth / begets youth beautiful / good heart life (ankh)
west star horizon emerges sky god,god emerges horizon west sky star,god emerges horizon west sky star
(king) king skins king / sedge authority force / fox three he power strength,three fox skins strength / force power authority king he / king sedge (king),three fox skins strength / force power authority king he / king sedge (king)
people power authority king gives,king gives power authority people,king gives power authority people
to people the grants god peace,the god grants peace to people,the god grants peace to people
protects king power authority people strength,king protects people authority power strength,king protects people authority strength power
rules the strength force with king,the king rules with strength force,the king rules with strength force
star placenta life emerge to become become (ankh),placenta become to become life (ankh) emerge star,placenta become to become life (ankh) emerge star
upon papyrus write scribe book scroll,scribe write book upon papyrus scroll,scribe write book upon papyrus scroll
house club city strength king force town,club strength force king city town house,club strength force king city town house
woman milk drinks jar from,woman drinks milk from jar,woman drinks milk from jar
king god people power authority grants,god grants power authority king people,god grants power authority king people
handle with rack / in vessel mat stool jars milk basket jar jar,jars in rack vessel jar milk jar basket with handle stool / mat,jars in rack vessel jar milk jar basket with handle stool / mat
god honor people temple deity offering,people honor god deity temple offering,people honor god deity temple offering
life emerge to become star scarab become,scarab become to become life emerge star,scarab become to become life emerge star
desert fire hill storm people fear,people fear desert storm fire hill,people fear storm fire desert hill
stone brick / house bolt town door gate city,door bolt gate house brick stone city / town,door bolt gate house brick stone city / town
/ underground / / rib side back upon above behind face horizon,above behind / back face / upon side / rib underground horizon,above behind / back face / upon side / rib underground horizon
ripple river water people drink,people drink water ripple river,people drink water ripple river
fear     authority     of     king     people,people fear authority of king,people fear authority of king
youth good heart mother beautiful / love father,heart love mother father youth beautiful / good,heart love mother father youth beautiful / good
lord carries man basket all,man carries basket lord all,man carries basket lord all
gate bolt shelter town door reed brick house,door bolt gate reed shelter brick house town,door bolt gate reed shelter brick house town
offering loaf satisfy / conical to peace (give) give altar,to give conical loaf (give) offering peace / altar satisfy,to give conical loaf (give) offering peace / altar satisfy
authority lord hear king people listen,hear listen authority king lord people,hear listen authority king lord people
vessel man jar hand carries,man carries vessel jar hand,man carries vessel jar hand
town man city road walks gate,man walks road city town gate,man walks road city town gate
seated mother life (ankh) woman house seated man youth father,father mother youth seated man seated woman house life (ankh),father mother youth seated man seated woman house life (ankh)
force strength god gives the power,the god gives strength force power,the god gives strength force power
father heart love peace life mother,father love mother heart life peace,father love mother heart life peace
god temple protects king people city,king protects temple god people city,king protects temple god people city
satisfy (no/not) god / peace fear negation deity heart /,negation (no/not) fear god / deity heart peace / satisfy,negation (no/not) fear god / deity heart peace / satisfy
house father man seated (ankh) mother life woman youth seated,father mother youth seated man seated woman house life (ankh),father mother youth seated man seated woman house life (ankh)
youth peace mother (ankh) begets / altar gives father life birth /,father mother youth gives birth / begets life (ankh) peace / altar,father mother youth gives birth / begets life (ankh) peace / altar
heart life / (ankh) peace youth satisfy love mother father,heart love mother father youth life (ankh) peace / satisfy,heart love mother father youth life (ankh) peace / satisfy
gate before stands man temple,man stands before temple gate,man stands before temple gate
old / marrow heart father peace youth man satisfy / venerated,old man venerated / marrow father youth heart peace / satisfy,old man venerated / marrow father youth heart peace / satisfy
hears of god man voice,man hears voice of god,man hears voice of god
hears king god temple people prayer,king hears prayer temple people god,king hears prayer temple people god
beside lake field live riverbank people,people live beside field riverbank lake,people live beside field riverbank lake
senet (ankh) content woman seated board peace (satisfied) house man life seated /,senet board seated man seated woman house life (ankh) peace / content (satisfied),senet board seated man seated woman house life (ankh) peace / content (satisfied)
he sedge / king mighty king authority / ring (king) power great,king he / king sedge (king) authority power great / mighty ring,king he / king sedge (king) authority power great / mighty ring
town door bolt city gate town / house road,door bolt gate house city / town town road,door bolt gate house city / town town road
god the truth loves maat,the god loves truth maat,the god loves truth maat
birth gives youth to woman,woman gives birth to youth,woman gives birth to youth
grain jars thousand pellet gather people,people gather grain pellet thousand jars,people gather grain pellet thousand jars
mother father life peace love heart,father love mother heart life peace,father love mother heart life peace
in star god sky watches the,the god watches star in sky,the god watches star in sky
retreat / (no/not) negation gate return city house / road town,negation (no/not) return / retreat road city / town gate house,negation (no/not) return / retreat road city / town gate house
leaf plant papyrus lake plant riverbank lotus clump reed,lotus plant plant reed leaf papyrus clump lake riverbank,lotus plant plant reed leaf papyrus clump lake riverbank
peace     satisfy     deity     (ba)     soul     ka     (ankh)     /     /     heart     life     god     (spirit),heart peace / satisfy life (ankh) soul (ba) ka (spirit) god / deity,heart peace / satisfy life (ankh) soul (ba) ka (spirit) god / deity
town city opens gate god,god opens gate town city,god opens gate town city
king people temple city god protects,king protects temple god people city,king protects temple god people city
throne stability djed king sits,king sits throne stability djed,king sits throne stability djed
town bolt reed city gate / shelter brick door house,door bolt gate reed shelter house brick city / town,gate door bolt reed shelter brick house city / town
god backbone force gives strength,god gives strength force backbone,god gives strength force backbone
honor     venerated     pillar     god     people     marrow,people honor venerated marrow pillar god,people honor venerated pillar god
drinks milk woman jar life,woman drinks milk jar life,woman drinks milk jar life
single marker scribe plural papyrus scroll stroke stroke book,single stroke stroke plural marker papyrus scroll scribe book,single stroke stroke plural marker papyrus scroll scribe book
house do brick / to chisel make adze stone,stone brick adze chisel to do / make house,stone brick adze chisel to do / make house
(or / (give) heart as loaf / example) offering satisfy like conical sweet peace,conical loaf (give) offering peace / satisfy heart sweet like / as (or example),conical loaf (give) offering peace / satisfy heart sweet like / as (or example)
people voice heart hears king god,king hears heart voice people god,king hears heart voice people god
the peace sweet grants god,the god grants sweet peace,the god grants sweet peace
people protects god king authority temple,king protects temple god people authority,king protects temple god people authority
throne strength mighty great / king power / authority force he /,he / king throne authority power strength / force great / mighty,he / king throne authority power strength / force great / mighty
horizon rises star god sky,god rises sky horizon star,god rises sky horizon star
offering     bread     loaf     gives     king     people,king gives bread loaf people offering,king gives bread loaf people offering
chisel to / make stone adze brick gate do house,to do / make house brick stone adze chisel gate,to do / make house brick stone adze chisel gate
marker) (plural / writing single scroll scribe stroke book stroke papyrus scribe,single stroke stroke (plural marker) papyrus scroll scribe writing / scribe book,single stroke stroke (plural marker) papyrus scroll scribe writing / scribe book
loaf / conical grain lord (give) deity thousand pellet god / offering,thousand grain / pellet offering conical loaf (give) god / deity lord,thousand grain / pellet offering conical loaf (give) god / deity lord
rules every king authority lord,king rules lord every authority,king rules lord every authority
venerated marrow youth peace mother heart (satisfied) / / content father,venerated / marrow father mother youth heart peace / content (satisfied),venerated / marrow father mother youth heart peace / content (satisfied)
shelter bolt gate city reed door brick town house,door bolt gate reed shelter brick house city town,door bolt gate reed shelter brick house city town
god strength power force gives people,god gives power strength force people,god gives power strength force people
king offering gives god temple,king gives offering temple god,king gives offering temple god
opens bolt god house door gate,god opens house gate door bolt,god opens house gate door bolt
force holds authority king strength,king holds authority strength force,king holds authority strength force
scribe horizon sky above star see,scribe see star above horizon sky,scribe see star above horizon sky
/ / father old man youth venerated heart peace marrow satisfy,old man venerated / marrow father youth heart peace / satisfy,old man venerated / marrow father youth heart peace / satisfy
side (ankh) hand rib backbone life foot / forearm heart,hand forearm foot side / rib backbone heart life (ankh),hand forearm foot side / rib backbone heart life (ankh)
people pellet rack grain gather jars,people gather grain pellet jars rack,people gather grain pellet jars rack
negation good / do make (no/not) thing / heart fear beautiful,negation (no/not) do / make thing beautiful / good heart fear,negation (no/not) do / make thing beautiful / good heart fear
man     all     grain     lord     basket     carries,man carries basket lord all grain,man carries basket lord all grain
animal / belly heart side spirit (ankh) life placenta backbone rib,animal belly backbone side / rib placenta heart life (ankh) spirit,animal belly backbone side / rib placenta heart life (ankh) spirit
city protects people king power,king protects city people power,king protects city people power
desert star above sees man,man sees star above desert,man sees star above desert
man lake river water drinks ripple,man drinks water ripple lake river,man drinks water ripple lake river
youth woman placenta gives birth life,woman gives birth placenta youth life,woman gives birth life youth placenta
fear people cobra snake storm,people fear snake cobra storm,people fear snake cobra storm
people town king rules city,king rules people city town,king rules city town people
hear soul ba horizon owl sky star,owl hear soul ba star sky horizon,owl hear soul ba star sky horizon
/ star to (ankh) sky emerge satisfy horizon peace life scarab become,to become scarab emerge horizon star sky life (ankh) peace / satisfy,to become scarab emerge horizon star sky life (ankh) peace / satisfy
the man god sees of heart,the god sees heart of man,the god sees heart of man
west face road slope desert foot upon hill,foot face upon road hill slope desert west,foot face upon road hill slope desert west
rests man mat stool peace,man rests stool mat peace,man rests stool mat peace
placenta woman gives life youth,woman gives life placenta youth,woman gives life placenta youth
to (spirit) ka (ba) emerge soul scarab become life (ankh),to become scarab emerge life (ankh) soul (ba) ka (spirit),to become scarab emerge life (ankh) soul (ba) ka (spirit)
temple bread loaf offering king gives,king gives offering bread loaf temple,king gives offering bread loaf temple
peace stool mat rests house man,man rests house stool mat peace,man rests house stool mat peace
rests mat shelter reed man stool,man rests reed shelter stool mat,man rests reed shelter house mat
stroke great (plural / thing big marker) great stroke / single mighty,single stroke stroke (plural marker) thing great / big great / mighty,single stroke stroke (plural marker) thing great / big great / mighty
plant like jar example) / as (or sweet heart lotus milk,sweet like / as (or example) lotus plant milk jar heart,heart sweet like / as (or example) lotus plant milk jar
pellet jars grain thousand people gather,people gather grain pellet thousand jars,people gather grain pellet thousand jars
shelter     city     house     town     reed     people,reed shelter house people town city,reed shelter house people town city
river     people     lotus     plant     gather,people gather lotus plant river,people gather lotus plant river
force strength backbone grants god,god grants strength force backbone,god grants strength force backbone
the     god     gate     opens     the,the god opens the gate,the god opens the gate
above side underground face back behind rib horizon upon,above behind back face upon side rib underground horizon,above behind back face upon side rib underground horizon
storm     star     moon     horizon     sky     fire,fire storm sky star moon horizon,fire storm sky star moon horizon
good (ankh) mother life woman youth beautiful love / heart,woman beautiful / good heart love mother youth life (ankh),woman beautiful / good heart love mother youth life (ankh)
horizon opens west gate god underground,god opens gate west underground horizon,god opens gate west underground horizon
god star sky watches soul ba,god watches soul ba sky star,god watches soul ba sky star
power mighty god ring king throne great seated authority,throne seated god king authority great mighty ring power,throne seated god king authority great mighty ring power
protects authority power people king,king protects people power authority,king protects people power authority
pillar (djed) power great stability / grandfather (ankh) life authority / mighty,life (ankh) stability (djed) pillar / grandfather power authority great / mighty,life (ankh) stability (djed) pillar / grandfather power authority great / mighty
/ bread of loaf mouth eat milk jar speak drink / jar,mouth eat / drink / speak loaf of bread milk jar jar,mouth eat / drink / speak loaf of bread milk jar jar
milk with / stool basket handle mat jar ring vessel jar,stool / mat basket with handle ring vessel jar milk jar,stool / mat basket with handle ring vessel jar milk jar
plow field grain hoe pellet food,hoe plow field grain pellet food,hoe plow field grain pellet food
lotus clump papyrus plant plant lake reed leaf field,lotus plant papyrus clump reed leaf plant field lake,lotus plant papyrus clump reed leaf plant field lake
swallow star watches god sky,god watches sky star swallow,god watches star sky swallow
mat rests man peace stool,man rests stool mat peace,man rests house stool mat peace
bread people offer loaf of,people offer loaf of bread,people offer loaf of bread
king the above stands people,the king stands above people,the king stands above people
ka house sky star (soul) (ankh) (spirit) emerge horizon ba life,ba (soul) ka (spirit) emerge house life (ankh) horizon sky star,ba (soul) ka (spirit) emerge house life (ankh) horizon sky star
make temple cut chisel throne stone seat,chisel cut stone make throne seat temple,chisel cut stone make throne seat temple
river west man road horizon walks,man walks road river west horizon,man walks road river west horizon
storm     hill     desert     fear     people,people fear storm desert hill,people fear storm desert hill
man hears sky night owl,man hears owl night sky,man hears owl night sky
soul (ankh) side rib belly backbone (ba) heart life / animal,animal belly backbone side / rib heart soul (ba) life (ankh),animal belly backbone side / rib heart soul (ba) ka (spirit) life (ankh)
moon fire storm sky star horizon,fire storm sky star moon horizon,fire storm sky star horizon
love good youth satisfy peace woman heart beautiful / /,beautiful / good woman love youth heart peace / satisfy,beautiful / good woman love youth heart peace / satisfy
backbone gives power strength god,god gives backbone strength power,god gives backbone strength power
listen feather eat hear / maat / truth / satisfy drink mouth / speak (truth/maat),mouth eat / drink / speak truth / maat feather (truth/maat) hear / listen satisfy,mouth eat / drink / speak truth / maat feather (truth/maat) hear / listen satisfy
man carries vessel hand jar,man carries vessel jar hand,man carries vessel jar hand
to temple road follows man,man follows road to temple,man follows road to temple
beside walks river road man,man walks road beside river,man walks road beside river
offering jar king milk gives temple,king gives offering milk jar temple,king gives offering milk jar temple
lord all man grain carries basket,man carries basket lord all grain,man carries basket lord all grain
hears voice king mouth people heart,king hears heart voice mouth people,king hears heart voice mouth people
strength with the rules king force,the king rules with strength force,the king rules with strength force
hand / forearm force strength power back club,club strength / force power hand forearm back,club strength / force power hand forearm back
side house horned brick viper behind stone rib,horned viper behind side rib stone brick house,horned viper behind side rib stone brick house
stool mat rests house peace man,man rests house stool mat peace,man rests house stool mat peace
the gives god ka life,the god gives life ka,the god gives life ka
rises     horizon     from     god     desert,god rises from desert horizon,god rises from desert horizon
return gate / town road / negation (no/not) house retreat city,negation (no/not) return / retreat road city / town gate house,negation (no/not) return / retreat road city / town gate house
basket handle with rack jar jars milk in vessel jar,basket with handle jar vessel milk jar jars in rack,basket with handle jar vessel milk jar jars in rack
sky storm bird fear fire of snake head,snake fear head of bird sky storm fire,snake fear head of bird sky storm fire
king power city people rules,king rules city people power,king rules city people power
twisted coil carries flax man rope,man carries rope coil twisted flax,man carries rope coil twisted flax
milk rack with jar vessel jars handle jar in basket,basket with handle jar vessel milk jar jars in rack,basket with handle jar vessel milk jar jars in rack
walks road man mountain beside,man walks road beside mountain,man walks road beside mountain
road ripple river lake lotus riverbank plant water plant,road riverbank lake river water ripple lotus plant plant,road riverbank lake river water ripple lotus plant plant
god the gate the opens,the god opens the gate,the god opens the gate
/ / (lord) / / all god master great (every) god mighty deity seated king,seated god / king god / deity great / mighty master (lord) / all (every),seated god / king god / deity great / mighty master (lord) / all (every) king
city town man reed house field shelter,reed shelter house man field town city,reed shelter house man field town city
milk carries man hand jar vessel,man carries vessel jar milk hand,man carries vessel milk jar hand
follows town to king man,man follows king to town,man follows king to town
protects city people king authority,king protects people city authority,king protects people city authority
live lake house river people field,people live river lake field house,people live river lake field house
mouth people king hears heart,king hears people mouth heart,king hears people mouth heart
man ripple water lake drinks,man drinks water ripple lake,man drinks water ripple lake
beside people live bank river,people live beside river bank,people live beside river bank
riverbank water lake drinks man ripple,man drinks water ripple riverbank lake,man drinks water ripple riverbank lake
lake live people field river house,people live river lake field house,people live river lake field house
upon star eye horizon see face sky,eye see face upon sky horizon star,eye see face upon sky horizon star
/ board man do to hand make thing senet ring seated,senet board ring thing to do / make hand seated man,senet board ring thing to do / make hand seated man
temple gives offering milk jar king,king gives offering milk jar temple,king gives offering milk jar temple
youth birth placenta life woman carries,woman carries placenta life youth birth,woman carries placenta life youth birth
people temple protects authority god king,king protects temple god people authority,king protects temple god people authority
twisted rope rope flax rope of tethering coil,tethering rope coil of rope rope twisted flax,tethering rope coil of rope rope twisted flax
opens god gate house life heart peace,gate house opens life peace god heart,gate house opens life peace god heart
field pellet grain plow man hoe servant,hoe plow field grain pellet man servant,hoe plow field grain pellet man servant
man tills field hoe plows,man plows tills field hoe,man plows tills field hoe
satisfy grants god heart peace,god grants peace satisfy heart,god grants peace satisfy heart
grain people gives thousand pellet god,god gives thousand grain pellet people,god gives thousand grain pellet people
/ heart satisfy bread loaf conical of loaf (give) peace offering satisfy,conical loaf (give) loaf of bread offering peace / satisfy heart satisfy,conical loaf (give) loaf of bread offering peace / satisfy heart satisfy
river plant riverbank papyrus lotus plant clump lake,riverbank papyrus clump plant lotus plant lake river,riverbank papyrus clump plant lotus plant lake river
grain repeated pellet plows field man,man plows repeated field grain pellet,man plows repeated field grain pellet
force strength the gives god,the god gives strength force,the god gives strength force
city house town shelter door / reed brick bolt gate,door bolt gate reed shelter house brick city / town,gate door bolt reed shelter brick house city / town
carries jar jar man milk,man carries jar milk jar,man carries jar milk jar
star sky watches god west swallow,god watches star swallow sky west,god watches star swallow sky west
mountain west god dwells underground horizon,god dwells underground mountain west horizon,god dwells underground mountain west horizon
town (spirit) / ka ba city house (soul) sky emerge,ka (spirit) ba (soul) emerge house city / town sky,ka (spirit) ba (soul) emerge house city / town sky
god voice of hears man,man hears voice of god,man hears voice of god
heart (ankh) begets beautiful mother birth good youth gives life / /,beautiful / good mother gives birth / begets youth life (ankh) heart,mother gives birth / begets youth beautiful / good heart life (ankh)
swallow owl sky night man hears,man hears owl swallow night sky,man hears owl swallow night sky
mouth truth feather / listen (truth/maat) maat hear / speak heart,mouth speak truth / maat feather (truth/maat) hear / listen heart,mouth speak truth / maat feather (truth/maat) hear / listen heart
desert man star above sees,man sees star above desert,man sees star above desert
god fire above storm mountain sky,storm fire above sky god mountain,storm fire above sky god mountain
toward west man walks road horizon,man walks road toward west horizon,man walks road toward west horizon
to bread offer people god,people offer bread to god,people offer bread to god
jar jar man carries milk,man carries jar milk jar,man carries jar milk jar
the hears of voice king god,the king hears voice of god,the king hears voice of god
papyrus scribe scroll book write upon,scribe write book upon papyrus scroll,scribe write book upon papyrus scroll
mighty great (king) sedge throne he authority king / / power,he / king sedge (king) throne authority power great / mighty,he / king sedge (king) throne authority power great / mighty
near works river field man,man works field near river,man works field near river
people horned hill viper fear desert,people fear horned viper desert hill,people fear horned viper desert hill
people power king protects god temple,king protects god temple people power,king protects god temple people power
emerges lake from horizon god sky,god emerges from lake horizon sky,god emerges from lake horizon sky
rests reed shelter house man,man rests house reed shelter,man rests house reed shelter
house live riverbank people field,people live riverbank field house,people live riverbank field house
gives life venerated birth marrow mother father begets / / youth (ankh),venerated / marrow father mother youth gives birth / begets life (ankh),venerated / marrow father mother youth gives birth / begets life (ankh)
plows field sickle man tills,man plows tills field sickle,man plows tills field sickle
do truth love man maat god,god love man do truth maat,god love man do truth maat
king authority force strength holds,king holds authority strength force,king holds authority strength force
seat throne temple stone cut make chisel,chisel cut stone make throne seat temple,chisel cut stone make throne seat temple
ka horizon life (ankh) (soul) star emerge house sky (spirit) ba,ba (soul) ka (spirit) emerge house life (ankh) horizon sky star,ba (soul) ka (spirit) emerge house life (ankh) horizon sky star
scroll papyrus writing heart / scribe hand scribe eye,scribe writing / scribe papyrus scroll hand eye heart,scribe writing / scribe papyrus scroll hand eye heart
content peace satisfied god grants,god grants peace content satisfied,god grants peace content satisfied
desert viper quail snake cobra horned hare animal chick,cobra snake horned viper quail chick desert hare animal,cobra snake horned viper quail chick desert hare animal
gate god opens underground horizon west,god opens gate underground west horizon,god opens gate west underground horizon
man plow hoe pellet grain field servant,hoe plow field grain pellet man servant,hoe plow field grain pellet man servant
peace good beautiful heart satisfy love woman / youth /,beautiful / good woman love youth heart peace / satisfy,beautiful / good woman love youth heart peace / satisfy
adze chisel gate brick temple stone building,chisel adze stone brick temple gate building,chisel adze stone brick temple gate building
woman placenta birth gives life youth,woman gives life youth placenta birth,woman gives birth life youth placenta
desert snake cobra people fear,people fear snake cobra desert,people fear snake cobra desert
handle basket with stool vessel mat ring,stool mat basket with handle ring vessel,stool mat basket with handle ring vessel
man chisel cuts forearm stone hand,man cuts stone chisel forearm hand,man cuts stone chisel forearm hand
jar lake ripple water drinks man,man drinks water ripple lake jar,man drinks water ripple lake jar
people honor deity offering temple god,people honor god deity temple offering,people honor god deity temple offering
bolt     door     great     cobra     house     behind,great cobra behind door bolt house,great cobra behind door bolt house
sky god ba star watches soul,god watches soul ba sky star,god watches soul ba sky star
papyrus people clump gather writing,people gather papyrus clump writing,people gather papyrus clump writing
birth life placenta woman gives,woman gives birth placenta life,woman gives birth placenta life
snake viper horned people fear,people fear snake horned viper,people fear horned viper snake
do deity make offering / god peace to temple altar / /,to do / make offering peace / altar god / deity temple,to do / make offering peace / altar god / deity temple
loaf gives king offering bread,king gives offering loaf bread,king gives offering bread loaf
scroll     stroke     single     papyrus     thing     marker)     book     writing     scribe     scribe     (plural     stroke     /,single stroke stroke (plural marker) papyrus scroll book scribe writing / scribe thing,single stroke stroke (plural marker) thing writing / scribe book papyrus scroll
to mighty great become / placenta youth life (ankh) become,placenta become to become life (ankh) youth great / mighty,placenta become to become life (ankh) youth great / mighty
feather     ka     ba     life     /     (spirit)     deity     god     (truth/maat)     (soul)     (ankh)     heart,feather (truth/maat) god / deity heart ba (soul) ka (spirit) life (ankh),feather (truth/maat) pillar / grandfather ka (spirit) ba (soul) life (ankh)
seated king sits god throne,king sits seated god throne,king sits seated god throne
god gives force the power strength,the god gives strength force power,the god gives strength force power
temple people gate gather at,people gather at temple gate,people gather at temple gate
god lives temple the in,the god lives in temple,the god lives in temple
pellet grain plows servant hoe field tills,hoe plows tills field grain pellet servant,hoe plows tills field grain pellet servant
horizon god emerges sky west star,god emerges horizon west sky star,god emerges horizon west sky star
do like father plow field man,man plow field like father do,man plow field like father do
plant reed clump leaf papyrus riverbank field plant lake lotus,lotus plant papyrus clump reed leaf plant field riverbank lake,lotus plant papyrus clump reed leaf plant field riverbank lake
king great power stability give life,king give life stability power great,king give life stability power great
power / fox king authority he three skins strength / king force,three fox skins strength / force power authority king he / king,three fox skins strength / force power authority king he / king
satisfy life / heart (ankh) peace deity soul (spirit) ka (ba) god /,heart peace / satisfy life (ankh) soul (ba) ka (spirit) god / deity,heart peace / satisfy life (ankh) soul (ba) ka (spirit) god / deity
the life brings god man to,the god brings life to man,the god brings life to man
servant man commands the king,the king commands servant man,the king commands servant man
power god king people grants authority,god grants power authority king people,god grants power authority king people
heart / rib forearm foot backbone hand side,foot forearm hand side / rib backbone heart,hand forearm foot side / rib backbone heart
king authority servant protects people power,king protects people servant authority power,king protects people servant authority power
toward city walk people gate,people walk toward city gate,people walk toward city gate
underground god emerges mountain west,god emerges underground mountain west,god emerges underground west mountain
board do ring hand make foot to / thing forearm senet,senet board ring thing to do / make hand forearm foot,senet board ring thing to do / make hand forearm foot
road town man walks gate,man walks road town gate,man walks road town gate
grain in gather people jars,people gather grain in jars,people gather grain in jars
bread / jar milk drink jar speak / eat of loaf vessel,eat / drink / speak loaf of bread milk jar vessel jar,eat / drink / speak loaf of bread milk jar vessel jar
force king sedge / throne / / he strength throne seat (king) authority power,sedge (king) he / king throne seat / throne authority power strength / force,sedge (king) he / king throne seat / throne authority power strength / force
satisfy like offering / (or example) (give) conical / as heart sweet loaf peace,conical loaf (give) offering peace / satisfy heart sweet like / as (or example),conical loaf (give) offering peace / satisfy heart sweet like / as (or example)
hoe man pellet grain field plows,man plows field grain pellet hoe,man plows field grain pellet hoe
life heart god become scarab great man,scarab become life heart man great god,scarab become life heart man great god
god horizon emerges sky above,god emerges above horizon sky,god emerges above horizon sky
bread offering king gives loaf,king gives offering bread loaf,king gives offering bread loaf
the god opens road path,the god opens path road,the god opens path road
djed seat throne stability sits king,king sits seat throne stability djed,king sits throne seat stability djed
mat sits woman seated stool woman,woman sits seated woman stool mat,woman sits seated woman stool mat
temple gate at gather people,people gather at temple gate,people gather at temple gate
do satisfy man heart good god,god satisfy heart man do good,god satisfy heart man do good
voice mouth people hears king,king hears voice mouth people,king hears voice mouth people
house     exists     opens     gate     god     found,god opens exists found house gate,god opens exists found house gate
rope rope coil thing of rope twisted flax ring tethering,tethering rope coil of rope twisted flax rope ring thing,tethering rope coil of rope rope twisted flax ring thing
field hoe grain / (tills) plant thousand plows pellet,hoe plows (tills) field plant grain / pellet thousand,hoe plows (tills) field plant grain / pellet thousand
stone brick cut chisel city adze / town house,chisel adze cut stone brick house city / town,chisel adze cut stone brick house city / town
adze cut gate brick temple stone chisel,chisel adze cut stone brick temple gate,chisel adze cut stone brick temple gate
drinks     ripple     river     man     lake     water,man drinks water ripple lake river,man drinks water ripple lake river
god star watches sky ba soul,god watches soul ba sky star,god watches soul ba sky star
door     bolt     town     brick     road     gate     stone     house,gate door bolt house brick stone town road,door bolt gate house brick stone town road
stool     man     reed     mat     rests     shelter,man rests reed shelter stool mat,man rests reed shelter stool mat
temple grants altar god peace content,god grants peace altar temple content,god grants peace altar temple content
god star horizon swallow emerges sky,god emerges horizon sky swallow star,god emerges horizon sky star swallow
protects people king strength authority power,king protects people authority power strength,king protects people authority power strength
plant lotus water river plant ripple lake riverbank road,road riverbank lake river water ripple lotus plant plant,road riverbank lake river water ripple lotus plant plant
behind man walks hill mountain,man walks behind mountain hill,man walks behind mountain hill
book writing papyrus scroll stroke single hand scribe stroke / (plural marker),papyrus scroll writing / scribe book hand single stroke stroke (plural marker),papyrus scroll writing / scribe book hand single stroke stroke (plural marker)
road man lake riverbank walks west,man walks road riverbank lake west,man walks road riverbank lake west
beautiful (ankh) mother woman good love youth heart / life,woman beautiful / good heart love mother youth life (ankh),woman beautiful / good heart love mother youth life (ankh)
retreat riverbank road lotus to plant ripple return / water,to return / retreat road riverbank water ripple lotus plant,to return / retreat road riverbank water ripple lotus plant
soul life grants god ka,god grants life ka soul,god grants life ka soul
make ring do senet board / to thing hand,senet board ring thing to do / make hand,senet board ring thing to do / make hand
king feather truth maat mighty power great authority,feather truth maat authority power great mighty king,feather truth maat authority power great mighty king
field man hoe pellet servant (tills) / grain plows,hoe plows (tills) grain / pellet field servant man,hoe plows (tills) grain / pellet field servant man
three strength fox club force / skins power authority king,three fox skins strength / force club power authority king,three fox skins strength / force club power authority king
rules king town people servant city,king rules city town servant people,king rules city town servant people
heart mouth truth hear maat listen speak,hear listen mouth speak truth maat heart,hear listen mouth speak truth maat heart
loaf give offering conical of satisfy loaf heart bread peace,conical loaf give loaf of bread offering peace satisfy heart,conical loaf give loaf of bread offering peace satisfy heart
town power rules city king people,king rules city town people power,king rules people city town power
rules people king city town,king rules people city town,king rules people city town
under open sky live people,people live under open sky,people live under open sky
hand / papyrus book scribe eye writing scroll mouth,writing / scribe book papyrus scroll hand eye mouth,writing / scribe book papyrus scroll hand eye mouth
road west people mountain follow,people follow road mountain west,people follow road mountain west
the power authority god grants,the god grants power authority,the god grants power authority
servant pellet man people sickle field / cut grain youth,sickle cut grain / pellet field servant man people youth,sickle cut grain / pellet field servant man people youth
of     chick     bird     swallow     quail     of     ox     owl     head     eye     head,quail chick swallow head of bird head of ox owl eye,quail chick swallow owl head of bird
sky lake mountain hill horizon river star,horizon sky star mountain hill river lake,horizon sky star mountain hill river lake
youth woman man people king servant seated,man woman youth servant people seated king,man woman youth servant people seated king
heart writing papyrus good scroll scribe beautiful thing / / book,writing / scribe papyrus scroll book thing beautiful / good heart,writing / scribe papyrus scroll book thing beautiful / good heart
town     /     lake     river     city     town     road     riverbank,city / town town road riverbank lake river,city / town town road river lake river
like lotus milk sweet jar vessel plant jar,lotus plant sweet like milk jar jar vessel,lotus plant sweet like milk jar jar vessel
great above temple god fire altar peace,fire above peace altar god great temple,fire above peace altar god great temple
people offer to god bread,people offer bread to god,people offer bread to god
satisfy     sky     to     life     (ankh)     become     star     peace     emerge     horizon     /     scarab,to become scarab emerge horizon star sky life (ankh) peace / satisfy,to become scarab emerge horizon sky life (ankh) peace / satisfy
(ankh) become life become man to placenta youth,placenta become to become life (ankh) youth man,placenta become to become life (ankh) youth man
to satisfy (give) / peace conical god offering heart give loaf,conical loaf (give) to give offering peace / satisfy heart god,conical loaf (give) to give offering peace / satisfy heart god
coil rope flax rope twisted thing of make,twisted flax rope coil of rope thing make,twisted flax rope coil of rope thing make
river road lake walks west man,man walks road river lake west,man walks road river lake west
sky lake ripple swallow plant water riverbank lotus,riverbank lotus plant swallow sky water ripple lake,riverbank lotus plant swallow sky water ripple lake
altar temple grants god peace,god grants peace altar temple,god grants peace altar temple
god swallow star watches sky,god watches sky star swallow,god watches star sky swallow
stone handle ring / with mat stool jar brick basket,stool / mat ring basket with handle jar brick stone,stool / mat ring basket with handle jar brick stone
coil ring flax stone jar twisted of rope vessel rope,twisted flax rope coil of rope ring vessel jar stone,twisted flax rope coil of rope ring vessel jar stone
horizon west walks man road desert,man walks road desert west horizon,man walks road desert west horizon
stroke stroke writing hand (plural scribe book marker) single / papyrus scroll,papyrus scroll writing / scribe book hand single stroke stroke (plural marker),papyrus scroll writing / scribe book hand single stroke stroke (plural marker)
desert west hill road man walks,man walks road desert hill west,man walks road desert hill west
people sky under star gather,people gather under sky star,people gather under sky star
food desert become animal belly hare,desert hare become food animal belly,desert hare become food animal belly
city town gate god opens house,god opens gate city town house,god opens gate house town city
basket authority / / king (lord deity people / god listen all) hear,basket (lord / all) people hear / listen authority king god / deity,basket (lord / all) people hear / listen authority king god / deity
star watches sky swallow god,god watches sky star swallow,god watches star swallow sky
lake beside live riverbank people,people live beside riverbank lake,people live beside riverbank lake
opens god house horizon gate west,god opens gate house horizon west,god opens gate house horizon west
soul (ankh) animal bird head head of belly (ba) ox heart of life,head of bird head of ox animal belly heart soul (ba) life (ankh),head of bird head of ox animal belly heart soul (ba) life (ankh)
river lotus riverbank lake clump plant papyrus,riverbank papyrus clump plant lotus lake river,riverbank papyrus clump plant lotus lake river
lake live beside riverbank field people,people live beside lake riverbank field,people live beside lake riverbank field
riverbank field clump river papyrus ripple water lake,papyrus clump field lake river riverbank water ripple,papyrus clump field lake river riverbank water ripple
jar rope stone of rope coil flax vessel ring twisted,twisted flax rope coil of rope ring vessel jar stone,twisted flax rope coil of rope ring vessel jar stone
heart truth mouth maat speak peace,mouth speak truth maat heart peace,mouth speak truth maat heart peace
sees king eye god people heart,king sees eye heart people god,king sees eye heart people god
building     /     temple     adze     brick     god     deity     stone     chisel     cut,adze chisel cut stone brick building temple god / deity,adze chisel cut stone brick building temple god / deity
stone cut brick gate chisel house adze,adze chisel cut brick stone gate house,chisel adze cut brick stone house gate
/ god mighty / great god master (every) deity / king seated all (lord) /,seated god / king god / deity great / mighty master (lord) / all (every),seated god / king god / deity great / mighty master (lord) / all (every) king
great do hand force big / / thing make power strength / to,hand to do / make thing great / big strength / force power,hand to do / make thing great / big strength / force power
satisfy heart grants peace god,god grants peace satisfy heart,god grants peace satisfy heart
water ripple man river drinks,man drinks water ripple river,man drinks water ripple river
adze building house chisel to brick stone / make do,adze chisel to do / make stone brick building house,adze chisel to do / make stone brick building house
house adze gate chisel brick cut stone,adze chisel cut brick stone gate house,adze chisel cut brick stone gate house
town walks road man beside riverbank,man walks road beside riverbank town,man walks road beside riverbank town
of owl swallow head chick quail bird,quail chick swallow owl head of bird,quail chick swallow owl head of bird
building     /     door     gate     bolt     stone     make     temple     to     do     house     brick,to do / make house brick stone building temple gate door bolt,door bolt gate reed shelter house brick building town
field people (tills) plows / grain pellet man youth hoe servant,hoe plows (tills) field grain / pellet servant man people youth,hoe plows (tills) field grain / pellet servant man people youth
truth people maat honor feather,people honor feather truth maat,people honor truth maat feather
milk beautiful jar woman drink eat,beautiful woman eat drink milk jar,beautiful woman eat drink milk jar
river at gate cross people,people cross river at gate,people cross river at gate
people     /     man     plows     youth     field     servant     pellet     hoe     (tills)     grain,hoe plows (tills) field grain / pellet servant man people youth,hoe plows (tills) field people youth
/ reed bolt city house door town shelter gate town,gate door bolt reed shelter house city / town town,gate door bolt reed shelter house city / town town
rules town power king city people,king rules city town people power,king rules city town people power
(tills) plows hoe grain food servant pellet / field,servant hoe plows (tills) field grain / pellet food,servant hoe plows (tills) field grain / pellet food
field sickle with man plows,man plows field with sickle,man plows field with sickle
see horizon people light on,people see light on horizon,people see light on horizon
sees star swallow great man sky,man sees swallow great sky star,man sees swallow great sky star
man owl hears sky night desert,man hears owl night desert sky,man hears owl night desert sky
gives youth placenta woman life birth,woman gives birth placenta youth life,woman gives life youth placenta birth
water drink river ripple people,people drink water ripple river,people drink water ripple river
good writing book / scribe thing scroll scribe papyrus / beautiful,scribe writing / scribe papyrus scroll book beautiful / good thing,scribe writing / scribe book papyrus scroll beautiful / good thing
heart head / ox of face eye upon belly animal,eye face / upon head of ox animal belly heart,eye face / upon head of ox animal belly heart
mountain field hill people beside live,people live beside mountain hill field,people live beside mountain hill field
thing / single scribe (plural stroke book scribe marker) stroke writing papyrus,single stroke stroke (plural marker) thing writing / scribe book scribe papyrus,single stroke stroke (plural marker) thing writing / scribe book scribe papyrus
gives god strength man force,god gives strength force man,god gives strength force man
drinks river man water ripple lake,man drinks water ripple lake river,man drinks water ripple lake river
seat throne king ring authority power,ring throne seat king power authority,ring throne seat king power authority
town in jars city house rack west lord,jars in rack house lord city town west,jars in rack house lord city town west
father mother venerated life youth heart,venerated father mother youth heart life,venerated father mother youth heart life
bread loaf lord eat every people,lord every people eat loaf bread,lord every people eat loaf bread
/ gives mother altar youth begets father / life (ankh) peace birth,father mother youth gives birth / begets life (ankh) peace / altar,father mother youth gives birth / begets life (ankh) peace / altar
the voice hears of god king,the king hears voice of god,the king hears voice of god
swallow owl belly of animal head of bird quail head ox chick,quail chick swallow owl head of bird head of ox animal belly,quail chick swallow owl head of bird head of ox animal belly
man ripple jar water lake drinks,man drinks water ripple lake jar,man drinks water ripple lake jar
drinks mouth man speak eats,man eats drinks speak mouth,man eats drinks speak mouth
strength god man force gives,god gives strength force man,god gives strength force man
carries milk jar man vessel hand,man carries vessel jar milk hand,man carries vessel milk jar hand
mother begets birth / father marrow gives life (ankh) venerated youth /,venerated / marrow father mother youth gives birth / begets life (ankh),venerated / marrow father mother youth gives birth / begets life (ankh)
bread loaf offering gather people,people gather offering bread loaf,people gather offering bread loaf
force sedge authority / throne seat / strength power king he throne / (king),he / king sedge (king) throne seat / throne authority power strength / force,sedge (king) he / king throne seat / throne authority power strength / force
old people man life youth woman seated,old man seated woman people youth life,old man seated woman people youth life
house lord servant basket all gate people,basket lord all people servant gate house,basket lord all people servant gate house
head bird sky man sees owl,man sees head bird owl sky,man sees head bird owl sky
king protects people strength power,king protects people strength power,king protects people strength power
live bank people beside river,people live beside river bank,people live beside river bank
god horizon west emerges sky,god emerges horizon sky west,god emerges horizon sky west
like heart plant ripple lotus water sweet,heart sweet like lotus plant water ripple,heart sweet like lotus plant water ripple
field (repeated) pellet servant (tills) grain hoe man plows / plows,hoe plows (tills) plows (repeated) field grain / pellet servant man,hoe plows(tills) plows (repeated) field grain / pellet servant man
/ brick house stone city chisel cut adze town,chisel adze cut stone brick house city / town,chisel adze cut stone brick house city / town
mighty pellet god thousand grain great master lord thing,thousand grain pellet thing great mighty god lord master,thousand grain pellet thing great mighty god lord master
beautiful book / good papyrus thing / writing scribe scroll scribe,scribe writing / scribe papyrus scroll book beautiful / good thing,scribe writing / scribe book papyrus scroll beautiful / good thing
follow gate road town people,people follow road gate town,people follow road gate town
strength sedge king / he (king) / authority power throne force / throne seat,sedge (king) he / king throne seat / throne authority power strength / force,sedge (king) he / king throne seat / throne authority power strength / force
mighty great king / seat authority / throne deity throne god / power,throne seat / throne god / deity king authority power great / mighty,throne seat / throne god / deity king authority power great / mighty
road slope hill lake desert river mountain,road river lake mountain hill slope desert,road river lake mountain hill slope desert
chisel stone throne temple make cut seat,chisel cut stone make throne seat temple,chisel cut stone make throne seat temple
man sky night owl hears,man hears owl sky night,man hears owl night sky
maat     mouth     speak     truth     heart     peace     satisfy,mouth speak truth maat heart peace satisfy,mouth speak truth maat heart peace
man peace under lotus plant rests,man rests under lotus plant peace,man rests under lotus plant peace
king heart speak mouth people hears,king hears people speak mouth heart,king hears mouth speak heart people
quail     chick     of     owl     of     ox     head     head     bird     swallow,quail chick swallow owl head of bird head of ox,quail chick swallow owl head of bird head of ox
altar people at peace gather,people gather at peace altar,people gather at peace altar
man night owl star hears sky,man hears owl sky star night,man hears owl sky star night
man drinks riverbank lake water ripple,man drinks water ripple riverbank lake,man drinks water ripple riverbank lake
carries milk house woman jar life,woman carries milk jar house life,woman carries milk jar house life
grain hoe pellet man (tills) servant / people field plows,hoe plows (tills) field grain / pellet servant man people,hoe plows (tills) field grain / pellet servant man people
stool vessel with basket ring stone jar / mat handle,stool / mat basket with handle ring vessel jar stone,stool / mat basket with handle ring vessel jar stone
forearm animal foot backbone belly heart hand,hand forearm foot animal belly backbone heart,hand forearm foot animal belly backbone heart
cross road riverbank gate people town,people cross riverbank road town gate,people cross riverbank road town gate
loaf eat of vessel bread speak jar jar drink milk,eat drink speak loaf of bread jar vessel milk jar,eat drink speak loaf of bread jar vessel milk jar
building adze stone / brick do chisel house make to,adze chisel to do / make stone brick building house,adze chisel to do / make stone brick building house
reed papyrus clump lake plant leaf lotus plant field,lotus plant papyrus clump reed leaf plant field lake,lotus plant papyrus clump reed leaf plant field lake
milk conical (give) peace loaf offering jar loaf jar / bread altar of,conical loaf (give) offering peace / altar loaf of bread milk jar jar,conical loaf (give) offering peace / altar loaf of bread milk jar jar
town king listen hear city (no/not) / authority negation /,negation (no/not) hear / listen authority king city / town,negation (no/not) hear / listen authority king city / town
gate temple people gather offering peace,people gather offering temple gate peace,people gather offering temple gate peace
king     milk     offering     temple     gives     jar,king gives offering milk jar temple,king gives offering milk jar temple
voice people hears heart mouth king,king hears heart voice mouth people,king hears heart voice mouth people
servant road city town town people youth / old man,old man youth servant people city / town town road,old man youth servant people city / town town road
king seat mountain god throne above,throne seat god king above mountain,throne seat god king above mountain
heart deity offering satisfy god / loaf conical / peace (give),conical loaf (give) offering peace / satisfy heart god / deity,conical loaf (give) offering peace / satisfy heart god / deity
milk rack / peace vessel in jar jars offering jar altar,milk jar vessel jar jars in rack offering peace / altar,milk jar vessel jar jars in rack offering peace / altar
to     return     /     road     lotus     riverbank     plant     ripple     water     retreat,to return / retreat road riverbank water ripple lotus plant,to return / retreat road riverbank water ripple lotus plant
scribe gather scroll papyrus people writing,people gather papyrus scroll writing scribe,people gather papyrus scroll writing scribe
leaf papyrus clump reed riverbank lake plant plant lotus field,lotus plant papyrus clump reed leaf plant field riverbank lake,lotus plant papyrus clump reed leaf plant field riverbank lake
make / / altar deity offering to peace temple do / god,to do / make offering peace / altar god / deity temple,to do / make offering peace / altar god / deity temple
town / town gate bolt road house door city,door bolt gate house city / town town road,door bolt gate house city / town town road
become emerge to satisfy life / peace scarab sky horizon star (ankh),to become scarab emerge horizon star sky life (ankh) peace / satisfy,to become scarab emerge horizon star sky life (ankh) peace / satisfy
/ hand sickle lotus plant with grain handle pellet basket cut,sickle cut grain / pellet lotus plant hand basket with handle,sickle cut grain / pellet lotus plant hand basket with handle
book write old hear scribe man,old man hear book write scribe,old man hear book write scribe
face     west     hill     slope     upon     desert     foot     road,foot face upon road hill slope desert west,foot face / upon side / rib desert hill slope
horizon toward road follows man,man follows road toward horizon,man follows road toward horizon
city town hear king people authority,people hear authority king city town,people hear authority king city town
force do strength great mighty king,mighty king do strength force great,mighty king do strength force great
carries     pellet     man     handle     basket     grain,man carries basket handle grain pellet,man carries basket handle grain pellet
beautiful heart / love mother father youth good,heart love mother father youth beautiful / good,heart love mother father youth beautiful / good
offering altar (satisfied) / content peace conical peace loaf / (give) heart,conical loaf (give) offering peace / altar peace / content (satisfied) heart,conical loaf (give) offering peace / altar peace / content (satisfied) heart
ka life emerge scarab soul star to become (spirit) (ba) (ankh),to become scarab emerge life (ankh) soul (ba) ka (spirit) star,to become scarab emerge life (ankh) soul (ba) ka (spirit) star
house peace stool rests mat man,man rests stool mat house peace,man rests house stool mat peace
sky star west watches god swallow,god watches star swallow sky west,god watches star sky swallow west
temple peace altar above great god fire,fire above peace altar god great temple,fire above peace altar god great temple
leaf clump lotus papyrus thousand reed pellet field / grain plant,thousand grain / pellet field plant reed leaf papyrus clump lotus,thousand grain / pellet field plant reed leaf papyrus clump lotus
ankh / birth life father mother youth begets gives /,father mother gives birth / begets youth life / ankh,father mother gives birth / begets youth life / ankh
truth eat mouth (truth/maat) speak drink / feather / listen / / hear satisfy maat,mouth eat / drink / speak truth / maat feather (truth/maat) hear / listen satisfy,mouth eat / drink / speak feather (truth/maat) hear / listen satisfy
old youth man mother man people father servant woman seated,old man youth servant people seated man woman father mother,old man youth servant people seated man woman father mother
quail bird ox owl chick head of swallow of head eye,quail chick swallow head of bird head of ox owl eye,quail chick swallow head of bird head of ox owl eye
lord people king thousand every rules,king rules lord every people thousand,king rules lord every thousand people
god west sky emerges horizon,god emerges horizon sky west,god emerges horizon west sky
seated seated woman old man venerated / marrow man youth,venerated / marrow old man seated man seated woman youth,venerated / marrow old man seated man seated woman youth
basket ring mat handle stone jar stool with vessel,stool mat basket with handle ring vessel jar stone,stool mat basket with handle ring vessel jar stone
god     the     temple     peace     altar     brings,the god brings peace altar temple,the god brings peace altar temple
people desert live beside hill mountain,people live beside mountain hill desert,people live beside mountain hill desert
hare belly animal desert heart backbone life,desert hare animal belly backbone heart life,desert hare animal belly backbone heart life
woman jar milk life youth carries,woman carries milk jar life youth,woman carries milk jar life youth
bread and eats man drinks,man eats bread and drinks,man eats bread and drinks
town rules city power king people,king rules people city town power,king rules people city town power
lotus heart water sweet plant ripple like,heart sweet like lotus plant water ripple,heart sweet like lotus plant water ripple
king offering gives bread loaf,king gives offering loaf bread,king gives bread loaf offering
sky star desert above horizon hill mountain,sky horizon star above mountain desert hill,sky horizon star above mountain desert hill
authority stability pillar power god king grandfather djed,pillar grandfather stability djed god king power authority,pillar grandfather stability djed god king power authority
sky fear god deity storm fire strong,storm fire fear god deity sky strong,storm fire fear god deity sky strong
west walks man road riverbank horizon,man walks road riverbank west horizon,man walks road riverbank west horizon
milk jar jars in vessel / offering rack satisfy peace jar,vessel jar milk jar jars in rack offering peace / satisfy,vessel jar milk jar jars in rack offering peace / satisfy
foot rib hand forearm animal / side belly backbone,hand forearm foot animal belly backbone side / rib,hand forearm foot animal belly backbone side / rib
king temple prayer god people hears,king hears prayer temple people god,king hears prayer temple people god
rib horned behind side stone brick viper house,horned viper behind side rib stone brick house,horned viper behind side rib stone brick house
woman birth begets gives youth,woman gives birth begets youth,woman gives birth begets youth
the peace heart satisfy grants god,the god grants peace satisfy heart,the god grants peace satisfy heart
from     lake     horizon     sky     god     emerges,god emerges from lake horizon sky,god emerges from lake horizon sky
/ drink satisfy heart feather eat mouth (truth/maat) / peace / speak,mouth eat / drink / speak feather (truth/maat) heart peace / satisfy,mouth eat / drink / speak feather (truth/maat) heart peace / satisfy
god     (truth/maat)     speak     (no/not)     heart     feather     negation     /     thing     deity,negation (no/not) speak thing heart feather (truth/maat) god / deity,negation (no/not) speak feather (truth/maat) heart peace / satisfy god / deity
king offering temple gives god,king gives offering temple god,king gives offering temple god
coil rope flax man carries,man carries rope coil flax,man carries rope coil flax
offering peace loaf satisfy altar give (give) conical / to,to give conical loaf (give) offering peace / altar satisfy,to give conical loaf (give) offering peace / altar satisfy
god strength backbone power gives,god gives backbone strength power,god gives backbone strength power
club strength force back / forearm hand power,club strength / force power hand forearm back,club strength / force power hand forearm back
fire lake beside rests man,man rests beside fire lake,man rests beside fire lake
life house soul ka spirit emerge ba,ba soul ka spirit emerge house life,ba soul ka spirit emerge house life
speak heart eat people mouth drink,people eat drink speak mouth heart,people eat drink speak mouth heart
field plow servant pellet hoe man grain,hoe plow field grain pellet man servant,hoe plow field grain pellet man servant
storm star horizon above fire sky mountain,fire storm above sky star horizon mountain,fire storm above sky star horizon mountain
people king power protects city,king protects people city power,king protects city people power
negation     (ankh)     (no/not)     house     return     /     town     city     road     life     retreat     /,negation (no/not) return / retreat road city / town house life (ankh),negation (no/not) return / retreat road city / town gate house life (ankh)
hoe repeated grain field man plows,man plows repeated field hoe grain,man plows repeated field hoe grain
king club house town strength force city,club strength force king city town house,club strength force king city town house
god all town road lord master king city,road city town master lord all king god,road city town master lord all king god
rises god desert from horizon,god rises from desert horizon,god rises from desert horizon
/     heart     woman     birth     mother     begets     /     seated     woman     gives     good     beautiful     youth,beautiful / good woman seated woman mother gives birth / begets youth heart,beautiful / good woman mother gives birth / begets youth heart
grain     sickle     man     pellet     plows     field,man plows field grain pellet sickle,man plows field grain pellet sickle
city house / reed door brick shelter gate town bolt,gate door bolt reed shelter brick house city / town,door bolt gate reed shelter house brick city / town
eye papyrus mouth writing scroll hand book scribe /,writing / scribe book papyrus scroll hand eye mouth,writing / scribe book papyrus scroll hand eye mouth
star gather under people sky,people gather under sky star,people gather under sky star
milk jar in vessel rack jars jar,jars in rack vessel jar milk jar,jars in rack vessel jar milk jar
the god dwells within temple,the god dwells within temple,the god dwells within temple
hill slope return desert / desert hill retreat mountain road to,to return / retreat road mountain desert hill desert hill slope,to return / retreat road mountain desert hill desert hill slope
watches over the city god,the god watches over city,the god watches over city
forearm heart / foot rib hand backbone side,foot forearm hand side / rib backbone heart,foot forearm hand side / rib backbone heart
strength force king power he authority,authority power strength force king he,authority power strength force king he
from emerges underground god the lake,the god emerges from underground lake,the god emerges from underground lake
snake fear people horned viper desert,people fear horned viper snake desert,people fear horned viper snake desert
city reed town field shelter house man,reed shelter house man field town city,reed shelter house man field town city
mountain sky star fire storm horizon hill desert,fire storm sky star horizon mountain desert hill,fire storm sky star horizon mountain desert hill
god power grants strength backbone force,god grants strength force power backbone,god grants power strength force backbone
/ force deity power king skins god strength three / authority fox,three fox skins strength / force power authority king god / deity,three fox skins strength / force power authority king god / deity
town see upon face road eye,eye see face upon road town,eye see face upon road town
the with rules strength king force,the king rules with strength force,the king rules with strength force
sits stability throne king seat,king sits throne seat stability,king sits throne seat stability
house opens city town god gate,god opens gate town city house,god opens gate town city house
god heart satisfy peace grants the,the god grants peace satisfy heart,the god grants peace satisfy heart
king the temple offering gives,the king gives offering temple,the king gives offering temple
head eye head chick owl quail of swallow of ox bird,quail chick swallow head of bird head of ox owl eye,quail chick swallow head of bird head of ox owl eye
live people town city riverbank,people live riverbank city town,people live riverbank city town
great people seated woman god seated man temple deity,temple god deity seated man seated woman people great,temple god deity seated man seated woman people great
plant gather lotus people river,people gather lotus plant river,people gather lotus plant river
field works plows repeated man,man works field plows repeated,man works field plows repeated
peace     man     rests     mat     stool,man rests stool mat peace,man rests stool mat peace
storm above star mountain sky fire horizon,fire storm star sky horizon above mountain,fire storm above sky star horizon mountain
stool     woman     sits     upon     mat,woman sits upon stool mat,woman sits upon stool mat
rests peace man stool mat,man rests stool mat peace,man rests house stool mat peace
side (spirit) (soul) ba ka / foot rib hand backbone forearm,hand forearm foot side / rib backbone ka (spirit) ba (soul),hand forearm foot side / rib backbone ka (spirit) ba (soul)
/ / satisfy father youth peace old man heart venerated marrow,old man venerated / marrow father youth heart peace / satisfy,old man venerated / marrow father youth heart peace / satisfy
hoe     (tills)     servant     plant     /     plows     grain     pellet     field,field plant grain / pellet hoe plows (tills) servant,hoe plows (tills) field plant grain / pellet servant man
road man walks hill desert,man walks road desert hill,man walks road desert hill
walks west road man hill mountain,man walks road mountain hill west,man walks road mountain hill west
ripple drinks water vessel man,man drinks water ripple vessel,man drinks water ripple vessel
emerge become ankh scarab life horizon star,become scarab emerge life ankh horizon star,become scarab emerge life ankh horizon star
plows     man     pellet     field     grain,man plows field grain pellet,man plows field grain pellet
force strength gives power god the,the god gives strength force power,the god gives strength force power
basket man handle grain carries,man carries basket handle grain,man carries basket handle grain
power strength protects king people authority,king protects people authority power strength,king protects people authority power strength
heart peace grants god satisfied,god grants peace satisfied heart,god grants peace satisfied heart
force / authority king strength three club skins power fox,three fox skins strength / force club power authority king,three fox skins strength / force club power authority king
become man to (ankh) life become youth placenta,placenta become to become life (ankh) youth man,placenta become to become life (ankh) youth man
soul satisfy peace ba god life heart,peace satisfy heart life soul ba god,peace satisfy heart life soul ba ka spirit
ka heart life god (ba) peace satisfy deity soul (spirit) / (ankh) /,heart peace / satisfy life (ankh) soul (ba) ka (spirit) god / deity,heart peace / satisfy life (ankh) soul (ba) ka (spirit) god / deity
man     road     town     walks     city,man walks road town city,man walks road town city
god truth maat people honor,people honor god truth maat,people honor god truth maat
book papyrus scribe writing scroll scribe hand eye / mouth,scribe writing / scribe book papyrus scroll hand eye mouth,scribe writing / scribe book papyrus scroll hand eye mouth
king people protects power authority,king protects people power authority,king protects people power authority
desert horned people viper fear hill,people fear horned viper desert hill,people fear horned viper desert hill
throne ring power authority seat king,ring throne seat king power authority,ring throne seat king power authority
king people the servant commands,the king commands servant people,the king commands servant people
road man west walks mountain hill,man walks road mountain hill west,man walks road mountain hill west
/ force authority power three king fox club strength skins,three fox skins strength / force club power authority king,three fox skins strength / force club power authority king
/ authority basket / king deity all) (lord god hear listen people /,basket (lord / all) people hear / listen authority king god / deity,basket (lord / all) people hear / listen authority king god / deity
scribe scroll good writing thing book beautiful papyrus,writing scribe papyrus scroll book thing beautiful good,writing scribe papyrus scroll book thing beautiful good
behind house door bolt cobra great,great cobra behind door bolt house,great cobra behind door bolt house
gives bread offering king loaf,king gives offering loaf bread,king gives offering bread loaf
under rests man shelter reed,man rests under reed shelter,man rests under reed shelter
ba feather deity truth god heart maat,feather truth maat god deity heart ba,feather truth maat god deity heart ba
house shelter reed king city sedge town,sedge king reed shelter house city town,sedge king reed shelter house city town
snake people cobra fear storm,people fear snake cobra storm,people fear snake cobra storm
town / youth people old man town city servant road,old man youth servant people city / town town road,old man youth servant people city / town town road
/ ba city emerge ka (spirit) sky horizon star house (soul) town,ba (soul) ka (spirit) emerge house city / town horizon sky star,ba (soul) ka (spirit) emerge house city / town horizon sky star
gives people offering the king bread,the king gives bread offering people,the king gives bread offering people
brings god the peace temple altar,the god brings peace altar temple,the god brings peace altar temple
reed city shelter town sedge house king,sedge king reed shelter house city town,sedge king reed shelter house city town
light people on horizon see,people see light on horizon,people see light on horizon
brick gate adze house chisel cut stone,adze chisel cut brick stone gate house,chisel adze cut brick stone house gate
city     god     temple     king     people     protects,king protects temple god people city,king protects god temple people city
speak satisfy / eat mouth (truth/maat) listen / feather hear / drink maat truth /,mouth eat / drink / speak truth / maat feather (truth/maat) hear / listen satisfy,mouth eat / drink / speak truth / maat feather (truth/maat) hear / listen satisfy
rope     rope     rope     flax     thing     tethering     of     ring     twisted     coil,tethering rope twisted flax coil of rope rope ring thing,tethering rope coil of rope rope twisted flax ring thing
rests stool house man peace mat,man rests stool mat house peace,man rests house stool mat peace
man walks desert hill road,man walks road desert hill,man walks road desert hill
to youth become beautiful placenta good / life (ankh) become,placenta become to become life (ankh) youth beautiful / good,placenta become to become life (ankh) youth beautiful / good
drinks river water man ripple,man drinks water ripple river,man drinks water ripple river
desert fire hill fear people storm,people fear storm fire desert hill,people fear storm fire desert hill
king crown of wears sedge the,the king wears crown of sedge,the king wears crown of sedge
above king throne god mountain seat,throne seat god king above mountain,throne seat god king above mountain
king     city     people     power     rules     town,king rules city town people power,king rules city town people power
star sky owl swallow man hears,man hears owl swallow sky star,man hears owl swallow sky star
stool with basket mat handle ring vessel,stool mat basket with handle ring vessel,stool mat basket with handle ring vessel
god loves maat the truth,the god loves truth maat,the god loves truth maat
ripple vessel man jar drinks water,man drinks water ripple vessel jar,man drinks water ripple jar vessel
mountain sky desert storm hill star fire horizon,fire storm sky star horizon mountain desert hill,fire storm sky star horizon mountain desert hill
heart ka animal life spirit backbone soul belly ba,animal belly backbone heart soul ba ka spirit life,animal belly backbone heart soul ba ka spirit life
become (ankh) to life emerge placenta star become,placenta become to become life (ankh) emerge star,placenta become to become life (ankh) emerge star
lord people rules every king,king rules lord every people,king rules lord every people
star swallow great mountain emerge sky west,swallow great emerge sky star mountain west,swallow great emerge sky star mountain west
rib forearm animal backbone hand foot / side belly,hand forearm foot animal belly backbone side / rib,hand forearm foot animal belly backbone side / rib
loaf eats of man bread,man eats loaf of bread,man eats loaf of bread
lotus river gather plant people,people gather lotus plant river,people gather lotus plant river
heart people mouth speak eat drink,people eat drink speak mouth heart,people eat drink speak mouth heart
house man shelter rests mat reed,man rests reed shelter house mat,man rests house mat reed shelter
bird sees eye / star face upon sky horizon of head,eye sees face / upon head of bird sky star horizon,eye sees face / upon head of bird sky star horizon
ba god ka stability life djed spirit soul ankh star,life ankh stability djed soul ba ka spirit star god,life ankh stability djed soul ba ka spirit star god
loves town city the beautiful king,the king loves beautiful city town,the king loves beautiful city town
papyrus clump river riverbank lotus lake plant,riverbank papyrus clump plant lotus lake river,riverbank papyrus clump plant lotus lake river
found god house exists opens gate,god opens exists found house gate,god opens exists found house gate
king strength king authority power (king) three / / fox skins force he sedge,three fox skins strength / force power authority king he / king sedge (king),three fox skins strength / force power authority king he / king sedge (king)
heart ox head of head life belly soul (ankh) (ba) animal bird of,head of bird head of ox animal belly heart soul (ba) life (ankh),head of bird head of ox animal belly heart soul (ba) life (ankh)
side animal life rib / belly (ankh) backbone (spirit) placenta heart ka,animal belly backbone side / rib placenta heart life (ankh) ka (spirit),animal belly backbone side / rib placenta heart life (ankh) ka (spirit)
life stability god mighty god / power authority (djed) great (ankh),life (ankh) stability (djed) god authority power great / mighty god,life (ankh) stability (djed) god authority power great / mighty god
the emerges god horizon from,the god emerges from horizon,the god emerges from horizon
viper fear people horned snake,people fear horned viper snake,people fear snake horned viper
hoe servant (tills) pellet plant field / grain plows,field plant grain / pellet hoe plows (tills) servant,field plant grain / pellet hoe plows (tills) servant
sky ba soul owl horizon star hear,owl hear soul ba star sky horizon,owl hear soul ba star sky horizon
people town road gate temple follow,people follow road gate temple town,people follow road gate temple town
people all basket god lord love,basket lord all people love god,basket lord all people love god
city riverbank live people town,people live riverbank city town,people live riverbank city town
truth people god maat feather honor,people honor truth maat feather god,people honor truth maat feather god
plant lotus sweet example) as ripple water / like heart (or,heart sweet like / as (or example) lotus plant water ripple,heart sweet like / as (or example) lotus plant water ripple
life to the god brings man,the god brings life to man,the god brings life to man
walks man horizon west river road,man walks road river west horizon,man walks road river west horizon
sees the man god of heart,the god sees heart of man,the god sees heart of man
woman drink eat beautiful jar milk,beautiful woman eat drink milk jar,beautiful woman eat drink milk jar
upon eye see face horizon sky star,eye see face upon sky horizon star,eye see face upon sky horizon star
god life to the people gives,the god gives life to people,the god gives life to people
lotus plant people gather lake,people gather lotus plant lake,people gather lotus plant lake
/ board do eye to senet make thing ring hand,senet board ring thing to do / make hand eye,senet board ring thing to do / make hand eye
vessel carries man jar milk,man carries vessel jar milk,man carries vessel jar milk
people road temple gate follow city,people follow road gate temple city,people follow road gate temple city
force god man gives strength,god gives strength force man,god gives strength force man
birth love beautiful heart good / youth begets mother / gives,mother gives birth / begets youth heart love beautiful / good,mother gives birth / begets youth heart love beautiful / good
reed shelter under rests man,man rests under reed shelter,man rests under reed shelter
live riverbank beside people field,people live beside riverbank field,people live beside riverbank field
gives bread offering king loaf,king gives offering loaf bread,king gives offering bread loaf
horizon sky fire star above storm mountain,fire storm star sky horizon above mountain,fire storm above sky star horizon mountain
grain thing great lord master god pellet mighty thousand,thousand grain pellet thing great mighty god lord master,thousand grain pellet thing great mighty god lord master
make adze cut brick house gate stone,adze cut stone make brick house gate,adze cut stone make brick house gate
speak maat peace mouth heart truth,mouth speak truth maat heart peace,mouth speak truth maat heart peace
the seated king man sits,the king sits seated man,the king sits seated man
god gives power life people,god gives life people power,god gives life people power
road     people     desert     follow     west     horizon,people follow road desert west horizon,people follow road desert west horizon
hand writing eye mouth papyrus book scroll scribe /,writing / scribe book papyrus scroll hand eye mouth,book papyrus scroll writing / scribe hand eye mouth
throne ring seat power king authority,ring throne seat king power authority,ring throne seat king power authority
honor deity people temple god,people honor god deity temple,people honor god deity temple
offering / altar peace milk bread of vessel jar loaf jar,loaf of bread milk jar vessel jar offering peace / altar,loaf of bread milk jar vessel jar offering peace / altar
live people field riverbank beside,people live beside riverbank field,people live beside riverbank field
walks hill west man road mountain,man walks road mountain hill west,man walks road mountain hill west
people desert hill fear storm fire,people fear storm fire desert hill,people fear storm fire desert hill
youth begets father life birth / gives ankh / mother,father mother gives birth / begets youth life / ankh,father mother gives birth / begets youth life / ankh
viper horned stone rib behind brick side house,horned viper behind side rib stone brick house,horned viper behind side rib stone brick house
drink jar / bread milk loaf of jar mouth / eat speak,mouth eat / drink / speak loaf of bread milk jar jar,mouth eat / drink / speak loaf of bread milk jar jar
live     field     house     riverbank     people,people live riverbank field house,people live riverbank field house
road man horizon toward follows,man follows road toward horizon,man follows road toward horizon
strength authority king mighty power force great,authority power great mighty king strength force,authority power great mighty king strength force
road city bolt gate town house door,road city town house gate door bolt,road city town house gate door bolt
gate town house stone brick / town city,gate house brick stone city / town town,gate house brick stone city / town town
emerges horizon mountain west god sky,god emerges sky horizon west mountain,god emerges sky horizon west mountain
pillar sits stability king throne seat,king sits throne seat pillar stability,king sits throne seat pillar stability
king city town rules power people,king rules city town people power,king rules city town people power
road slope upon west foot face desert hill,foot face upon road hill slope desert west,foot face upon road hill slope desert west
owl bird animal quail of head chick swallow belly,quail chick swallow owl head of bird animal belly,quail chick swallow owl head of bird animal belly
man beside stone pillar rests,man rests beside stone pillar,man rests beside stone pillar
swallow owl chick of head head ox quail bird of,quail chick swallow owl head of bird head of ox,quail chick swallow owl head of bird head of ox
sits seat throne power stability king,king sits throne seat stability power,king sits throne seat power stability
drinks water man riverbank ripple,man drinks water ripple riverbank,man drinks water ripple riverbank
walks man road mountain beside,man walks road beside mountain,man walks road beside mountain
papyrus / single scroll writing thing (plural marker) stroke stroke book scribe,single stroke stroke (plural marker) thing writing / scribe book papyrus scroll,single stroke stroke (plural marker) papyrus scroll book writing / scribe thing
ring senet hand to board make thing do /,senet board ring thing to do / make hand,senet board ring thing to do / make hand
holds power king authority strength backbone,king holds authority power backbone strength,king holds authority power backbone strength
people     desert     follow     road     across,people follow road across desert,people follow road across desert
peace gives altar offering king,king gives offering peace altar,king gives offering peace altar
offering thousand god / / jar pellet deity vessel grain,thousand grain / pellet vessel jar offering god / deity,thousand grain / pellet vessel jar offering god / deity
sedge king power mighty king great (king) / authority / he ring,king he / king sedge (king) authority power great / mighty ring,king he / king sedge (king) authority power great / mighty ring
offering temple honor deity god people,people honor god deity temple offering,people honor god deity temple offering
horizon fire storm sky mountain above star,fire storm star sky horizon above mountain,fire storm above sky star horizon mountain
belly     backbone     desert     hare     heart     life     animal,desert hare animal belly backbone heart life,desert hare animal belly backbone heart life (ankh)
sees / upon bird face sky head of star horizon eye,eye sees face / upon head of bird sky star horizon,eye sees face / upon head of bird sky star horizon
scroll book eye clump scribe / papyrus scribe papyrus writing,scribe writing / scribe book papyrus scroll papyrus clump eye,scribe writing / scribe book papyrus scroll papyrus clump eye
authority city town power rules king,king rules city town authority power,king rules city town power authority
fears great storm the heart,the heart fears great storm,the heart fears great storm
god spirit ka ankh life gives,god gives life ankh ka spirit,god gives life ankh ka spirit
grain pellet sickle man field servant cut,sickle cut grain pellet field man servant,sickle cut grain pellet field servant man
rope twisted coil of flax tethering vessel rope rope ring,tethering rope twisted flax rope coil of rope ring vessel,tethering rope twisted flax rope coil of rope ring vessel
horizon life ba soul spirit emerge ka,ka spirit ba soul emerge life horizon,ka spirit ba soul emerge life horizon
the city over god watches,the god watches over city,the god watches over city
god thousand deity offering jar grain / pellet / vessel,thousand grain / pellet vessel jar offering god / deity,thousand grain / pellet vessel jar offering god / deity
plows hoe man tills field grain,man plows tills field hoe grain,man plows tills field hoe grain
thing lord make god deity / fear king do / (no/not) negation,negation (no/not) do / make thing fear god / deity king lord,negation (no/not) do / make thing fear god / deity king lord
man walks toward west horizon road,man walks road toward west horizon,man walks road toward west horizon
papyrus scroll scribe / scribe stroke single book writing stroke eye marker) (plural,single stroke stroke (plural marker) papyrus scroll book scribe writing / scribe eye,single stroke stroke (plural marker) papyrus scroll book scribe writing / scribe eye
every lord bread eat loaf people,lord every people eat loaf bread,lord every people eat loaf bread
power grants authority god people king,god grants power authority king people,god grants power authority king people
throne sits djed pillar king stability,king sits throne stability pillar djed,king sits throne stability pillar djed
to god loaf / offering satisfy (give) conical give peace deity heart,conical loaf (give) to give offering peace / satisfy heart god deity,conical loaf (give) to give offering peace / satisfy heart god deity
people mouth heart king god hears,king hears heart mouth people god,king hears heart mouth people god
foot / (soul) (spirit) ka ba backbone rib forearm side hand,hand forearm foot side / rib backbone ka (spirit) ba (soul),hand forearm foot side / rib backbone ka (spirit) ba (soul)
scarab soul (spirit) emerge ka (ankh) (ba) to become life,to become scarab emerge life (ankh) soul (ba) ka (spirit),to become scarab emerge life (ankh) soul (ba) ka (spirit)
west god underground emerges mountain,god emerges underground west mountain,god emerges underground mountain west
ankh     life     god     grants     the,the god grants life ankh,the god grants life ankh
twisted     flax     ring     rope     of     vessel     tethering     rope     rope     coil,tethering rope twisted flax rope coil of rope ring vessel,twisted flax rope coil of rope ring vessel jar stone
authority holds lord king thousand every,king holds authority lord every thousand,king holds authority lord every thousand
chisel stone gate house adze brick,chisel adze stone brick house gate,chisel adze stone brick house gate
scribe / scribe eye mouth papyrus scroll writing book hand,scribe writing / scribe book papyrus scroll hand eye mouth,scribe writing / scribe book papyrus scroll hand eye mouth
milk of offering jar peace jar / loaf loaf bread altar (give) conical,conical loaf (give) offering peace / altar loaf of bread milk jar jar,conical loaf (give) offering peace / altar loaf of bread milk jar jar
hoe sickle grain pellet servant field man / (tills) plows cut,sickle cut grain / pellet field servant man hoe plows (tills),sickle cut grain / pellet field servant man hoe plows (tills)
desert     hill     fire     above     storm     sky     mountain,storm fire above mountain desert hill sky,storm fire above mountain desert hill sky
life of belly heart ox head animal,head of ox animal belly heart life,head of ox animal belly heart life
water     riverbank     plant     lotus     river     lake     ripple,lake river riverbank water ripple lotus plant,lake river riverbank water ripple lotus plant
backbone power god strength grants force,god grants strength force power backbone,god grants strength force power backbone
seated man the sits king,the king sits seated man,the king sits seated man
mat man rests on stool,man rests on stool mat,man rests on stool mat
power     god     people     gives     life,god gives life people power,god gives life people power
loaf altar bread of satisfy offering peace,loaf of bread offering peace altar satisfy,loaf of bread offering peace altar satisfy
